[2026-04-03 11:24:13Z INFO HostContext] No proxy settings were found based on environmental variables (http_proxy/https_proxy/HTTP_PROXY/HTTPS_PROXY)
[2026-04-03 11:24:13Z INFO HostContext] Well known directory 'Bin': 'D:\코딩\mlops_sentiment_api\actions-runner\actions-runner\bin'
[2026-04-03 11:24:13Z INFO HostContext] Well known directory 'Root': 'D:\코딩\mlops_sentiment_api\actions-runner\actions-runner'
[2026-04-03 11:24:13Z INFO HostContext] Well known config file 'Credentials': 'D:\코딩\mlops_sentiment_api\actions-runner\actions-runner\.credentials'
[2026-04-03 11:24:13Z INFO HostContext] Well known directory 'Bin': 'D:\코딩\mlops_sentiment_api\actions-runner\actions-runner\bin'
[2026-04-03 11:24:13Z INFO HostContext] Well known directory 'Root': 'D:\코딩\mlops_sentiment_api\actions-runner\actions-runner'
[2026-04-03 11:24:13Z INFO HostContext] Well known config file 'Runner': 'D:\코딩\mlops_sentiment_api\actions-runner\actions-runner\.runner'
[2026-04-03 11:24:13Z INFO Worker] Version: 2.333.1
[2026-04-03 11:24:13Z INFO Worker] Commit: 6792966801e8925346735b68c03bf9f347af4646
[2026-04-03 11:24:13Z INFO Worker] Culture: ko-KR
[2026-04-03 11:24:13Z INFO Worker] UI Culture: ko-KR
[2026-04-03 11:24:13Z INFO Worker] Waiting to receive the job message from the channel.
[2026-04-03 11:24:13Z INFO ProcessChannel] Receiving message of length 23550, with hash '66fc9f434f4cf805550ed8757763de21dca6eae32172ae268deda4d7a9fa7560'
[2026-04-03 11:24:13Z INFO Worker] Message received.
[2026-04-03 11:24:13Z INFO Worker] Job message:
 {
  "environmentVariables": [
    {
      "type": 2,
      "file": 1,
      "line": 10,
      "col": 3,
      "map": [
        {
          "key": {
            "type": 0,
            "file": 1,
            "line": 10,
            "col": 3,
            "lit": "FORCE_JAVASCRIPT_ACTIONS_TO_NODE24"
          },
          "value": {
            "type": 0,
            "file": 1,
            "line": 10,
            "col": 39,
            "lit": "true"
          }
        }
      ]
    }
  ],
  "fileTable": [
    ".github/workflows/ci.yml"
  ],
  "mask": [
    {
      "type": "regex",
      "value": "***"
    },
    {
      "type": "regex",
      "value": "***"
    },
    {
      "type": "regex",
      "value": "***"
    },
    {
      "type": "regex",
      "value": "***"
    },
    {
      "type": "regex",
      "value": "***"
    },
    {
      "type": "regex",
      "value": "***"
    },
    {
      "type": "regex",
      "value": "***"
    },
    {
      "type": "regex",
      "value": "***"
    },
    {
      "type": "regex",
      "value": "***"
    },
    {
      "type": "regex",
      "value": "***"
    },
    {
      "type": "regex",
      "value": "***"
    },
    {
      "type": "regex",
      "value": "***"
    },
    {
      "type": "regex",
      "value": "***"
    },
    {
      "type": "regex",
      "value": "***"
    },
    {
      "type": "regex",
      "value": "***"
    },
    {
      "type": "regex",
      "value": "***"
    },
    {
      "type": "regex",
      "value": "***"
    },
    {
      "type": "regex",
      "value": "***"
    }
  ],
  "steps": [
    {
      "type": "action",
      "reference": {
        "type": "repository",
        "name": "docker/login-action",
        "ref": "v3",
        "repositoryType": "GitHub"
      },
      "displayNameToken": {
        "type": 0,
        "file": 1,
        "line": 52,
        "col": 15,
        "lit": "Log in to Docker Hub"
      },
      "contextName": "__docker_login-action",
      "inputs": {
        "type": 2,
        "file": 1,
        "line": 55,
        "col": 11,
        "map": [
          {
            "key": {
              "type": 0,
              "file": 1,
              "line": 55,
              "col": 11,
              "lit": "username"
            },
            "value": {
              "type": 3,
              "file": 1,
              "line": 55,
              "col": 21,
              "expr": "secrets.DOCKERHUB_USERNAME"
            }
          },
          {
            "key": {
              "type": 0,
              "file": 1,
              "line": 56,
              "col": 11,
              "lit": "password"
            },
            "value": {
              "type": 3,
              "file": 1,
              "line": 56,
              "col": 21,
              "expr": "secrets.DOCKERHUB_TOKEN"
            }
          }
        ]
      },
      "condition": "success()",
      "id": "2f9d02a1-9b4f-49cc-96bd-0bea468907a7",
      "name": "__docker_login-action"
    },
    {
      "type": "action",
      "reference": {
        "type": "script"
      },
      "displayNameToken": {
        "type": 0,
        "file": 1,
        "line": 59,
        "col": 15,
        "lit": "Check Docker is running"
      },
      "contextName": "__run",
      "inputs": {
        "type": 2,
        "map": [
          {
            "key": "script",
            "value": {
              "type": 0,
              "file": 1,
              "line": 61,
              "col": 14,
              "lit": "docker info"
            }
          },
          {
            "key": "shell",
            "value": {
              "type": 0,
              "file": 1,
              "line": 60,
              "col": 16,
              "lit": "cmd"
            }
          }
        ]
      },
      "condition": "success()",
      "id": "006fa1de-c0db-452a-ae42-af9007efa963",
      "name": "__run"
    },
    {
      "type": "action",
      "reference": {
        "type": "script"
      },
      "displayNameToken": {
        "type": 0,
        "file": 1,
        "line": 64,
        "col": 15,
        "lit": "Pull latest image from Docker Hub"
      },
      "contextName": "__run_2",
      "inputs": {
        "type": 2,
        "map": [
          {
            "key": "script",
            "value": {
              "type": 3,
              "file": 1,
              "line": 66,
              "col": 14,
              "expr": "format('docker pull {0}/mlops-sentiment-api:latest', secrets.DOCKERHUB_USERNAME)"
            }
          },
          {
            "key": "shell",
            "value": {
              "type": 0,
              "file": 1,
              "line": 65,
              "col": 16,
              "lit": "cmd"
            }
          }
        ]
      },
      "condition": "success()",
      "id": "630d39e9-18ef-4d7e-abea-f1500c9427d0",
      "name": "__run_2"
    },
    {
      "type": "action",
      "reference": {
        "type": "script"
      },
      "displayNameToken": {
        "type": 0,
        "file": 1,
        "line": 69,
        "col": 15,
        "lit": "Stop existing container"
      },
      "contextName": "__run_3",
      "inputs": {
        "type": 2,
        "map": [
          {
            "key": "script",
            "value": {
              "type": 0,
              "file": 1,
              "line": 71,
              "col": 14,
              "lit": "docker stop mlops-api-container"
            }
          },
          {
            "key": "shell",
            "value": {
              "type": 0,
              "file": 1,
              "line": 70,
              "col": 16,
              "lit": "cmd"
            }
          }
        ]
      },
      "condition": "success()",
      "continueOnError": {
        "type": 5,
        "file": 1,
        "line": 72,
        "col": 28,
        "bool": true
      },
      "id": "17335f45-ed70-42ca-82e0-ae6f4bde341b",
      "name": "__run_3"
    },
    {
      "type": "action",
      "reference": {
        "type": "script"
      },
      "displayNameToken": {
        "type": 0,
        "file": 1,
        "line": 75,
        "col": 15,
        "lit": "Remove existing container"
      },
      "contextName": "__run_4",
      "inputs": {
        "type": 2,
        "map": [
          {
            "key": "script",
            "value": {
              "type": 0,
              "file": 1,
              "line": 77,
              "col": 14,
              "lit": "docker rm mlops-api-container"
            }
          },
          {
            "key": "shell",
            "value": {
              "type": 0,
              "file": 1,
              "line": 76,
              "col": 16,
              "lit": "cmd"
            }
          }
        ]
      },
      "condition": "success()",
      "continueOnError": {
        "type": 5,
        "file": 1,
        "line": 78,
        "col": 28,
        "bool": true
      },
      "id": "25c3a17b-fd8d-4f50-b2a0-410f50bba31c",
      "name": "__run_4"
    },
    {
      "type": "action",
      "reference": {
        "type": "script"
      },
      "displayNameToken": {
        "type": 0,
        "file": 1,
        "line": 81,
        "col": 15,
        "lit": "Run new container"
      },
      "contextName": "__run_5",
      "inputs": {
        "type": 2,
        "map": [
          {
            "key": "script",
            "value": {
              "type": 3,
              "file": 1,
              "line": 83,
              "col": 14,
              "expr": "format('docker run -d --name mlops-api-container --restart unless-stopped -p 8000:8000 {0}/mlops-sentiment-api:latest', secrets.DOCKERHUB_USERNAME)"
            }
          },
          {
            "key": "shell",
            "value": {
              "type": 0,
              "file": 1,
              "line": 82,
              "col": 16,
              "lit": "cmd"
            }
          }
        ]
      },
      "condition": "success()",
      "id": "e1f86e13-fa4d-4eba-ac62-7421896bcc86",
      "name": "__run_5"
    },
    {
      "type": "action",
      "reference": {
        "type": "script"
      },
      "displayNameToken": {
        "type": 0,
        "file": 1,
        "line": 86,
        "col": 15,
        "lit": "Verify deployment"
      },
      "contextName": "__run_6",
      "inputs": {
        "type": 2,
        "map": [
          {
            "key": "script",
            "value": {
              "type": 0,
              "file": 1,
              "line": 88,
              "col": 14,
              "lit": "docker ps --filter \"name=mlops-api-container\" --format \"table {{.Names}}\\t{{.Status}}\\t{{.Ports}}\""
            }
          },
          {
            "key": "shell",
            "value": {
              "type": 0,
              "file": 1,
              "line": 87,
              "col": 16,
              "lit": "cmd"
            }
          }
        ]
      },
      "condition": "success()",
      "id": "dcfb531c-042c-4478-a097-4b2f6757a804",
      "name": "__run_6"
    }
  ],
  "variables": {
    "Actions.EnableHttpRedirects": {
      "value": "true"
    },
    "DOCKERHUB_TOKEN": {
      "value": "***",
      "isSecret": true
    },
    "DOCKERHUB_USERNAME": {
      "value": "***",
      "isSecret": true
    },
    "DistributedTask.AddWarningToNode12Action": {
      "value": "true"
    },
    "DistributedTask.AddWarningToNode16Action": {
      "value": "true"
    },
    "DistributedTask.AllowRunnerContainerHooks": {
      "value": "true"
    },
    "DistributedTask.DeprecateStepOutputCommands": {
      "value": "true"
    },
    "DistributedTask.DetailUntarFailure": {
      "value": "true"
    },
    "DistributedTask.EnableCompositeActions": {
      "value": "true"
    },
    "DistributedTask.EnableJobServerQueueTelemetry": {
      "value": "true"
    },
    "DistributedTask.EnhancedAnnotations": {
      "value": "true"
    },
    "DistributedTask.ForceGithubJavascriptActionsToNode16": {
      "value": "true"
    },
    "DistributedTask.ForceGithubJavascriptActionsToNode20": {
      "value": "true"
    },
    "DistributedTask.LogTemplateErrorsAsDebugMessages": {
      "value": "true"
    },
    "DistributedTask.MarkJobAsFailedOnWorkerCrash": {
      "value": "true"
    },
    "DistributedTask.NewActionMetadata": {
      "value": "true"
    },
    "DistributedTask.UploadStepSummary": {
      "value": "true"
    },
    "DistributedTask.UseActionArchiveCache": {
      "value": "true"
    },
    "DistributedTask.UseWhich2": {
      "value": "true"
    },
    "RunService.FixEmbeddedIssues": {
      "value": "true"
    },
    "actions.runner.requirenode24": {
      "value": "false"
    },
    "actions.runner.usenode24bydefault": {
      "value": "false"
    },
    "actions.runner.warnonnode20": {
      "value": "true"
    },
    "actions_add_check_run_id_to_job_context": {
      "value": "true"
    },
    "actions_batch_action_resolution": {
      "value": "false"
    },
    "actions_container_action_runner_temp": {
      "value": "true"
    },
    "actions_display_helpful_actions_download_errors": {
      "value": "true"
    },
    "actions_runner_compare_workflow_parser": {
      "value": "false"
    },
    "actions_runner_deprecate_linux_arm32": {
      "value": "false"
    },
    "actions_runner_emit_composite_markers": {
      "value": "false"
    },
    "actions_runner_kill_linux_arm32": {
      "value": "false"
    },
    "actions_runner_node20_removal_date": {
      "value": ""
    },
    "actions_runner_node24_default_date": {
      "value": ""
    },
    "actions_service_container_command": {
      "value": "true"
    },
    "actions_set_orchestration_id_env_for_actions": {
      "value": "true"
    },
    "actions_skip_retry_complete_job_upon_known_errors": {
      "value": "true"
    },
    "actions_snapshot_preflight_hosted_runner_check": {
      "value": "false"
    },
    "actions_snapshot_preflight_image_gen_pool_check": {
      "value": "false"
    },
    "actions_use_bearer_token_for_codeload": {
      "value": "false"
    },
    "actions_uses_cache_service_v2": {
      "value": "true"
    },
    "github_token": {
      "value": "***",
      "isSecret": true
    },
    "system.from_run_service": {
      "value": "true"
    },
    "system.github.job": {
      "value": "deploy-to-local"
    },
    "system.github.launch_endpoint": {
      "value": "https://launch.actions.githubusercontent.com"
    },
    "system.github.results_endpoint": {
      "value": "https://results-receiver.actions.githubusercontent.com/"
    },
    "system.github.results_upload_with_sdk": {
      "value": "true"
    },
    "system.github.token": {
      "value": "***",
      "isSecret": true
    },
    "system.github.token.permissions": {
      "value": "{\"Contents\":\"read\",\"Metadata\":\"read\",\"Packages\":\"read\"}"
    },
    "system.orchestrationId": {
      "value": "b4d7e213-e83e-46a3-9d73-1857a15b4a9d.deploy-to-local.__default"
    },
    "system.phaseDisplayName": {
      "value": "deploy-to-local"
    },
    "system.runner.lowdiskspacethreshold": {
      "value": "100"
    },
    "system.runnerEnvironment": {
      "value": "self-hosted"
    },
    "system.runnerGroupName": {
      "value": "Default"
    }
  },
  "messageType": "RunnerJobRequest",
  "plan": {
    "scopeIdentifier": "00000000-0000-0000-0000-000000000000",
    "planType": "actions",
    "version": 0,
    "planId": "b4d7e213-e83e-46a3-9d73-1857a15b4a9d",
    "planGroup": null,
    "artifactUri": null,
    "artifactLocation": null,
    "definition": null,
    "owner": null
  },
  "timeline": {
    "id": "b4d7e213-e83e-46a3-9d73-1857a15b4a9d",
    "changeId": 0,
    "location": null
  },
  "jobId": "56239543-aee0-5e72-979d-8fdf72c02e8d",
  "jobDisplayName": "deploy-to-local",
  "jobName": "__default",
  "requestId": 0,
  "lockedUntil": "0001-01-01T00:00:00",
  "resources": {
    "endpoints": [
      {
        "data": {
          "ServerId": "",
          "ServerName": "",
          "CacheServerUrl": "https://artifactcache.actions.githubusercontent.com/z49N8K4gn7qMzcLyfyIpqMLYf9jT4Ucg5zUAjGS2CgmPKPzEWX/",
          "FeedStreamUrl": "wss://results-receiver.actions.githubusercontent.com/_ws/ingest.sock",
          "ResultsServiceUrl": "https://results-receiver.actions.githubusercontent.com/",
          "PipelinesServiceUrl": "https://pipelinesghubeus2.actions.githubusercontent.com/z49N8K4gn7qMzcLyfyIpqMLYf9jT4Ucg5zUAjGS2CgmPKPzEWX/",
          "GenerateIdTokenUrl": "",
          "ConnectivityChecks": "[\"https://broker.actions.githubusercontent.com/health\",\"https://token.actions.githubusercontent.com/ready\",\"https://run.actions.githubusercontent.com/health\"]"
        },
        "name": "SystemVssConnection",
        "url": "https://run-actions-2-azure-eastus.actions.githubusercontent.com/78/",
        "authorization": {
          "parameters": {
            "AccessToken": "***"
          },
          "scheme": "OAuth"
        },
        "isShared": false,
        "isReady": true
      }
    ]
  },
  "contextData": {
    "github": {
      "t": 2,
      "d": [
        {
          "k": "ref",
          "v": "refs/heads/main"
        },
        {
          "k": "sha",
          "v": "a5f455491a3a945ad806a0e75e3d080018c8314c"
        },
        {
          "k": "repository",
          "v": "minjik39/opensource-hw2"
        },
        {
          "k": "repository_owner",
          "v": "minjik39"
        },
        {
          "k": "repository_owner_id",
          "v": "139597629"
        },
        {
          "k": "repositoryUrl",
          "v": "git://github.com/minjik39/opensource-hw2.git"
        },
        {
          "k": "run_id",
          "v": "23944402804"
        },
        {
          "k": "run_number",
          "v": "9"
        },
        {
          "k": "retention_days",
          "v": "90"
        },
        {
          "k": "run_attempt",
          "v": "1"
        },
        {
          "k": "artifact_cache_size_limit",
          "v": "10"
        },
        {
          "k": "repository_visibility",
          "v": "public"
        },
        {
          "k": "actor_id",
          "v": "139597629"
        },
        {
          "k": "actor",
          "v": "minjik39"
        },
        {
          "k": "workflow",
          "v": "CI/CD Pipeline for ML API"
        },
        {
          "k": "head_ref",
          "v": ""
        },
        {
          "k": "base_ref",
          "v": ""
        },
        {
          "k": "event_name",
          "v": "push"
        },
        {
          "k": "server_url",
          "v": "https://github.com"
        },
        {
          "k": "api_url",
          "v": "https://api.github.com"
        },
        {
          "k": "graphql_url",
          "v": "https://api.github.com/graphql"
        },
        {
          "k": "ref_name",
          "v": "main"
        },
        {
          "k": "ref_protected",
          "v": false
        },
        {
          "k": "ref_type",
          "v": "branch"
        },
        {
          "k": "secret_source",
          "v": "Actions"
        },
        {
          "k": "event",
          "v": {
            "t": 2,
            "d": [
              {
                "k": "after",
                "v": "a5f455491a3a945ad806a0e75e3d080018c8314c"
              },
              {
                "k": "base_ref",
                "v": null
              },
              {
                "k": "before",
                "v": "de73ee44c532c46c9fe6d3a291251f0b4feb6baf"
              },
              {
                "k": "commits",
                "v": {
                  "t": 1,
                  "a": [
                    {
                      "t": 2,
                      "d": [
                        {
                          "k": "author",
                          "v": {
                            "t": 2,
                            "d": [
                              {
                                "k": "email",
                                "v": "knight44014@gmail.com"
                              },
                              {
                                "k": "name",
                                "v": "minjik39"
                              },
                              {
                                "k": "username",
                                "v": "minjik39"
                              }
                            ]
                          }
                        },
                        {
                          "k": "committer",
                          "v": {
                            "t": 2,
                            "d": [
                              {
                                "k": "email",
                                "v": "knight44014@gmail.com"
                              },
                              {
                                "k": "name",
                                "v": "minjik39"
                              },
                              {
                                "k": "username",
                                "v": "minjik39"
                              }
                            ]
                          }
                        },
                        {
                          "k": "distinct",
                          "v": true
                        },
                        {
                          "k": "id",
                          "v": "a5f455491a3a945ad806a0e75e3d080018c8314c"
                        },
                        {
                          "k": "message",
                          "v": "refactor: enhance code robustness and fix TypeError in inference"
                        },
                        {
                          "k": "timestamp",
                          "v": "2026-04-03T20:20:22+09:00"
                        },
                        {
                          "k": "tree_id",
                          "v": "18cf8a69570b56b42002dd02a3b6786c31b375be"
                        },
                        {
                          "k": "url",
                          "v": "https://github.com/minjik39/opensource-hw2/commit/a5f455491a3a945ad806a0e75e3d080018c8314c"
                        }
                      ]
                    }
                  ]
                }
              },
              {
                "k": "compare",
                "v": "https://github.com/minjik39/opensource-hw2/compare/de73ee44c532...a5f455491a3a"
              },
              {
                "k": "created",
                "v": false
              },
              {
                "k": "deleted",
                "v": false
              },
              {
                "k": "forced",
                "v": false
              },
              {
                "k": "head_commit",
                "v": {
                  "t": 2,
                  "d": [
                    {
                      "k": "author",
                      "v": {
                        "t": 2,
                        "d": [
                          {
                            "k": "email",
                            "v": "knight44014@gmail.com"
                          },
                          {
                            "k": "name",
                            "v": "minjik39"
                          },
                          {
                            "k": "username",
                            "v": "minjik39"
                          }
                        ]
                      }
                    },
                    {
                      "k": "committer",
                      "v": {
                        "t": 2,
                        "d": [
                          {
                            "k": "email",
                            "v": "knight44014@gmail.com"
                          },
                          {
                            "k": "name",
                            "v": "minjik39"
                          },
                          {
                            "k": "username",
                            "v": "minjik39"
                          }
                        ]
                      }
                    },
                    {
                      "k": "distinct",
                      "v": true
                    },
                    {
                      "k": "id",
                      "v": "a5f455491a3a945ad806a0e75e3d080018c8314c"
                    },
                    {
                      "k": "message",
                      "v": "refactor: enhance code robustness and fix TypeError in inference"
                    },
                    {
                      "k": "timestamp",
                      "v": "2026-04-03T20:20:22+09:00"
                    },
                    {
                      "k": "tree_id",
                      "v": "18cf8a69570b56b42002dd02a3b6786c31b375be"
                    },
                    {
                      "k": "url",
                      "v": "https://github.com/minjik39/opensource-hw2/commit/a5f455491a3a945ad806a0e75e3d080018c8314c"
                    }
                  ]
                }
              },
              {
                "k": "pusher",
                "v": {
                  "t": 2,
                  "d": [
                    {
                      "k": "email",
                      "v": "139597629+minjik39@users.noreply.github.com"
                    },
                    {
                      "k": "name",
                      "v": "minjik39"
                    }
                  ]
                }
              },
              {
                "k": "ref",
                "v": "refs/heads/main"
              },
              {
                "k": "repository",
                "v": {
                  "t": 2,
                  "d": [
                    {
                      "k": "allow_forking",
                      "v": true
                    },
                    {
                      "k": "archive_url",
                      "v": "https://api.github.com/repos/minjik39/opensource-hw2/{archive_format}{/ref}"
                    },
                    {
                      "k": "archived",
                      "v": false
                    },
                    {
                      "k": "assignees_url",
                      "v": "https://api.github.com/repos/minjik39/opensource-hw2/assignees{/user}"
                    },
                    {
                      "k": "blobs_url",
                      "v": "https://api.github.com/repos/minjik39/opensource-hw2/git/blobs{/sha}"
                    },
                    {
                      "k": "branches_url",
                      "v": "https://api.github.com/repos/minjik39/opensource-hw2/branches{/branch}"
                    },
                    {
                      "k": "clone_url",
                      "v": "https://github.com/minjik39/opensource-hw2.git"
                    },
                    {
                      "k": "collaborators_url",
                      "v": "https://api.github.com/repos/minjik39/opensource-hw2/collaborators{/collaborator}"
                    },
                    {
                      "k": "comments_url",
                      "v": "https://api.github.com/repos/minjik39/opensource-hw2/comments{/number}"
                    },
                    {
                      "k": "commits_url",
                      "v": "https://api.github.com/repos/minjik39/opensource-hw2/commits{/sha}"
                    },
                    {
                      "k": "compare_url",
                      "v": "https://api.github.com/repos/minjik39/opensource-hw2/compare/{base}...{head}"
                    },
                    {
                      "k": "contents_url",
                      "v": "https://api.github.com/repos/minjik39/opensource-hw2/contents/{+path}"
                    },
                    {
                      "k": "contributors_url",
                      "v": "https://api.github.com/repos/minjik39/opensource-hw2/contributors"
                    },
                    {
                      "k": "created_at",
                      "v": 1775196349.0
                    },
                    {
                      "k": "default_branch",
                      "v": "main"
                    },
                    {
                      "k": "deployments_url",
                      "v": "https://api.github.com/repos/minjik39/opensource-hw2/deployments"
                    },
                    {
                      "k": "description",
                      "v": null
                    },
                    {
                      "k": "disabled",
                      "v": false
                    },
                    {
                      "k": "downloads_url",
                      "v": "https://api.github.com/repos/minjik39/opensource-hw2/downloads"
                    },
                    {
                      "k": "events_url",
                      "v": "https://api.github.com/repos/minjik39/opensource-hw2/events"
                    },
                    {
                      "k": "fork",
                      "v": false
                    },
                    {
                      "k": "forks",
                      "v": 0.0
                    },
                    {
                      "k": "forks_count",
                      "v": 0.0
                    },
                    {
                      "k": "forks_url",
                      "v": "https://api.github.com/repos/minjik39/opensource-hw2/forks"
                    },
                    {
                      "k": "full_name",
                      "v": "minjik39/opensource-hw2"
                    },
                    {
                      "k": "git_commits_url",
                      "v": "https://api.github.com/repos/minjik39/opensource-hw2/git/commits{/sha}"
                    },
                    {
                      "k": "git_refs_url",
                      "v": "https://api.github.com/repos/minjik39/opensource-hw2/git/refs{/sha}"
                    },
                    {
                      "k": "git_tags_url",
                      "v": "https://api.github.com/repos/minjik39/opensource-hw2/git/tags{/sha}"
                    },
                    {
                      "k": "git_url",
                      "v": "git://github.com/minjik39/opensource-hw2.git"
                    },
                    {
                      "k": "has_discussions",
                      "v": false
                    },
                    {
                      "k": "has_downloads",
                      "v": true
                    },
                    {
                      "k": "has_issues",
                      "v": true
                    },
                    {
                      "k": "has_pages",
                      "v": false
                    },
                    {
                      "k": "has_projects",
                      "v": true
                    },
                    {
                      "k": "has_pull_requests",
                      "v": true
                    },
                    {
                      "k": "has_wiki",
                      "v": true
                    },
                    {
                      "k": "homepage",
                      "v": null
                    },
                    {
                      "k": "hooks_url",
                      "v": "https://api.github.com/repos/minjik39/opensource-hw2/hooks"
                    },
                    {
                      "k": "html_url",
                      "v": "https://github.com/minjik39/opensource-hw2"
                    },
                    {
                      "k": "id",
                      "v": 1200187896.0
                    },
                    {
                      "k": "is_template",
                      "v": false
                    },
                    {
                      "k": "issue_comment_url",
                      "v": "https://api.github.com/repos/minjik39/opensource-hw2/issues/comments{/number}"
                    },
                    {
                      "k": "issue_events_url",
                      "v": "https://api.github.com/repos/minjik39/opensource-hw2/issues/events{/number}"
                    },
                    {
                      "k": "issues_url",
                      "v": "https://api.github.com/repos/minjik39/opensource-hw2/issues{/number}"
                    },
                    {
                      "k": "keys_url",
                      "v": "https://api.github.com/repos/minjik39/opensource-hw2/keys{/key_id}"
                    },
                    {
                      "k": "labels_url",
                      "v": "https://api.github.com/repos/minjik39/opensource-hw2/labels{/name}"
                    },
                    {
                      "k": "language",
                      "v": "JavaScript"
                    },
                    {
                      "k": "languages_url",
                      "v": "https://api.github.com/repos/minjik39/opensource-hw2/languages"
                    },
                    {
                      "k": "license",
                      "v": null
                    },
                    {
                      "k": "master_branch",
                      "v": "main"
                    },
                    {
                      "k": "merges_url",
                      "v": "https://api.github.com/repos/minjik39/opensource-hw2/merges"
                    },
                    {
                      "k": "milestones_url",
                      "v": "https://api.github.com/repos/minjik39/opensource-hw2/milestones{/number}"
                    },
                    {
                      "k": "mirror_url",
                      "v": null
                    },
                    {
                      "k": "name",
                      "v": "opensource-hw2"
                    },
                    {
                      "k": "node_id",
                      "v": "R_kgDOR4lp-A"
                    },
                    {
                      "k": "notifications_url",
                      "v": "https://api.github.com/repos/minjik39/opensource-hw2/notifications{?since,all,participating}"
                    },
                    {
                      "k": "open_issues",
                      "v": 0.0
                    },
                    {
                      "k": "open_issues_count",
                      "v": 0.0
                    },
                    {
                      "k": "owner",
                      "v": {
                        "t": 2,
                        "d": [
                          {
                            "k": "avatar_url",
                            "v": "https://avatars.githubusercontent.com/u/139597629?v=4"
                          },
                          {
                            "k": "email",
                            "v": "139597629+minjik39@users.noreply.github.com"
                          },
                          {
                            "k": "events_url",
                            "v": "https://api.github.com/users/minjik39/events{/privacy}"
                          },
                          {
                            "k": "followers_url",
                            "v": "https://api.github.com/users/minjik39/followers"
                          },
                          {
                            "k": "following_url",
                            "v": "https://api.github.com/users/minjik39/following{/other_user}"
                          },
                          {
                            "k": "gists_url",
                            "v": "https://api.github.com/users/minjik39/gists{/gist_id}"
                          },
                          {
                            "k": "gravatar_id",
                            "v": ""
                          },
                          {
                            "k": "html_url",
                            "v": "https://github.com/minjik39"
                          },
                          {
                            "k": "id",
                            "v": 139597629.0
                          },
                          {
                            "k": "login",
                            "v": "minjik39"
                          },
                          {
                            "k": "name",
                            "v": "minjik39"
                          },
                          {
                            "k": "node_id",
                            "v": "U_kgDOCFIXPQ"
                          },
                          {
                            "k": "organizations_url",
                            "v": "https://api.github.com/users/minjik39/orgs"
                          },
                          {
                            "k": "received_events_url",
                            "v": "https://api.github.com/users/minjik39/received_events"
                          },
                          {
                            "k": "repos_url",
                            "v": "https://api.github.com/users/minjik39/repos"
                          },
                          {
                            "k": "site_admin",
                            "v": false
                          },
                          {
                            "k": "starred_url",
                            "v": "https://api.github.com/users/minjik39/starred{/owner}{/repo}"
                          },
                          {
                            "k": "subscriptions_url",
                            "v": "https://api.github.com/users/minjik39/subscriptions"
                          },
                          {
                            "k": "type",
                            "v": "User"
                          },
                          {
                            "k": "url",
                            "v": "https://api.github.com/users/minjik39"
                          },
                          {
                            "k": "user_view_type",
                            "v": "public"
                          }
                        ]
                      }
                    },
                    {
                      "k": "private",
                      "v": false
                    },
                    {
                      "k": "pull_request_creation_policy",
                      "v": "all"
                    },
                    {
                      "k": "pulls_url",
                      "v": "https://api.github.com/repos/minjik39/opensource-hw2/pulls{/number}"
                    },
                    {
                      "k": "pushed_at",
                      "v": 1775215094.0
                    },
                    {
                      "k": "releases_url",
                      "v": "https://api.github.com/repos/minjik39/opensource-hw2/releases{/id}"
                    },
                    {
                      "k": "size",
                      "v": 180707.0
                    },
                    {
                      "k": "ssh_url",
                      "v": "git@github.com:minjik39/opensource-hw2.git"
                    },
                    {
                      "k": "stargazers",
                      "v": 0.0
                    },
                    {
                      "k": "stargazers_count",
                      "v": 0.0
                    },
                    {
                      "k": "stargazers_url",
                      "v": "https://api.github.com/repos/minjik39/opensource-hw2/stargazers"
                    },
                    {
                      "k": "statuses_url",
                      "v": "https://api.github.com/repos/minjik39/opensource-hw2/statuses/{sha}"
                    },
                    {
                      "k": "subscribers_url",
                      "v": "https://api.github.com/repos/minjik39/opensource-hw2/subscribers"
                    },
                    {
                      "k": "subscription_url",
                      "v": "https://api.github.com/repos/minjik39/opensource-hw2/subscription"
                    },
                    {
                      "k": "svn_url",
                      "v": "https://github.com/minjik39/opensource-hw2"
                    },
                    {
                      "k": "tags_url",
                      "v": "https://api.github.com/repos/minjik39/opensource-hw2/tags"
                    },
                    {
                      "k": "teams_url",
                      "v": "https://api.github.com/repos/minjik39/opensource-hw2/teams"
                    },
                    {
                      "k": "topics",
                      "v": {
                        "t": 1
                      }
                    },
                    {
                      "k": "trees_url",
                      "v": "https://api.github.com/repos/minjik39/opensource-hw2/git/trees{/sha}"
                    },
                    {
                      "k": "updated_at",
                      "v": "2026-04-03T10:54:01Z"
                    },
                    {
                      "k": "url",
                      "v": "https://api.github.com/repos/minjik39/opensource-hw2"
                    },
                    {
                      "k": "visibility",
                      "v": "public"
                    },
                    {
                      "k": "watchers",
                      "v": 0.0
                    },
                    {
                      "k": "watchers_count",
                      "v": 0.0
                    },
                    {
                      "k": "web_commit_signoff_required",
                      "v": false
                    }
                  ]
                }
              },
              {
                "k": "sender",
                "v": {
                  "t": 2,
                  "d": [
                    {
                      "k": "avatar_url",
                      "v": "https://avatars.githubusercontent.com/u/139597629?v=4"
                    },
                    {
                      "k": "events_url",
                      "v": "https://api.github.com/users/minjik39/events{/privacy}"
                    },
                    {
                      "k": "followers_url",
                      "v": "https://api.github.com/users/minjik39/followers"
                    },
                    {
                      "k": "following_url",
                      "v": "https://api.github.com/users/minjik39/following{/other_user}"
                    },
                    {
                      "k": "gists_url",
                      "v": "https://api.github.com/users/minjik39/gists{/gist_id}"
                    },
                    {
                      "k": "gravatar_id",
                      "v": ""
                    },
                    {
                      "k": "html_url",
                      "v": "https://github.com/minjik39"
                    },
                    {
                      "k": "id",
                      "v": 139597629.0
                    },
                    {
                      "k": "login",
                      "v": "minjik39"
                    },
                    {
                      "k": "node_id",
                      "v": "U_kgDOCFIXPQ"
                    },
                    {
                      "k": "organizations_url",
                      "v": "https://api.github.com/users/minjik39/orgs"
                    },
                    {
                      "k": "received_events_url",
                      "v": "https://api.github.com/users/minjik39/received_events"
                    },
                    {
                      "k": "repos_url",
                      "v": "https://api.github.com/users/minjik39/repos"
                    },
                    {
                      "k": "site_admin",
                      "v": false
                    },
                    {
                      "k": "starred_url",
                      "v": "https://api.github.com/users/minjik39/starred{/owner}{/repo}"
                    },
                    {
                      "k": "subscriptions_url",
                      "v": "https://api.github.com/users/minjik39/subscriptions"
                    },
                    {
                      "k": "type",
                      "v": "User"
                    },
                    {
                      "k": "url",
                      "v": "https://api.github.com/users/minjik39"
                    },
                    {
                      "k": "user_view_type",
                      "v": "public"
                    }
                  ]
                }
              }
            ]
          }
        },
        {
          "k": "workflow_ref",
          "v": "minjik39/opensource-hw2/.github/workflows/ci.yml@refs/heads/main"
        },
        {
          "k": "workflow_sha",
          "v": "a5f455491a3a945ad806a0e75e3d080018c8314c"
        },
        {
          "k": "repository_id",
          "v": "1200187896"
        },
        {
          "k": "triggering_actor",
          "v": "minjik39"
        }
      ]
    },
    "inputs": {
      "t": 2
    },
    "job": {
      "t": 2,
      "d": [
        {
          "k": "check_run_id",
          "v": 69837672993.0
        }
      ]
    },
    "matrix": null,
    "needs": {
      "t": 2,
      "d": [
        {
          "k": "build-and-push",
          "v": {
            "t": 2,
            "d": [
              {
                "k": "result",
                "v": "success"
              },
              {
                "k": "outputs",
                "v": {
                  "t": 2
                }
              }
            ]
          }
        }
      ]
    },
    "strategy": {
      "t": 2,
      "d": [
        {
          "k": "fail-fast",
          "v": true
        },
        {
          "k": "job-index",
          "v": 0.0
        },
        {
          "k": "job-total",
          "v": 1.0
        },
        {
          "k": "max-parallel",
          "v": 1.0
        }
      ]
    },
    "vars": {
      "t": 2
    }
  },
  "billingOwnerId": "U_kgDOCFIXPQ"
}
[2026-04-03 11:24:13Z INFO JobRunner] Job ID 56239543-aee0-5e72-979d-8fdf72c02e8d
[2026-04-03 11:24:13Z INFO ConfigurationStore] currentAssemblyLocation: D:\코딩\mlops_sentiment_api\actions-runner\actions-runner\bin\Runner.Worker.dll
[2026-04-03 11:24:13Z INFO HostContext] Well known directory 'Bin': 'D:\코딩\mlops_sentiment_api\actions-runner\actions-runner\bin'
[2026-04-03 11:24:13Z INFO ConfigurationStore] binPath: D:\코딩\mlops_sentiment_api\actions-runner\actions-runner\bin
[2026-04-03 11:24:13Z INFO HostContext] Well known directory 'Bin': 'D:\코딩\mlops_sentiment_api\actions-runner\actions-runner\bin'
[2026-04-03 11:24:13Z INFO HostContext] Well known directory 'Root': 'D:\코딩\mlops_sentiment_api\actions-runner\actions-runner'
[2026-04-03 11:24:13Z INFO ConfigurationStore] RootFolder: D:\코딩\mlops_sentiment_api\actions-runner\actions-runner
[2026-04-03 11:24:13Z INFO HostContext] Well known directory 'Bin': 'D:\코딩\mlops_sentiment_api\actions-runner\actions-runner\bin'
[2026-04-03 11:24:13Z INFO HostContext] Well known directory 'Root': 'D:\코딩\mlops_sentiment_api\actions-runner\actions-runner'
[2026-04-03 11:24:13Z INFO HostContext] Well known config file 'Runner': 'D:\코딩\mlops_sentiment_api\actions-runner\actions-runner\.runner'
[2026-04-03 11:24:13Z INFO ConfigurationStore] ConfigFilePath: D:\코딩\mlops_sentiment_api\actions-runner\actions-runner\.runner
[2026-04-03 11:24:13Z INFO HostContext] Well known directory 'Bin': 'D:\코딩\mlops_sentiment_api\actions-runner\actions-runner\bin'
[2026-04-03 11:24:13Z INFO HostContext] Well known directory 'Root': 'D:\코딩\mlops_sentiment_api\actions-runner\actions-runner'
[2026-04-03 11:24:13Z INFO HostContext] Well known config file 'MigratedRunner': 'D:\코딩\mlops_sentiment_api\actions-runner\actions-runner\.runner_migrated'
[2026-04-03 11:24:13Z INFO ConfigurationStore] MigratedConfigFilePath: D:\코딩\mlops_sentiment_api\actions-runner\actions-runner\.runner_migrated
[2026-04-03 11:24:13Z INFO HostContext] Well known directory 'Bin': 'D:\코딩\mlops_sentiment_api\actions-runner\actions-runner\bin'
[2026-04-03 11:24:13Z INFO HostContext] Well known directory 'Root': 'D:\코딩\mlops_sentiment_api\actions-runner\actions-runner'
[2026-04-03 11:24:13Z INFO HostContext] Well known config file 'Credentials': 'D:\코딩\mlops_sentiment_api\actions-runner\actions-runner\.credentials'
[2026-04-03 11:24:13Z INFO ConfigurationStore] CredFilePath: D:\코딩\mlops_sentiment_api\actions-runner\actions-runner\.credentials
[2026-04-03 11:24:13Z INFO HostContext] Well known directory 'Bin': 'D:\코딩\mlops_sentiment_api\actions-runner\actions-runner\bin'
[2026-04-03 11:24:13Z INFO HostContext] Well known directory 'Root': 'D:\코딩\mlops_sentiment_api\actions-runner\actions-runner'
[2026-04-03 11:24:13Z INFO HostContext] Well known config file 'MigratedCredentials': 'D:\코딩\mlops_sentiment_api\actions-runner\actions-runner\.credentials_migrated'
[2026-04-03 11:24:13Z INFO ConfigurationStore] MigratedCredFilePath: D:\코딩\mlops_sentiment_api\actions-runner\actions-runner\.credentials_migrated
[2026-04-03 11:24:13Z INFO HostContext] Well known directory 'Bin': 'D:\코딩\mlops_sentiment_api\actions-runner\actions-runner\bin'
[2026-04-03 11:24:13Z INFO HostContext] Well known directory 'Root': 'D:\코딩\mlops_sentiment_api\actions-runner\actions-runner'
[2026-04-03 11:24:13Z INFO HostContext] Well known config file 'Service': 'D:\코딩\mlops_sentiment_api\actions-runner\actions-runner\.service'
[2026-04-03 11:24:13Z INFO ConfigurationStore] ServiceConfigFilePath: D:\코딩\mlops_sentiment_api\actions-runner\actions-runner\.service
[2026-04-03 11:24:13Z INFO ConfigurationStore] Read setting file: 392 chars
[2026-04-03 11:24:13Z INFO JobRunner] Initializing launch client
[2026-04-03 11:24:13Z INFO JobServerQueue] Initializing results client
[2026-04-03 11:24:13Z INFO ResultServer] Creating websocket client ...wss://results-receiver.actions.githubusercontent.com/_ws/ingest.sock
[2026-04-03 11:24:13Z INFO ResultServer] Attempting to start websocket client with delay 00:00:00.
[2026-04-03 11:24:13Z INFO JobServerQueue] Start process web console line queue.
[2026-04-03 11:24:13Z INFO JobServerQueue] Start process file upload queue.
[2026-04-03 11:24:13Z INFO JobServerQueue] Start results file upload queue.
[2026-04-03 11:24:13Z INFO JobServerQueue] Starting results-based upload queue...
[2026-04-03 11:24:13Z INFO JobServerQueue] Start process timeline update queue.
[2026-04-03 11:24:13Z INFO ExecutionContext] Initializing Job context
[2026-04-03 11:24:13Z INFO ExecutionContext] Initialize GitHub context
[2026-04-03 11:24:13Z INFO ExecutionContext] Initialize Env context
[2026-04-03 11:24:13Z INFO HostContext] Well known directory 'Bin': 'D:\코딩\mlops_sentiment_api\actions-runner\actions-runner\bin'
[2026-04-03 11:24:13Z INFO HostContext] Well known directory 'Root': 'D:\코딩\mlops_sentiment_api\actions-runner\actions-runner'
[2026-04-03 11:24:13Z INFO HostContext] Well known directory 'Diag': 'D:\코딩\mlops_sentiment_api\actions-runner\actions-runner\_diag'
[2026-04-03 11:24:13Z INFO HostContext] Well known directory 'Bin': 'D:\코딩\mlops_sentiment_api\actions-runner\actions-runner\bin'
[2026-04-03 11:24:13Z INFO HostContext] Well known directory 'Root': 'D:\코딩\mlops_sentiment_api\actions-runner\actions-runner'
[2026-04-03 11:24:13Z INFO HostContext] Well known directory 'Diag': 'D:\코딩\mlops_sentiment_api\actions-runner\actions-runner\_diag'
[2026-04-03 11:24:13Z INFO JobRunner] Starting the job execution context.
[2026-04-03 11:24:13Z INFO HostContext] Well known directory 'Bin': 'D:\코딩\mlops_sentiment_api\actions-runner\actions-runner\bin'
[2026-04-03 11:24:13Z INFO HostContext] Well known directory 'Root': 'D:\코딩\mlops_sentiment_api\actions-runner\actions-runner'
[2026-04-03 11:24:13Z INFO HostContext] Well known directory 'Work': 'D:\코딩\mlops_sentiment_api\actions-runner\actions-runner\_work'
[2026-04-03 11:24:13Z INFO JobRunner] Validating directory permissions for: 'D:\코딩\mlops_sentiment_api\actions-runner\actions-runner\_work'
[2026-04-03 11:24:13Z INFO HostContext] Well known directory 'Bin': 'D:\코딩\mlops_sentiment_api\actions-runner\actions-runner\bin'
[2026-04-03 11:24:13Z INFO HostContext] Well known directory 'Root': 'D:\코딩\mlops_sentiment_api\actions-runner\actions-runner'
[2026-04-03 11:24:13Z INFO HostContext] Well known directory 'Work': 'D:\코딩\mlops_sentiment_api\actions-runner\actions-runner\_work'
[2026-04-03 11:24:13Z INFO HostContext] Well known directory 'Tools': 'D:\코딩\mlops_sentiment_api\actions-runner\actions-runner\_work\_tool'
[2026-04-03 11:24:13Z INFO HostContext] Well known directory 'Bin': 'D:\코딩\mlops_sentiment_api\actions-runner\actions-runner\bin'
[2026-04-03 11:24:13Z INFO HostContext] Well known directory 'Root': 'D:\코딩\mlops_sentiment_api\actions-runner\actions-runner'
[2026-04-03 11:24:13Z INFO HostContext] Well known directory 'Work': 'D:\코딩\mlops_sentiment_api\actions-runner\actions-runner\_work'
[2026-04-03 11:24:13Z INFO HostContext] Well known directory 'Temp': 'D:\코딩\mlops_sentiment_api\actions-runner\actions-runner\_work\_temp'
[2026-04-03 11:24:13Z INFO JobRunner] Getting job extension.
[2026-04-03 11:24:13Z INFO JobRunner] Initialize job. Getting all job steps.
[2026-04-03 11:24:13Z INFO HostContext] Well known directory 'Bin': 'D:\코딩\mlops_sentiment_api\actions-runner\actions-runner\bin'
[2026-04-03 11:24:13Z INFO HostContext] Well known directory 'Root': 'D:\코딩\mlops_sentiment_api\actions-runner\actions-runner'
[2026-04-03 11:24:13Z INFO HostContext] Well known directory 'Diag': 'D:\코딩\mlops_sentiment_api\actions-runner\actions-runner\_diag'
[2026-04-03 11:24:13Z INFO HostContext] Well known directory 'Bin': 'D:\코딩\mlops_sentiment_api\actions-runner\actions-runner\bin'
[2026-04-03 11:24:13Z INFO HostContext] Well known directory 'Root': 'D:\코딩\mlops_sentiment_api\actions-runner\actions-runner'
[2026-04-03 11:24:13Z INFO HostContext] Well known directory 'Diag': 'D:\코딩\mlops_sentiment_api\actions-runner\actions-runner\_diag'
[2026-04-03 11:24:13Z INFO HostContext] Well known directory 'Bin': 'D:\코딩\mlops_sentiment_api\actions-runner\actions-runner\bin'
[2026-04-03 11:24:13Z INFO HostContext] Well known directory 'Root': 'D:\코딩\mlops_sentiment_api\actions-runner\actions-runner'
[2026-04-03 11:24:13Z INFO HostContext] Well known config file 'Credentials': 'D:\코딩\mlops_sentiment_api\actions-runner\actions-runner\.credentials'
[2026-04-03 11:24:13Z INFO HostContext] Well known directory 'Bin': 'D:\코딩\mlops_sentiment_api\actions-runner\actions-runner\bin'
[2026-04-03 11:24:13Z INFO HostContext] Well known directory 'Root': 'D:\코딩\mlops_sentiment_api\actions-runner\actions-runner'
[2026-04-03 11:24:13Z INFO HostContext] Well known config file 'SetupInfo': 'D:\코딩\mlops_sentiment_api\actions-runner\actions-runner\.setup_info'
[2026-04-03 11:24:13Z INFO HostContext] Well known directory 'Bin': 'D:\코딩\mlops_sentiment_api\actions-runner\actions-runner\bin'
[2026-04-03 11:24:13Z INFO HostContext] Well known directory 'Root': 'D:\코딩\mlops_sentiment_api\actions-runner\actions-runner'
[2026-04-03 11:24:13Z INFO HostContext] Well known directory 'Work': 'D:\코딩\mlops_sentiment_api\actions-runner\actions-runner\_work'
[2026-04-03 11:24:13Z INFO PipelineDirectoryManager] Loading tracking config if exists: D:\코딩\mlops_sentiment_api\actions-runner\actions-runner\_work\_PipelineMapping\minjik39/opensource-hw2\PipelineFolder.json
[2026-04-03 11:24:13Z INFO PipelineDirectoryManager] Updating job run properties.
[2026-04-03 11:24:13Z INFO HostContext] Well known directory 'Bin': 'D:\코딩\mlops_sentiment_api\actions-runner\actions-runner\bin'
[2026-04-03 11:24:13Z INFO HostContext] Well known directory 'Root': 'D:\코딩\mlops_sentiment_api\actions-runner\actions-runner'
[2026-04-03 11:24:13Z INFO HostContext] Well known directory 'Work': 'D:\코딩\mlops_sentiment_api\actions-runner\actions-runner\_work'
[2026-04-03 11:24:13Z INFO HostContext] Well known directory 'Bin': 'D:\코딩\mlops_sentiment_api\actions-runner\actions-runner\bin'
[2026-04-03 11:24:13Z INFO HostContext] Well known directory 'Root': 'D:\코딩\mlops_sentiment_api\actions-runner\actions-runner'
[2026-04-03 11:24:13Z INFO HostContext] Well known directory 'Work': 'D:\코딩\mlops_sentiment_api\actions-runner\actions-runner\_work'
[2026-04-03 11:24:13Z INFO HostContext] Well known directory 'Bin': 'D:\코딩\mlops_sentiment_api\actions-runner\actions-runner\bin'
[2026-04-03 11:24:13Z INFO HostContext] Well known directory 'Root': 'D:\코딩\mlops_sentiment_api\actions-runner\actions-runner'
[2026-04-03 11:24:13Z INFO HostContext] Well known directory 'Work': 'D:\코딩\mlops_sentiment_api\actions-runner\actions-runner\_work'
[2026-04-03 11:24:13Z INFO JobExtension] Downloading actions
[2026-04-03 11:24:13Z INFO HostContext] Well known directory 'Bin': 'D:\코딩\mlops_sentiment_api\actions-runner\actions-runner\bin'
[2026-04-03 11:24:13Z INFO HostContext] Well known directory 'Root': 'D:\코딩\mlops_sentiment_api\actions-runner\actions-runner'
[2026-04-03 11:24:13Z INFO HostContext] Well known directory 'Work': 'D:\코딩\mlops_sentiment_api\actions-runner\actions-runner\_work'
[2026-04-03 11:24:13Z INFO HostContext] Well known directory 'Actions': 'D:\코딩\mlops_sentiment_api\actions-runner\actions-runner\_work\_actions'
[2026-04-03 11:24:13Z INFO Worker] Listening for cancel message from the channel.
[2026-04-03 11:24:13Z INFO Worker] Waiting for the job to complete or for a cancel message from the channel.
[2026-04-03 11:24:14Z INFO ResultServer] Successfully started websocket client.
[2026-04-03 11:24:14Z INFO JobServerQueue] Try to append 1 batches web console lines for record '0c811095-372c-4e05-8034-54be8ecd57b1', success rate: 1/1.
[2026-04-03 11:24:14Z INFO HostContext] Well known directory 'Bin': 'D:\코딩\mlops_sentiment_api\actions-runner\actions-runner\bin'
[2026-04-03 11:24:14Z INFO HostContext] Well known directory 'Root': 'D:\코딩\mlops_sentiment_api\actions-runner\actions-runner'
[2026-04-03 11:24:14Z INFO HostContext] Well known directory 'Work': 'D:\코딩\mlops_sentiment_api\actions-runner\actions-runner\_work'
[2026-04-03 11:24:14Z INFO HostContext] Well known directory 'Actions': 'D:\코딩\mlops_sentiment_api\actions-runner\actions-runner\_work\_actions'
[2026-04-03 11:24:14Z INFO HostContext] Well known directory 'Bin': 'D:\코딩\mlops_sentiment_api\actions-runner\actions-runner\bin'
[2026-04-03 11:24:14Z INFO HostContext] Well known directory 'Root': 'D:\코딩\mlops_sentiment_api\actions-runner\actions-runner'
[2026-04-03 11:24:14Z INFO HostContext] Well known directory 'Work': 'D:\코딩\mlops_sentiment_api\actions-runner\actions-runner\_work'
[2026-04-03 11:24:14Z INFO HostContext] Well known directory 'Actions': 'D:\코딩\mlops_sentiment_api\actions-runner\actions-runner\_work\_actions'
[2026-04-03 11:24:14Z INFO ActionManager] Save archive 'https://api.github.com/repos/docker/login-action/zipball/c94ce9fb468520275223c153574b00df6fe4bcc9' into D:\코딩\mlops_sentiment_api\actions-runner\actions-runner\_work\_actions\_temp_a9469c73-0ee2-4df5-afeb-a95f43e33023\84a252a2-33ee-46f2-b734-ffd3aaef507d.zip.
[2026-04-03 11:24:14Z INFO JobServerQueue] Job timeline record has been updated for the first time.
[2026-04-03 11:24:14Z INFO JobServerQueue] Try to append 1 batches web console lines for record '0c811095-372c-4e05-8034-54be8ecd57b1', success rate: 1/1.
[2026-04-03 11:24:15Z INFO ActionManager] Request URL: https://api.github.com/repos/docker/login-action/zipball/c94ce9fb468520275223c153574b00df6fe4bcc9 X-GitHub-Request-Id: 2E38:28176E:CAA3:5EB03:69CFA2D9 Http Status: OK
[2026-04-03 11:24:15Z INFO ActionManager] Finished getting action repository.
[2026-04-03 11:24:15Z INFO HostContext] Well known directory 'Bin': 'D:\코딩\mlops_sentiment_api\actions-runner\actions-runner\bin'
[2026-04-03 11:24:15Z INFO HostContext] Well known directory 'Root': 'D:\코딩\mlops_sentiment_api\actions-runner\actions-runner'
[2026-04-03 11:24:15Z INFO HostContext] Well known directory 'Work': 'D:\코딩\mlops_sentiment_api\actions-runner\actions-runner\_work'
[2026-04-03 11:24:15Z INFO HostContext] Well known directory 'Actions': 'D:\코딩\mlops_sentiment_api\actions-runner\actions-runner\_work\_actions'
[2026-04-03 11:24:15Z INFO ActionManifestManagerLegacy] Load schema file with definitions: [
  "null",
  "boolean",
  "number",
  "string",
  "sequence",
  "mapping",
  "any",
  "action-root",
  "inputs",
  "input",
  "outputs",
  "output-definition",
  "runs",
  "container-runs",
  "container-runs-args",
  "container-runs-env",
  "node-runs",
  "plugin-runs",
  "composite-runs",
  "composite-steps",
  "composite-step",
  "run-step",
  "uses-step",
  "container-runs-context",
  "output-value",
  "input-default-context",
  "non-empty-string",
  "string-steps-context",
  "boolean-steps-context",
  "step-env",
  "step-if",
  "step-with"
]
[2026-04-03 11:24:15Z INFO ActionManifestManager] Load schema file with definitions: [
  "null",
  "boolean",
  "number",
  "string",
  "sequence",
  "mapping",
  "any",
  "action-root",
  "inputs",
  "input",
  "outputs",
  "output-definition",
  "runs",
  "container-runs",
  "container-runs-args",
  "container-runs-env",
  "node-runs",
  "plugin-runs",
  "composite-runs",
  "composite-steps",
  "composite-step",
  "run-step",
  "uses-step",
  "container-runs-context",
  "output-value",
  "input-default-context",
  "non-empty-string",
  "string-steps-context",
  "boolean-steps-context",
  "step-env",
  "step-if",
  "step-with"
]
[2026-04-03 11:24:15Z INFO HostContext] Well known directory 'Bin': 'D:\코딩\mlops_sentiment_api\actions-runner\actions-runner\bin'
[2026-04-03 11:24:15Z INFO HostContext] Well known directory 'Root': 'D:\코딩\mlops_sentiment_api\actions-runner\actions-runner'
[2026-04-03 11:24:15Z INFO HostContext] Well known directory 'Work': 'D:\코딩\mlops_sentiment_api\actions-runner\actions-runner\_work'
[2026-04-03 11:24:15Z INFO HostContext] Well known directory 'Actions': 'D:\코딩\mlops_sentiment_api\actions-runner\actions-runner\_work\_actions'
[2026-04-03 11:24:15Z INFO ActionManifestManagerLegacy] Ignore action property author.
[2026-04-03 11:24:15Z INFO ActionManifestManagerLegacy] Ignore action property branding.
[2026-04-03 11:24:15Z INFO ActionManifestManagerLegacy] Loaded action.yml file: {
  "name": "Docker Login",
  "description": "GitHub Action to login against a Docker registry",
  "inputs": {
    "type": 2,
    "map": [
      {
        "key": {
          "type": 0,
          "file": 2,
          "line": 10,
          "col": 3,
          "lit": "registry"
        },
        "value": ""
      },
      {
        "key": {
          "type": 0,
          "file": 2,
          "line": 13,
          "col": 3,
          "lit": "username"
        },
        "value": ""
      },
      {
        "key": {
          "type": 0,
          "file": 2,
          "line": 16,
          "col": 3,
          "lit": "password"
        },
        "value": ""
      },
      {
        "key": {
          "type": 0,
          "file": 2,
          "line": 19,
          "col": 3,
          "lit": "ecr"
        },
        "value": ""
      },
      {
        "key": {
          "type": 0,
          "file": 2,
          "line": 22,
          "col": 3,
          "lit": "scope"
        },
        "value": ""
      },
      {
        "key": {
          "type": 0,
          "file": 2,
          "line": 25,
          "col": 3,
          "lit": "logout"
        },
        "value": {
          "type": 0,
          "file": 2,
          "line": 27,
          "col": 14,
          "lit": "true"
        }
      },
      {
        "key": {
          "type": 0,
          "file": 2,
          "line": 29,
          "col": 3,
          "lit": "registry-auth"
        },
        "value": ""
      }
    ]
  },
  "execution": {
    "executionType": "nodeJS",
    "hasPre": false,
    "hasPost": true,
    "script": "dist/index.js",
    "pre": null,
    "post": "dist/index.js",
    "nodeVersion": "node20",
    "cleanupCondition": "always()",
    "initCondition": "always()"
  },
  "deprecated": null
}
[2026-04-03 11:24:15Z INFO ActionManager] Action node.js file: dist/index.js, no more preparation.
[2026-04-03 11:24:15Z INFO HostContext] Well known directory 'Bin': 'D:\코딩\mlops_sentiment_api\actions-runner\actions-runner\bin'
[2026-04-03 11:24:15Z INFO HostContext] Well known directory 'Root': 'D:\코딩\mlops_sentiment_api\actions-runner\actions-runner'
[2026-04-03 11:24:15Z INFO HostContext] Well known directory 'Work': 'D:\코딩\mlops_sentiment_api\actions-runner\actions-runner\_work'
[2026-04-03 11:24:15Z INFO HostContext] Well known directory 'Actions': 'D:\코딩\mlops_sentiment_api\actions-runner\actions-runner\_work\_actions'
[2026-04-03 11:24:15Z INFO ActionManager] Load action that reference repository from 'D:\코딩\mlops_sentiment_api\actions-runner\actions-runner\_work\_actions\docker\login-action\v3'
[2026-04-03 11:24:15Z INFO HostContext] Well known directory 'Bin': 'D:\코딩\mlops_sentiment_api\actions-runner\actions-runner\bin'
[2026-04-03 11:24:15Z INFO HostContext] Well known directory 'Root': 'D:\코딩\mlops_sentiment_api\actions-runner\actions-runner'
[2026-04-03 11:24:15Z INFO HostContext] Well known directory 'Work': 'D:\코딩\mlops_sentiment_api\actions-runner\actions-runner\_work'
[2026-04-03 11:24:15Z INFO HostContext] Well known directory 'Actions': 'D:\코딩\mlops_sentiment_api\actions-runner\actions-runner\_work\_actions'
[2026-04-03 11:24:15Z INFO ActionManifestManagerLegacy] Ignore action property author.
[2026-04-03 11:24:15Z INFO ActionManifestManagerLegacy] Ignore action property branding.
[2026-04-03 11:24:15Z INFO ActionManifestManagerLegacy] Loaded action.yml file: {
  "name": "Docker Login",
  "description": "GitHub Action to login against a Docker registry",
  "inputs": {
    "type": 2,
    "map": [
      {
        "key": {
          "type": 0,
          "file": 2,
          "line": 10,
          "col": 3,
          "lit": "registry"
        },
        "value": ""
      },
      {
        "key": {
          "type": 0,
          "file": 2,
          "line": 13,
          "col": 3,
          "lit": "username"
        },
        "value": ""
      },
      {
        "key": {
          "type": 0,
          "file": 2,
          "line": 16,
          "col": 3,
          "lit": "password"
        },
        "value": ""
      },
      {
        "key": {
          "type": 0,
          "file": 2,
          "line": 19,
          "col": 3,
          "lit": "ecr"
        },
        "value": ""
      },
      {
        "key": {
          "type": 0,
          "file": 2,
          "line": 22,
          "col": 3,
          "lit": "scope"
        },
        "value": ""
      },
      {
        "key": {
          "type": 0,
          "file": 2,
          "line": 25,
          "col": 3,
          "lit": "logout"
        },
        "value": {
          "type": 0,
          "file": 2,
          "line": 27,
          "col": 14,
          "lit": "true"
        }
      },
      {
        "key": {
          "type": 0,
          "file": 2,
          "line": 29,
          "col": 3,
          "lit": "registry-auth"
        },
        "value": ""
      }
    ]
  },
  "execution": {
    "executionType": "nodeJS",
    "hasPre": false,
    "hasPost": true,
    "script": "dist/index.js",
    "pre": null,
    "post": "dist/index.js",
    "nodeVersion": "node20",
    "cleanupCondition": "always()",
    "initCondition": "always()"
  },
  "deprecated": null
}
[2026-04-03 11:24:15Z INFO ActionManager] Action pre node.js file: N/A.
[2026-04-03 11:24:15Z INFO ActionManager] Action node.js file: dist/index.js.
[2026-04-03 11:24:15Z INFO ActionManager] Action post node.js file: dist/index.js.
[2026-04-03 11:24:15Z INFO JobExtension] Adding .
[2026-04-03 11:24:15Z INFO JobExtension] Adding .
[2026-04-03 11:24:15Z INFO JobExtension] Adding .
[2026-04-03 11:24:15Z INFO JobExtension] Adding .
[2026-04-03 11:24:15Z INFO JobExtension] Adding .
[2026-04-03 11:24:15Z INFO JobExtension] Adding .
[2026-04-03 11:24:15Z INFO JobExtension] Adding .
[2026-04-03 11:24:15Z INFO HostContext] Well known directory 'Bin': 'D:\코딩\mlops_sentiment_api\actions-runner\actions-runner\bin'
[2026-04-03 11:24:15Z INFO HostContext] Well known directory 'Root': 'D:\코딩\mlops_sentiment_api\actions-runner\actions-runner'
[2026-04-03 11:24:15Z INFO HostContext] Well known directory 'Diag': 'D:\코딩\mlops_sentiment_api\actions-runner\actions-runner\_diag'
[2026-04-03 11:24:15Z INFO HostContext] Well known directory 'Bin': 'D:\코딩\mlops_sentiment_api\actions-runner\actions-runner\bin'
[2026-04-03 11:24:15Z INFO HostContext] Well known directory 'Root': 'D:\코딩\mlops_sentiment_api\actions-runner\actions-runner'
[2026-04-03 11:24:15Z INFO HostContext] Well known directory 'Diag': 'D:\코딩\mlops_sentiment_api\actions-runner\actions-runner\_diag'
[2026-04-03 11:24:15Z INFO HostContext] Well known directory 'Bin': 'D:\코딩\mlops_sentiment_api\actions-runner\actions-runner\bin'
[2026-04-03 11:24:15Z INFO HostContext] Well known directory 'Root': 'D:\코딩\mlops_sentiment_api\actions-runner\actions-runner'
[2026-04-03 11:24:15Z INFO HostContext] Well known directory 'Diag': 'D:\코딩\mlops_sentiment_api\actions-runner\actions-runner\_diag'
[2026-04-03 11:24:15Z INFO HostContext] Well known directory 'Bin': 'D:\코딩\mlops_sentiment_api\actions-runner\actions-runner\bin'
[2026-04-03 11:24:15Z INFO HostContext] Well known directory 'Root': 'D:\코딩\mlops_sentiment_api\actions-runner\actions-runner'
[2026-04-03 11:24:15Z INFO HostContext] Well known directory 'Diag': 'D:\코딩\mlops_sentiment_api\actions-runner\actions-runner\_diag'
[2026-04-03 11:24:15Z INFO HostContext] Well known directory 'Bin': 'D:\코딩\mlops_sentiment_api\actions-runner\actions-runner\bin'
[2026-04-03 11:24:15Z INFO HostContext] Well known directory 'Root': 'D:\코딩\mlops_sentiment_api\actions-runner\actions-runner'
[2026-04-03 11:24:15Z INFO HostContext] Well known directory 'Diag': 'D:\코딩\mlops_sentiment_api\actions-runner\actions-runner\_diag'
[2026-04-03 11:24:15Z INFO HostContext] Well known directory 'Bin': 'D:\코딩\mlops_sentiment_api\actions-runner\actions-runner\bin'
[2026-04-03 11:24:15Z INFO HostContext] Well known directory 'Root': 'D:\코딩\mlops_sentiment_api\actions-runner\actions-runner'
[2026-04-03 11:24:15Z INFO HostContext] Well known directory 'Diag': 'D:\코딩\mlops_sentiment_api\actions-runner\actions-runner\_diag'
[2026-04-03 11:24:15Z INFO HostContext] Well known directory 'Bin': 'D:\코딩\mlops_sentiment_api\actions-runner\actions-runner\bin'
[2026-04-03 11:24:15Z INFO HostContext] Well known directory 'Root': 'D:\코딩\mlops_sentiment_api\actions-runner\actions-runner'
[2026-04-03 11:24:15Z INFO HostContext] Well known directory 'Diag': 'D:\코딩\mlops_sentiment_api\actions-runner\actions-runner\_diag'
[2026-04-03 11:24:15Z INFO HostContext] Well known directory 'Bin': 'D:\코딩\mlops_sentiment_api\actions-runner\actions-runner\bin'
[2026-04-03 11:24:15Z INFO HostContext] Well known directory 'Root': 'D:\코딩\mlops_sentiment_api\actions-runner\actions-runner'
[2026-04-03 11:24:15Z INFO HostContext] Well known directory 'Diag': 'D:\코딩\mlops_sentiment_api\actions-runner\actions-runner\_diag'
[2026-04-03 11:24:15Z INFO HostContext] Well known directory 'Bin': 'D:\코딩\mlops_sentiment_api\actions-runner\actions-runner\bin'
[2026-04-03 11:24:15Z INFO HostContext] Well known directory 'Root': 'D:\코딩\mlops_sentiment_api\actions-runner\actions-runner'
[2026-04-03 11:24:15Z INFO HostContext] Well known directory 'Diag': 'D:\코딩\mlops_sentiment_api\actions-runner\actions-runner\_diag'
[2026-04-03 11:24:15Z INFO HostContext] Well known directory 'Bin': 'D:\코딩\mlops_sentiment_api\actions-runner\actions-runner\bin'
[2026-04-03 11:24:15Z INFO HostContext] Well known directory 'Root': 'D:\코딩\mlops_sentiment_api\actions-runner\actions-runner'
[2026-04-03 11:24:15Z INFO HostContext] Well known directory 'Diag': 'D:\코딩\mlops_sentiment_api\actions-runner\actions-runner\_diag'
[2026-04-03 11:24:15Z INFO HostContext] Well known directory 'Bin': 'D:\코딩\mlops_sentiment_api\actions-runner\actions-runner\bin'
[2026-04-03 11:24:15Z INFO HostContext] Well known directory 'Root': 'D:\코딩\mlops_sentiment_api\actions-runner\actions-runner'
[2026-04-03 11:24:15Z INFO HostContext] Well known directory 'Diag': 'D:\코딩\mlops_sentiment_api\actions-runner\actions-runner\_diag'
[2026-04-03 11:24:15Z INFO HostContext] Well known directory 'Bin': 'D:\코딩\mlops_sentiment_api\actions-runner\actions-runner\bin'
[2026-04-03 11:24:15Z INFO HostContext] Well known directory 'Root': 'D:\코딩\mlops_sentiment_api\actions-runner\actions-runner'
[2026-04-03 11:24:15Z INFO HostContext] Well known directory 'Diag': 'D:\코딩\mlops_sentiment_api\actions-runner\actions-runner\_diag'
[2026-04-03 11:24:15Z INFO HostContext] Well known directory 'Bin': 'D:\코딩\mlops_sentiment_api\actions-runner\actions-runner\bin'
[2026-04-03 11:24:15Z INFO HostContext] Well known directory 'Root': 'D:\코딩\mlops_sentiment_api\actions-runner\actions-runner'
[2026-04-03 11:24:15Z INFO HostContext] Well known directory 'Diag': 'D:\코딩\mlops_sentiment_api\actions-runner\actions-runner\_diag'
[2026-04-03 11:24:15Z INFO HostContext] Well known directory 'Bin': 'D:\코딩\mlops_sentiment_api\actions-runner\actions-runner\bin'
[2026-04-03 11:24:15Z INFO HostContext] Well known directory 'Root': 'D:\코딩\mlops_sentiment_api\actions-runner\actions-runner'
[2026-04-03 11:24:15Z INFO HostContext] Well known directory 'Diag': 'D:\코딩\mlops_sentiment_api\actions-runner\actions-runner\_diag'
[2026-04-03 11:24:15Z INFO JobExtension] Total accessible running process: 383.
[2026-04-03 11:24:15Z INFO HostContext] Well known directory 'Bin': 'D:\코딩\mlops_sentiment_api\actions-runner\actions-runner\bin'
[2026-04-03 11:24:15Z INFO HostContext] Well known directory 'Root': 'D:\코딩\mlops_sentiment_api\actions-runner\actions-runner'
[2026-04-03 11:24:15Z INFO HostContext] Well known directory 'Work': 'D:\코딩\mlops_sentiment_api\actions-runner\actions-runner\_work'
[2026-04-03 11:24:15Z INFO JobExtension] Start checking server connectivity.
[2026-04-03 11:24:15Z INFO JobServerQueue] Try to append 1 batches web console lines for record '0c811095-372c-4e05-8034-54be8ecd57b1', success rate: 1/1.
[2026-04-03 11:24:15Z INFO JobExtension] Check server connectivity for https://broker.actions.githubusercontent.com/health.
[2026-04-03 11:24:15Z INFO JobExtension] Check server connectivity for https://token.actions.githubusercontent.com/ready.
[2026-04-03 11:24:15Z INFO JobExtension] Check server connectivity for https://run.actions.githubusercontent.com/health.
[2026-04-03 11:24:15Z INFO JobExtension] Start checking service connectivity in background.
[2026-04-03 11:24:15Z INFO ExecutionContext] Publish step telemetry for current step {
  "action": "setup_job",
  "type": "runner",
  "stage": "Pre",
  "stepId": "0c811095-372c-4e05-8034-54be8ecd57b1",
  "result": "succeeded",
  "errorMessages": [],
  "executionTimeInSeconds": 2,
  "startTime": "2026-04-03T11:24:13.5875899Z",
  "finishTime": "2026-04-03T11:24:15.2634424Z"
}.
[2026-04-03 11:24:15Z INFO JobRunner] Total job steps: 7.
[2026-04-03 11:24:15Z INFO JobRunner] Run all job steps.
[2026-04-03 11:24:15Z INFO StepsRunner] Processing step: DisplayName='Log in to Docker Hub'
[2026-04-03 11:24:15Z INFO StepsRunner] Evaluating: success()
[2026-04-03 11:24:15Z INFO StepsRunner] Result: true
[2026-04-03 11:24:15Z INFO StepsRunner] Starting the step.
[2026-04-03 11:24:15Z INFO HostContext] Well known directory 'Bin': 'D:\코딩\mlops_sentiment_api\actions-runner\actions-runner\bin'
[2026-04-03 11:24:15Z INFO HostContext] Well known directory 'Root': 'D:\코딩\mlops_sentiment_api\actions-runner\actions-runner'
[2026-04-03 11:24:15Z INFO HostContext] Well known directory 'Work': 'D:\코딩\mlops_sentiment_api\actions-runner\actions-runner\_work'
[2026-04-03 11:24:15Z INFO StepsRunner] Which2: 'chcp'
[2026-04-03 11:24:15Z INFO StepsRunner] Location: 'C:\WINDOWS\system32\chcp.COM'
[2026-04-03 11:24:15Z INFO ProcessInvokerWrapper] Starting process:
[2026-04-03 11:24:15Z INFO ProcessInvokerWrapper]   File name: 'C:\WINDOWS\system32\chcp.COM'
[2026-04-03 11:24:15Z INFO ProcessInvokerWrapper]   Arguments: '65001'
[2026-04-03 11:24:15Z INFO ProcessInvokerWrapper]   Working directory: 'D:\코딩\mlops_sentiment_api\actions-runner\actions-runner\_work'
[2026-04-03 11:24:15Z INFO ProcessInvokerWrapper]   Require exit code zero: 'False'
[2026-04-03 11:24:15Z INFO ProcessInvokerWrapper]   Encoding web name:  ; code page: ''
[2026-04-03 11:24:15Z INFO ProcessInvokerWrapper]   Force kill process on cancellation: 'False'
[2026-04-03 11:24:15Z INFO ProcessInvokerWrapper]   Redirected STDIN: 'False'
[2026-04-03 11:24:15Z INFO ProcessInvokerWrapper]   Persist current code page: 'True'
[2026-04-03 11:24:15Z INFO ProcessInvokerWrapper]   Keep redirected STDIN open: 'False'
[2026-04-03 11:24:15Z INFO ProcessInvokerWrapper]   High priority process: 'False'
[2026-04-03 11:24:15Z INFO ProcessInvokerWrapper] Process started with process id 31284, waiting for process exit.
[2026-04-03 11:24:15Z INFO ProcessInvokerWrapper] STDOUT/STDERR stream read finished.
[2026-04-03 11:24:15Z INFO ProcessInvokerWrapper] STDOUT/STDERR stream read finished.
[2026-04-03 11:24:15Z INFO ProcessInvokerWrapper] Finished process 31284 with exit code 0, and elapsed time 00:00:00.0278524.
[2026-04-03 11:24:15Z INFO StepsRunner] Successfully returned to code page 65001 (UTF8)
[2026-04-03 11:24:15Z INFO HostContext] Well known directory 'Bin': 'D:\코딩\mlops_sentiment_api\actions-runner\actions-runner\bin'
[2026-04-03 11:24:15Z INFO HostContext] Well known directory 'Root': 'D:\코딩\mlops_sentiment_api\actions-runner\actions-runner'
[2026-04-03 11:24:15Z INFO HostContext] Well known directory 'Work': 'D:\코딩\mlops_sentiment_api\actions-runner\actions-runner\_work'
[2026-04-03 11:24:15Z INFO HostContext] Well known directory 'Actions': 'D:\코딩\mlops_sentiment_api\actions-runner\actions-runner\_work\_actions'
[2026-04-03 11:24:15Z INFO ActionManager] Load action that reference repository from 'D:\코딩\mlops_sentiment_api\actions-runner\actions-runner\_work\_actions\docker\login-action\v3'
[2026-04-03 11:24:15Z INFO HostContext] Well known directory 'Bin': 'D:\코딩\mlops_sentiment_api\actions-runner\actions-runner\bin'
[2026-04-03 11:24:15Z INFO HostContext] Well known directory 'Root': 'D:\코딩\mlops_sentiment_api\actions-runner\actions-runner'
[2026-04-03 11:24:15Z INFO HostContext] Well known directory 'Work': 'D:\코딩\mlops_sentiment_api\actions-runner\actions-runner\_work'
[2026-04-03 11:24:15Z INFO HostContext] Well known directory 'Actions': 'D:\코딩\mlops_sentiment_api\actions-runner\actions-runner\_work\_actions'
[2026-04-03 11:24:15Z INFO ActionManifestManagerLegacy] Ignore action property author.
[2026-04-03 11:24:15Z INFO ActionManifestManagerLegacy] Ignore action property branding.
[2026-04-03 11:24:15Z INFO ActionManifestManagerLegacy] Loaded action.yml file: {
  "name": "Docker Login",
  "description": "GitHub Action to login against a Docker registry",
  "inputs": {
    "type": 2,
    "map": [
      {
        "key": {
          "type": 0,
          "file": 2,
          "line": 10,
          "col": 3,
          "lit": "registry"
        },
        "value": ""
      },
      {
        "key": {
          "type": 0,
          "file": 2,
          "line": 13,
          "col": 3,
          "lit": "username"
        },
        "value": ""
      },
      {
        "key": {
          "type": 0,
          "file": 2,
          "line": 16,
          "col": 3,
          "lit": "password"
        },
        "value": ""
      },
      {
        "key": {
          "type": 0,
          "file": 2,
          "line": 19,
          "col": 3,
          "lit": "ecr"
        },
        "value": ""
      },
      {
        "key": {
          "type": 0,
          "file": 2,
          "line": 22,
          "col": 3,
          "lit": "scope"
        },
        "value": ""
      },
      {
        "key": {
          "type": 0,
          "file": 2,
          "line": 25,
          "col": 3,
          "lit": "logout"
        },
        "value": {
          "type": 0,
          "file": 2,
          "line": 27,
          "col": 14,
          "lit": "true"
        }
      },
      {
        "key": {
          "type": 0,
          "file": 2,
          "line": 29,
          "col": 3,
          "lit": "registry-auth"
        },
        "value": ""
      }
    ]
  },
  "execution": {
    "executionType": "nodeJS",
    "hasPre": false,
    "hasPost": true,
    "script": "dist/index.js",
    "pre": null,
    "post": "dist/index.js",
    "nodeVersion": "node20",
    "cleanupCondition": "always()",
    "initCondition": "always()"
  },
  "deprecated": null
}
[2026-04-03 11:24:15Z INFO ActionManager] Action pre node.js file: N/A.
[2026-04-03 11:24:15Z INFO ActionManager] Action node.js file: dist/index.js.
[2026-04-03 11:24:15Z INFO ActionManager] Action post node.js file: dist/index.js.
[2026-04-03 11:24:15Z INFO ExecutionContext] Reserve record order 9 to 16 for post job actions.
[2026-04-03 11:24:15Z INFO HostContext] Well known directory 'Bin': 'D:\코딩\mlops_sentiment_api\actions-runner\actions-runner\bin'
[2026-04-03 11:24:15Z INFO HostContext] Well known directory 'Root': 'D:\코딩\mlops_sentiment_api\actions-runner\actions-runner'
[2026-04-03 11:24:15Z INFO HostContext] Well known directory 'Diag': 'D:\코딩\mlops_sentiment_api\actions-runner\actions-runner\_diag'
[2026-04-03 11:24:15Z INFO HostContext] Well known directory 'Bin': 'D:\코딩\mlops_sentiment_api\actions-runner\actions-runner\bin'
[2026-04-03 11:24:15Z INFO HostContext] Well known directory 'Root': 'D:\코딩\mlops_sentiment_api\actions-runner\actions-runner'
[2026-04-03 11:24:15Z INFO HostContext] Well known directory 'Diag': 'D:\코딩\mlops_sentiment_api\actions-runner\actions-runner\_diag'
[2026-04-03 11:24:15Z INFO HostContext] Well known directory 'Bin': 'D:\코딩\mlops_sentiment_api\actions-runner\actions-runner\bin'
[2026-04-03 11:24:15Z INFO HostContext] Well known directory 'Root': 'D:\코딩\mlops_sentiment_api\actions-runner\actions-runner'
[2026-04-03 11:24:15Z INFO HostContext] Well known directory 'Work': 'D:\코딩\mlops_sentiment_api\actions-runner\actions-runner\_work'
[2026-04-03 11:24:15Z INFO HostContext] Well known directory 'Temp': 'D:\코딩\mlops_sentiment_api\actions-runner\actions-runner\_work\_temp'
[2026-04-03 11:24:15Z INFO ExecutionContext] Write event payload to D:\코딩\mlops_sentiment_api\actions-runner\actions-runner\_work\_temp\_github_workflow\event.json
[2026-04-03 11:24:15Z INFO HostContext] Well known directory 'Bin': 'D:\코딩\mlops_sentiment_api\actions-runner\actions-runner\bin'
[2026-04-03 11:24:15Z INFO HostContext] Well known directory 'Root': 'D:\코딩\mlops_sentiment_api\actions-runner\actions-runner'
[2026-04-03 11:24:15Z INFO HostContext] Well known directory 'Work': 'D:\코딩\mlops_sentiment_api\actions-runner\actions-runner\_work'
[2026-04-03 11:24:15Z INFO HostContext] Well known directory 'Temp': 'D:\코딩\mlops_sentiment_api\actions-runner\actions-runner\_work\_temp'
[2026-04-03 11:24:15Z INFO ExtensionManager] Getting extensions for interface: 'GitHub.Runner.Worker.IFileCommandExtension'
[2026-04-03 11:24:15Z INFO ExtensionManager] Creating instance: GitHub.Runner.Worker.AddPathFileCommand, Runner.Worker
[2026-04-03 11:24:15Z INFO ExtensionManager] Creating instance: GitHub.Runner.Worker.SetEnvFileCommand, Runner.Worker
[2026-04-03 11:24:15Z INFO ExtensionManager] Creating instance: GitHub.Runner.Worker.CreateStepSummaryCommand, Runner.Worker
[2026-04-03 11:24:15Z INFO ExtensionManager] Creating instance: GitHub.Runner.Worker.SaveStateFileCommand, Runner.Worker
[2026-04-03 11:24:15Z INFO ExtensionManager] Creating instance: GitHub.Runner.Worker.SetOutputFileCommand, Runner.Worker
[2026-04-03 11:24:15Z INFO ActionManifestManagerLegacy] Input 'registry': default value evaluate result: ""
[2026-04-03 11:24:15Z INFO ActionManifestManagerLegacy] Input 'ecr': default value evaluate result: ""
[2026-04-03 11:24:15Z INFO ActionManifestManagerLegacy] Input 'scope': default value evaluate result: ""
[2026-04-03 11:24:15Z INFO ActionManifestManagerLegacy] Input 'logout': default value evaluate result: {
  "type": 0,
  "file": 2,
  "line": 27,
  "col": 14,
  "lit": "true"
}
[2026-04-03 11:24:15Z INFO ActionManifestManagerLegacy] Input 'registry-auth': default value evaluate result: ""
[2026-04-03 11:24:15Z INFO ExtensionManager] Getting extensions for interface: 'GitHub.Runner.Worker.IActionCommandExtension'
[2026-04-03 11:24:15Z INFO ExtensionManager] Creating instance: GitHub.Runner.Worker.InternalPluginSetRepoPathCommandExtension, Runner.Worker
[2026-04-03 11:24:15Z INFO ExtensionManager] Creating instance: GitHub.Runner.Worker.SetEnvCommandExtension, Runner.Worker
[2026-04-03 11:24:15Z INFO ExtensionManager] Creating instance: GitHub.Runner.Worker.SetOutputCommandExtension, Runner.Worker
[2026-04-03 11:24:15Z INFO ExtensionManager] Creating instance: GitHub.Runner.Worker.SaveStateCommandExtension, Runner.Worker
[2026-04-03 11:24:15Z INFO ExtensionManager] Creating instance: GitHub.Runner.Worker.AddPathCommandExtension, Runner.Worker
[2026-04-03 11:24:15Z INFO ExtensionManager] Creating instance: GitHub.Runner.Worker.AddMaskCommandExtension, Runner.Worker
[2026-04-03 11:24:15Z INFO ExtensionManager] Creating instance: GitHub.Runner.Worker.AddMatcherCommandExtension, Runner.Worker
[2026-04-03 11:24:15Z INFO ExtensionManager] Creating instance: GitHub.Runner.Worker.RemoveMatcherCommandExtension, Runner.Worker
[2026-04-03 11:24:15Z INFO ExtensionManager] Creating instance: GitHub.Runner.Worker.WarningCommandExtension, Runner.Worker
[2026-04-03 11:24:15Z INFO ExtensionManager] Creating instance: GitHub.Runner.Worker.ErrorCommandExtension, Runner.Worker
[2026-04-03 11:24:15Z INFO ExtensionManager] Creating instance: GitHub.Runner.Worker.NoticeCommandExtension, Runner.Worker
[2026-04-03 11:24:15Z INFO ExtensionManager] Creating instance: GitHub.Runner.Worker.DebugCommandExtension, Runner.Worker
[2026-04-03 11:24:15Z INFO ExtensionManager] Creating instance: GitHub.Runner.Worker.GroupCommandExtension, Runner.Worker
[2026-04-03 11:24:15Z INFO ExtensionManager] Creating instance: GitHub.Runner.Worker.EndGroupCommandExtension, Runner.Worker
[2026-04-03 11:24:15Z INFO ExtensionManager] Creating instance: GitHub.Runner.Worker.EchoCommandExtension, Runner.Worker
[2026-04-03 11:24:15Z INFO ActionCommandManager] Register action command extension for command internal-set-repo-path
[2026-04-03 11:24:15Z INFO ActionCommandManager] Register action command extension for command set-env
[2026-04-03 11:24:15Z INFO ActionCommandManager] Register action command extension for command set-output
[2026-04-03 11:24:15Z INFO ActionCommandManager] Register action command extension for command save-state
[2026-04-03 11:24:15Z INFO ActionCommandManager] Register action command extension for command add-path
[2026-04-03 11:24:15Z INFO ActionCommandManager] Register action command extension for command add-mask
[2026-04-03 11:24:15Z INFO ActionCommandManager] Register action command extension for command add-matcher
[2026-04-03 11:24:15Z INFO ActionCommandManager] Register action command extension for command remove-matcher
[2026-04-03 11:24:15Z INFO ActionCommandManager] Register action command extension for command warning
[2026-04-03 11:24:15Z INFO ActionCommandManager] Register action command extension for command error
[2026-04-03 11:24:15Z INFO ActionCommandManager] Register action command extension for command notice
[2026-04-03 11:24:15Z INFO ActionCommandManager] Register action command extension for command debug
[2026-04-03 11:24:15Z INFO ActionCommandManager] Register action command extension for command group
[2026-04-03 11:24:15Z INFO ActionCommandManager] Register action command extension for command endgroup
[2026-04-03 11:24:15Z INFO ActionCommandManager] Register action command extension for command echo
[2026-04-03 11:24:15Z INFO HostContext] Well known directory 'Bin': 'D:\코딩\mlops_sentiment_api\actions-runner\actions-runner\bin'
[2026-04-03 11:24:15Z INFO HostContext] Well known directory 'Root': 'D:\코딩\mlops_sentiment_api\actions-runner\actions-runner'
[2026-04-03 11:24:15Z INFO HostContext] Well known directory 'Externals': 'D:\코딩\mlops_sentiment_api\actions-runner\actions-runner\externals'
[2026-04-03 11:24:15Z INFO ProcessInvokerWrapper] Starting process:
[2026-04-03 11:24:15Z INFO ProcessInvokerWrapper]   File name: 'D:\코딩\mlops_sentiment_api\actions-runner\actions-runner\externals\node24\bin\node.exe'
[2026-04-03 11:24:15Z INFO ProcessInvokerWrapper]   Arguments: '"D:\코딩\mlops_sentiment_api\actions-runner\actions-runner\_work\_actions\docker\login-action\v3\dist/index.js"'
[2026-04-03 11:24:15Z INFO ProcessInvokerWrapper]   Working directory: 'D:\코딩\mlops_sentiment_api\actions-runner\actions-runner\_work\opensource-hw2\opensource-hw2'
[2026-04-03 11:24:15Z INFO ProcessInvokerWrapper]   Require exit code zero: 'False'
[2026-04-03 11:24:15Z INFO ProcessInvokerWrapper]   Encoding web name: utf-8 ; code page: '65001'
[2026-04-03 11:24:15Z INFO ProcessInvokerWrapper]   Force kill process on cancellation: 'False'
[2026-04-03 11:24:15Z INFO ProcessInvokerWrapper]   Redirected STDIN: 'False'
[2026-04-03 11:24:15Z INFO ProcessInvokerWrapper]   Persist current code page: 'True'
[2026-04-03 11:24:15Z INFO ProcessInvokerWrapper]   Keep redirected STDIN open: 'False'
[2026-04-03 11:24:15Z INFO ProcessInvokerWrapper]   High priority process: 'False'
[2026-04-03 11:24:15Z INFO ProcessInvokerWrapper] Process started with process id 26684, waiting for process exit.
[2026-04-03 11:24:15Z INFO JobServerQueue] Try to append 1 batches web console lines for record '2f9d02a1-9b4f-49cc-96bd-0bea468907a7', success rate: 1/1.
[2026-04-03 11:24:15Z INFO JobServerQueue] Got a step log file to send to results service.
[2026-04-03 11:24:15Z INFO JobServerQueue] Starting upload of step log file to results service ResultsLog, D:\코딩\mlops_sentiment_api\actions-runner\actions-runner\_diag\blocks\b4d7e213-e83e-46a3-9d73-1857a15b4a9d_0c811095-372c-4e05-8034-54be8ecd57b1.1
[2026-04-03 11:24:15Z INFO JobServerQueue] Try to upload 1 log files or attachments, success rate: 1/1.
[2026-04-03 11:24:15Z INFO JobServerQueue] Try to append 1 batches web console lines for record '2f9d02a1-9b4f-49cc-96bd-0bea468907a7', success rate: 1/1.
[2026-04-03 11:24:16Z INFO JobServerQueue] Tried to upload 1 file(s) to results, success rate: 1/1.
[2026-04-03 11:24:18Z INFO ProcessInvokerWrapper] STDOUT/STDERR stream read finished.
[2026-04-03 11:24:18Z INFO ProcessInvokerWrapper] STDOUT/STDERR stream read finished.
[2026-04-03 11:24:18Z INFO ProcessInvokerWrapper] Finished process 26684 with exit code 0, and elapsed time 00:00:02.9713123.
[2026-04-03 11:24:18Z INFO CreateStepSummaryCommand] Step Summary file (D:\코딩\mlops_sentiment_api\actions-runner\actions-runner\_work\_temp\_runner_file_commands\step_summary_209a7202-682b-4d5b-b48a-2cb35edb41bb) is empty; skipping attachment upload
[2026-04-03 11:24:18Z INFO StepsRunner] Step result: 
[2026-04-03 11:24:18Z INFO ExecutionContext] Publish step telemetry for current step {
  "action": "docker/login-action",
  "ref": "v3",
  "type": "node24",
  "stage": "Main",
  "stepId": "2f9d02a1-9b4f-49cc-96bd-0bea468907a7",
  "stepContextName": "__docker_login-action",
  "hasPreStep": false,
  "hasPostStep": true,
  "result": "succeeded",
  "errorMessages": [],
  "executionTimeInSeconds": 4,
  "startTime": "2026-04-03T11:24:15.2701835Z",
  "finishTime": "2026-04-03T11:24:18.3094066Z"
}.
[2026-04-03 11:24:18Z INFO StepsRunner] No need for updating job result with current step result 'Succeeded'.
[2026-04-03 11:24:18Z INFO StepsRunner] Current state: job state = ''
[2026-04-03 11:24:18Z INFO StepsRunner] Processing step: DisplayName='Check Docker is running'
[2026-04-03 11:24:18Z INFO StepsRunner] Evaluating: success()
[2026-04-03 11:24:18Z INFO StepsRunner] Result: true
[2026-04-03 11:24:18Z INFO StepsRunner] Starting the step.
[2026-04-03 11:24:18Z INFO HostContext] Well known directory 'Bin': 'D:\코딩\mlops_sentiment_api\actions-runner\actions-runner\bin'
[2026-04-03 11:24:18Z INFO HostContext] Well known directory 'Root': 'D:\코딩\mlops_sentiment_api\actions-runner\actions-runner'
[2026-04-03 11:24:18Z INFO HostContext] Well known directory 'Work': 'D:\코딩\mlops_sentiment_api\actions-runner\actions-runner\_work'
[2026-04-03 11:24:18Z INFO StepsRunner] Which2: 'chcp'
[2026-04-03 11:24:18Z INFO StepsRunner] Location: 'C:\WINDOWS\system32\chcp.COM'
[2026-04-03 11:24:18Z INFO ProcessInvokerWrapper] Starting process:
[2026-04-03 11:24:18Z INFO ProcessInvokerWrapper]   File name: 'C:\WINDOWS\system32\chcp.COM'
[2026-04-03 11:24:18Z INFO ProcessInvokerWrapper]   Arguments: '65001'
[2026-04-03 11:24:18Z INFO ProcessInvokerWrapper]   Working directory: 'D:\코딩\mlops_sentiment_api\actions-runner\actions-runner\_work'
[2026-04-03 11:24:18Z INFO ProcessInvokerWrapper]   Require exit code zero: 'False'
[2026-04-03 11:24:18Z INFO ProcessInvokerWrapper]   Encoding web name:  ; code page: ''
[2026-04-03 11:24:18Z INFO ProcessInvokerWrapper]   Force kill process on cancellation: 'False'
[2026-04-03 11:24:18Z INFO ProcessInvokerWrapper]   Redirected STDIN: 'False'
[2026-04-03 11:24:18Z INFO ProcessInvokerWrapper]   Persist current code page: 'True'
[2026-04-03 11:24:18Z INFO ProcessInvokerWrapper]   Keep redirected STDIN open: 'False'
[2026-04-03 11:24:18Z INFO ProcessInvokerWrapper]   High priority process: 'False'
[2026-04-03 11:24:18Z INFO ProcessInvokerWrapper] Process started with process id 32620, waiting for process exit.
[2026-04-03 11:24:18Z INFO ProcessInvokerWrapper] STDOUT/STDERR stream read finished.
[2026-04-03 11:24:18Z INFO ProcessInvokerWrapper] STDOUT/STDERR stream read finished.
[2026-04-03 11:24:18Z INFO ProcessInvokerWrapper] Finished process 32620 with exit code 0, and elapsed time 00:00:00.0068052.
[2026-04-03 11:24:18Z INFO StepsRunner] Successfully returned to code page 65001 (UTF8)
[2026-04-03 11:24:18Z INFO HostContext] Well known directory 'Bin': 'D:\코딩\mlops_sentiment_api\actions-runner\actions-runner\bin'
[2026-04-03 11:24:18Z INFO HostContext] Well known directory 'Root': 'D:\코딩\mlops_sentiment_api\actions-runner\actions-runner'
[2026-04-03 11:24:18Z INFO HostContext] Well known directory 'Work': 'D:\코딩\mlops_sentiment_api\actions-runner\actions-runner\_work'
[2026-04-03 11:24:18Z INFO HostContext] Well known directory 'Temp': 'D:\코딩\mlops_sentiment_api\actions-runner\actions-runner\_work\_temp'
[2026-04-03 11:24:18Z INFO ExecutionContext] Write event payload to D:\코딩\mlops_sentiment_api\actions-runner\actions-runner\_work\_temp\_github_workflow\event.json
[2026-04-03 11:24:18Z INFO HostContext] Well known directory 'Bin': 'D:\코딩\mlops_sentiment_api\actions-runner\actions-runner\bin'
[2026-04-03 11:24:18Z INFO HostContext] Well known directory 'Root': 'D:\코딩\mlops_sentiment_api\actions-runner\actions-runner'
[2026-04-03 11:24:18Z INFO HostContext] Well known directory 'Work': 'D:\코딩\mlops_sentiment_api\actions-runner\actions-runner\_work'
[2026-04-03 11:24:18Z INFO HostContext] Well known directory 'Temp': 'D:\코딩\mlops_sentiment_api\actions-runner\actions-runner\_work\_temp'
[2026-04-03 11:24:18Z INFO ExtensionManager] Getting extensions for interface: 'GitHub.Runner.Worker.IFileCommandExtension'
[2026-04-03 11:24:18Z INFO ExtensionManager] Getting extensions for interface: 'GitHub.Runner.Worker.IActionCommandExtension'
[2026-04-03 11:24:18Z INFO ActionCommandManager] Register action command extension for command internal-set-repo-path
[2026-04-03 11:24:18Z INFO ActionCommandManager] Register action command extension for command set-env
[2026-04-03 11:24:18Z INFO ActionCommandManager] Register action command extension for command set-output
[2026-04-03 11:24:18Z INFO ActionCommandManager] Register action command extension for command save-state
[2026-04-03 11:24:18Z INFO ActionCommandManager] Register action command extension for command add-path
[2026-04-03 11:24:18Z INFO ActionCommandManager] Register action command extension for command add-mask
[2026-04-03 11:24:18Z INFO ActionCommandManager] Register action command extension for command add-matcher
[2026-04-03 11:24:18Z INFO ActionCommandManager] Register action command extension for command remove-matcher
[2026-04-03 11:24:18Z INFO ActionCommandManager] Register action command extension for command warning
[2026-04-03 11:24:18Z INFO ActionCommandManager] Register action command extension for command error
[2026-04-03 11:24:18Z INFO ActionCommandManager] Register action command extension for command notice
[2026-04-03 11:24:18Z INFO ActionCommandManager] Register action command extension for command debug
[2026-04-03 11:24:18Z INFO ActionCommandManager] Register action command extension for command group
[2026-04-03 11:24:18Z INFO ActionCommandManager] Register action command extension for command endgroup
[2026-04-03 11:24:18Z INFO ActionCommandManager] Register action command extension for command echo
[2026-04-03 11:24:18Z INFO ScriptHandler] Which2: 'cmd'
[2026-04-03 11:24:18Z INFO ScriptHandler] Location: 'C:\WINDOWS\system32\cmd.EXE'
[2026-04-03 11:24:18Z INFO HostContext] Well known directory 'Bin': 'D:\코딩\mlops_sentiment_api\actions-runner\actions-runner\bin'
[2026-04-03 11:24:18Z INFO HostContext] Well known directory 'Root': 'D:\코딩\mlops_sentiment_api\actions-runner\actions-runner'
[2026-04-03 11:24:18Z INFO HostContext] Well known directory 'Work': 'D:\코딩\mlops_sentiment_api\actions-runner\actions-runner\_work'
[2026-04-03 11:24:18Z INFO HostContext] Well known directory 'Temp': 'D:\코딩\mlops_sentiment_api\actions-runner\actions-runner\_work\_temp'
[2026-04-03 11:24:18Z INFO ScriptHandler] Which2: 'cmd'
[2026-04-03 11:24:18Z INFO ScriptHandler] Location: 'C:\WINDOWS\system32\cmd.EXE'
[2026-04-03 11:24:18Z INFO ProcessInvokerWrapper] Starting process:
[2026-04-03 11:24:18Z INFO ProcessInvokerWrapper]   File name: 'C:\WINDOWS\system32\cmd.EXE'
[2026-04-03 11:24:18Z INFO ProcessInvokerWrapper]   Arguments: '/D /E:ON /V:OFF /S /C "CALL "D:\코딩\mlops_sentiment_api\actions-runner\actions-runner\_work\_temp\c212608b-ba83-4dce-84a7-ea611b4a85b5.cmd""'
[2026-04-03 11:24:18Z INFO ProcessInvokerWrapper]   Working directory: 'D:\코딩\mlops_sentiment_api\actions-runner\actions-runner\_work\opensource-hw2\opensource-hw2'
[2026-04-03 11:24:18Z INFO ProcessInvokerWrapper]   Require exit code zero: 'False'
[2026-04-03 11:24:18Z INFO ProcessInvokerWrapper]   Encoding web name:  ; code page: ''
[2026-04-03 11:24:18Z INFO ProcessInvokerWrapper]   Force kill process on cancellation: 'False'
[2026-04-03 11:24:18Z INFO ProcessInvokerWrapper]   Redirected STDIN: 'False'
[2026-04-03 11:24:18Z INFO ProcessInvokerWrapper]   Persist current code page: 'True'
[2026-04-03 11:24:18Z INFO ProcessInvokerWrapper]   Keep redirected STDIN open: 'False'
[2026-04-03 11:24:18Z INFO ProcessInvokerWrapper]   High priority process: 'False'
[2026-04-03 11:24:18Z INFO ProcessInvokerWrapper] Process started with process id 32836, waiting for process exit.
[2026-04-03 11:24:18Z INFO JobServerQueue] Try to append 1 batches web console lines for record '2f9d02a1-9b4f-49cc-96bd-0bea468907a7', success rate: 1/1.
[2026-04-03 11:24:18Z INFO JobServerQueue] Try to append 1 batches web console lines for record '006fa1de-c0db-452a-ae42-af9007efa963', success rate: 1/1.
[2026-04-03 11:24:18Z INFO ProcessInvokerWrapper] STDOUT/STDERR stream read finished.
[2026-04-03 11:24:18Z INFO ProcessInvokerWrapper] STDOUT/STDERR stream read finished.
[2026-04-03 11:24:18Z INFO ProcessInvokerWrapper] Finished process 32836 with exit code 0, and elapsed time 00:00:00.2099821.
[2026-04-03 11:24:18Z INFO CreateStepSummaryCommand] Step Summary file (D:\코딩\mlops_sentiment_api\actions-runner\actions-runner\_work\_temp\_runner_file_commands\step_summary_c1b73f85-ea81-4ad9-aafa-489be16b0696) is empty; skipping attachment upload
[2026-04-03 11:24:18Z INFO StepsRunner] Step result: 
[2026-04-03 11:24:18Z INFO ExecutionContext] Publish step telemetry for current step {
  "action": "cmd",
  "type": "run",
  "stage": "Main",
  "stepId": "006fa1de-c0db-452a-ae42-af9007efa963",
  "stepContextName": "__run",
  "result": "succeeded",
  "errorMessages": [],
  "executionTimeInSeconds": 1,
  "startTime": "2026-04-03T11:24:18.3105082Z",
  "finishTime": "2026-04-03T11:24:18.5428564Z"
}.
[2026-04-03 11:24:18Z INFO StepsRunner] No need for updating job result with current step result 'Succeeded'.
[2026-04-03 11:24:18Z INFO StepsRunner] Current state: job state = ''
[2026-04-03 11:24:18Z INFO StepsRunner] Processing step: DisplayName='Pull latest image from Docker Hub'
[2026-04-03 11:24:18Z INFO StepsRunner] Evaluating: success()
[2026-04-03 11:24:18Z INFO StepsRunner] Result: true
[2026-04-03 11:24:18Z INFO StepsRunner] Starting the step.
[2026-04-03 11:24:18Z INFO HostContext] Well known directory 'Bin': 'D:\코딩\mlops_sentiment_api\actions-runner\actions-runner\bin'
[2026-04-03 11:24:18Z INFO HostContext] Well known directory 'Root': 'D:\코딩\mlops_sentiment_api\actions-runner\actions-runner'
[2026-04-03 11:24:18Z INFO HostContext] Well known directory 'Work': 'D:\코딩\mlops_sentiment_api\actions-runner\actions-runner\_work'
[2026-04-03 11:24:18Z INFO StepsRunner] Which2: 'chcp'
[2026-04-03 11:24:18Z INFO StepsRunner] Location: 'C:\WINDOWS\system32\chcp.COM'
[2026-04-03 11:24:18Z INFO ProcessInvokerWrapper] Starting process:
[2026-04-03 11:24:18Z INFO ProcessInvokerWrapper]   File name: 'C:\WINDOWS\system32\chcp.COM'
[2026-04-03 11:24:18Z INFO ProcessInvokerWrapper]   Arguments: '65001'
[2026-04-03 11:24:18Z INFO ProcessInvokerWrapper]   Working directory: 'D:\코딩\mlops_sentiment_api\actions-runner\actions-runner\_work'
[2026-04-03 11:24:18Z INFO ProcessInvokerWrapper]   Require exit code zero: 'False'
[2026-04-03 11:24:18Z INFO ProcessInvokerWrapper]   Encoding web name:  ; code page: ''
[2026-04-03 11:24:18Z INFO ProcessInvokerWrapper]   Force kill process on cancellation: 'False'
[2026-04-03 11:24:18Z INFO ProcessInvokerWrapper]   Redirected STDIN: 'False'
[2026-04-03 11:24:18Z INFO ProcessInvokerWrapper]   Persist current code page: 'True'
[2026-04-03 11:24:18Z INFO ProcessInvokerWrapper]   Keep redirected STDIN open: 'False'
[2026-04-03 11:24:18Z INFO ProcessInvokerWrapper]   High priority process: 'False'
[2026-04-03 11:24:18Z INFO ProcessInvokerWrapper] Process started with process id 2208, waiting for process exit.
[2026-04-03 11:24:18Z INFO ProcessInvokerWrapper] STDOUT/STDERR stream read finished.
[2026-04-03 11:24:18Z INFO ProcessInvokerWrapper] STDOUT/STDERR stream read finished.
[2026-04-03 11:24:18Z INFO ProcessInvokerWrapper] Finished process 2208 with exit code 0, and elapsed time 00:00:00.0064367.
[2026-04-03 11:24:18Z INFO StepsRunner] Successfully returned to code page 65001 (UTF8)
[2026-04-03 11:24:18Z INFO HostContext] Well known directory 'Bin': 'D:\코딩\mlops_sentiment_api\actions-runner\actions-runner\bin'
[2026-04-03 11:24:18Z INFO HostContext] Well known directory 'Root': 'D:\코딩\mlops_sentiment_api\actions-runner\actions-runner'
[2026-04-03 11:24:18Z INFO HostContext] Well known directory 'Work': 'D:\코딩\mlops_sentiment_api\actions-runner\actions-runner\_work'
[2026-04-03 11:24:18Z INFO HostContext] Well known directory 'Temp': 'D:\코딩\mlops_sentiment_api\actions-runner\actions-runner\_work\_temp'
[2026-04-03 11:24:18Z INFO ExecutionContext] Write event payload to D:\코딩\mlops_sentiment_api\actions-runner\actions-runner\_work\_temp\_github_workflow\event.json
[2026-04-03 11:24:18Z INFO HostContext] Well known directory 'Bin': 'D:\코딩\mlops_sentiment_api\actions-runner\actions-runner\bin'
[2026-04-03 11:24:18Z INFO HostContext] Well known directory 'Root': 'D:\코딩\mlops_sentiment_api\actions-runner\actions-runner'
[2026-04-03 11:24:18Z INFO HostContext] Well known directory 'Work': 'D:\코딩\mlops_sentiment_api\actions-runner\actions-runner\_work'
[2026-04-03 11:24:18Z INFO HostContext] Well known directory 'Temp': 'D:\코딩\mlops_sentiment_api\actions-runner\actions-runner\_work\_temp'
[2026-04-03 11:24:18Z INFO ExtensionManager] Getting extensions for interface: 'GitHub.Runner.Worker.IFileCommandExtension'
[2026-04-03 11:24:18Z INFO ExtensionManager] Getting extensions for interface: 'GitHub.Runner.Worker.IActionCommandExtension'
[2026-04-03 11:24:18Z INFO ActionCommandManager] Register action command extension for command internal-set-repo-path
[2026-04-03 11:24:18Z INFO ActionCommandManager] Register action command extension for command set-env
[2026-04-03 11:24:18Z INFO ActionCommandManager] Register action command extension for command set-output
[2026-04-03 11:24:18Z INFO ActionCommandManager] Register action command extension for command save-state
[2026-04-03 11:24:18Z INFO ActionCommandManager] Register action command extension for command add-path
[2026-04-03 11:24:18Z INFO ActionCommandManager] Register action command extension for command add-mask
[2026-04-03 11:24:18Z INFO ActionCommandManager] Register action command extension for command add-matcher
[2026-04-03 11:24:18Z INFO ActionCommandManager] Register action command extension for command remove-matcher
[2026-04-03 11:24:18Z INFO ActionCommandManager] Register action command extension for command warning
[2026-04-03 11:24:18Z INFO ActionCommandManager] Register action command extension for command error
[2026-04-03 11:24:18Z INFO ActionCommandManager] Register action command extension for command notice
[2026-04-03 11:24:18Z INFO ActionCommandManager] Register action command extension for command debug
[2026-04-03 11:24:18Z INFO ActionCommandManager] Register action command extension for command group
[2026-04-03 11:24:18Z INFO ActionCommandManager] Register action command extension for command endgroup
[2026-04-03 11:24:18Z INFO ActionCommandManager] Register action command extension for command echo
[2026-04-03 11:24:18Z INFO ScriptHandler] Which2: 'cmd'
[2026-04-03 11:24:18Z INFO ScriptHandler] Location: 'C:\WINDOWS\system32\cmd.EXE'
[2026-04-03 11:24:18Z INFO HostContext] Well known directory 'Bin': 'D:\코딩\mlops_sentiment_api\actions-runner\actions-runner\bin'
[2026-04-03 11:24:18Z INFO HostContext] Well known directory 'Root': 'D:\코딩\mlops_sentiment_api\actions-runner\actions-runner'
[2026-04-03 11:24:18Z INFO HostContext] Well known directory 'Work': 'D:\코딩\mlops_sentiment_api\actions-runner\actions-runner\_work'
[2026-04-03 11:24:18Z INFO HostContext] Well known directory 'Temp': 'D:\코딩\mlops_sentiment_api\actions-runner\actions-runner\_work\_temp'
[2026-04-03 11:24:18Z INFO ScriptHandler] Which2: 'cmd'
[2026-04-03 11:24:18Z INFO ScriptHandler] Location: 'C:\WINDOWS\system32\cmd.EXE'
[2026-04-03 11:24:18Z INFO ProcessInvokerWrapper] Starting process:
[2026-04-03 11:24:18Z INFO ProcessInvokerWrapper]   File name: 'C:\WINDOWS\system32\cmd.EXE'
[2026-04-03 11:24:18Z INFO ProcessInvokerWrapper]   Arguments: '/D /E:ON /V:OFF /S /C "CALL "D:\코딩\mlops_sentiment_api\actions-runner\actions-runner\_work\_temp\8fc29962-f521-4ce8-ab3d-9383cff03b34.cmd""'
[2026-04-03 11:24:18Z INFO ProcessInvokerWrapper]   Working directory: 'D:\코딩\mlops_sentiment_api\actions-runner\actions-runner\_work\opensource-hw2\opensource-hw2'
[2026-04-03 11:24:18Z INFO ProcessInvokerWrapper]   Require exit code zero: 'False'
[2026-04-03 11:24:18Z INFO ProcessInvokerWrapper]   Encoding web name:  ; code page: ''
[2026-04-03 11:24:18Z INFO ProcessInvokerWrapper]   Force kill process on cancellation: 'False'
[2026-04-03 11:24:18Z INFO ProcessInvokerWrapper]   Redirected STDIN: 'False'
[2026-04-03 11:24:18Z INFO ProcessInvokerWrapper]   Persist current code page: 'True'
[2026-04-03 11:24:18Z INFO ProcessInvokerWrapper]   Keep redirected STDIN open: 'False'
[2026-04-03 11:24:18Z INFO ProcessInvokerWrapper]   High priority process: 'False'
[2026-04-03 11:24:18Z INFO ProcessInvokerWrapper] Process started with process id 18908, waiting for process exit.
[2026-04-03 11:24:18Z INFO JobServerQueue] Try to upload 2 log files or attachments, success rate: 2/2.
[2026-04-03 11:24:18Z INFO JobServerQueue] Try to append 2 batches web console lines for record '006fa1de-c0db-452a-ae42-af9007efa963', success rate: 2/2.
[2026-04-03 11:24:18Z INFO JobServerQueue] Try to append 1 batches web console lines for record '630d39e9-18ef-4d7e-abea-f1500c9427d0', success rate: 1/1.
[2026-04-03 11:24:18Z INFO JobServerQueue] Got a step log file to send to results service.
[2026-04-03 11:24:18Z INFO JobServerQueue] Starting upload of step log file to results service ResultsLog, D:\코딩\mlops_sentiment_api\actions-runner\actions-runner\_diag\blocks\b4d7e213-e83e-46a3-9d73-1857a15b4a9d_2f9d02a1-9b4f-49cc-96bd-0bea468907a7.1
[2026-04-03 11:24:19Z INFO JobServerQueue] Got a step log file to send to results service.
[2026-04-03 11:24:19Z INFO JobServerQueue] Starting upload of step log file to results service ResultsLog, D:\코딩\mlops_sentiment_api\actions-runner\actions-runner\_diag\blocks\b4d7e213-e83e-46a3-9d73-1857a15b4a9d_006fa1de-c0db-452a-ae42-af9007efa963.1
[2026-04-03 11:24:20Z INFO JobServerQueue] Tried to upload 2 file(s) to results, success rate: 2/2.
[2026-04-03 11:24:20Z INFO JobServerQueue] Try to append 1 batches web console lines for record '630d39e9-18ef-4d7e-abea-f1500c9427d0', success rate: 1/1.
[2026-04-03 11:24:21Z INFO JobServerQueue] Try to append 1 batches web console lines for record '630d39e9-18ef-4d7e-abea-f1500c9427d0', success rate: 1/1.
[2026-04-03 11:24:22Z INFO JobServerQueue] Try to append 1 batches web console lines for record '630d39e9-18ef-4d7e-abea-f1500c9427d0', success rate: 1/1.
[2026-04-03 11:24:23Z INFO JobServerQueue] Try to append 1 batches web console lines for record '630d39e9-18ef-4d7e-abea-f1500c9427d0', success rate: 1/1.
[2026-04-03 11:24:25Z INFO HostContext] Well known directory 'Bin': 'D:\코딩\mlops_sentiment_api\actions-runner\actions-runner\bin'
[2026-04-03 11:24:25Z INFO HostContext] Well known directory 'Root': 'D:\코딩\mlops_sentiment_api\actions-runner\actions-runner'
[2026-04-03 11:24:25Z INFO HostContext] Well known directory 'Work': 'D:\코딩\mlops_sentiment_api\actions-runner\actions-runner\_work'
[2026-04-03 11:24:35Z INFO HostContext] Well known directory 'Bin': 'D:\코딩\mlops_sentiment_api\actions-runner\actions-runner\bin'
[2026-04-03 11:24:35Z INFO HostContext] Well known directory 'Root': 'D:\코딩\mlops_sentiment_api\actions-runner\actions-runner'
[2026-04-03 11:24:35Z INFO HostContext] Well known directory 'Work': 'D:\코딩\mlops_sentiment_api\actions-runner\actions-runner\_work'
[2026-04-03 11:24:45Z INFO HostContext] Well known directory 'Bin': 'D:\코딩\mlops_sentiment_api\actions-runner\actions-runner\bin'
[2026-04-03 11:24:45Z INFO HostContext] Well known directory 'Root': 'D:\코딩\mlops_sentiment_api\actions-runner\actions-runner'
[2026-04-03 11:24:45Z INFO HostContext] Well known directory 'Work': 'D:\코딩\mlops_sentiment_api\actions-runner\actions-runner\_work'
[2026-04-03 11:24:52Z INFO JobServerQueue] Try to append 1 batches web console lines for record '630d39e9-18ef-4d7e-abea-f1500c9427d0', success rate: 1/1.
[2026-04-03 11:24:53Z INFO ProcessInvokerWrapper] STDOUT/STDERR stream read finished.
[2026-04-03 11:24:53Z INFO ProcessInvokerWrapper] STDOUT/STDERR stream read finished.
[2026-04-03 11:24:53Z INFO ProcessInvokerWrapper] Finished process 18908 with exit code 0, and elapsed time 00:00:35.3842897.
[2026-04-03 11:24:53Z INFO CreateStepSummaryCommand] Step Summary file (D:\코딩\mlops_sentiment_api\actions-runner\actions-runner\_work\_temp\_runner_file_commands\step_summary_f7a7f5a9-5355-4c4d-bbe1-24d41bd928c7) is empty; skipping attachment upload
[2026-04-03 11:24:53Z INFO StepsRunner] Step result: 
[2026-04-03 11:24:53Z INFO ExecutionContext] Publish step telemetry for current step {
  "action": "cmd",
  "type": "run",
  "stage": "Main",
  "stepId": "630d39e9-18ef-4d7e-abea-f1500c9427d0",
  "stepContextName": "__run_2",
  "result": "succeeded",
  "errorMessages": [],
  "executionTimeInSeconds": 36,
  "startTime": "2026-04-03T11:24:18.5438064Z",
  "finishTime": "2026-04-03T11:24:53.9474887Z"
}.
[2026-04-03 11:24:53Z INFO StepsRunner] No need for updating job result with current step result 'Succeeded'.
[2026-04-03 11:24:53Z INFO StepsRunner] Current state: job state = ''
[2026-04-03 11:24:53Z INFO StepsRunner] Processing step: DisplayName='Stop existing container'
[2026-04-03 11:24:53Z INFO StepsRunner] Evaluating: success()
[2026-04-03 11:24:53Z INFO StepsRunner] Result: true
[2026-04-03 11:24:53Z INFO StepsRunner] Starting the step.
[2026-04-03 11:24:53Z INFO HostContext] Well known directory 'Bin': 'D:\코딩\mlops_sentiment_api\actions-runner\actions-runner\bin'
[2026-04-03 11:24:53Z INFO HostContext] Well known directory 'Root': 'D:\코딩\mlops_sentiment_api\actions-runner\actions-runner'
[2026-04-03 11:24:53Z INFO HostContext] Well known directory 'Work': 'D:\코딩\mlops_sentiment_api\actions-runner\actions-runner\_work'
[2026-04-03 11:24:53Z INFO StepsRunner] Which2: 'chcp'
[2026-04-03 11:24:53Z INFO StepsRunner] Location: 'C:\WINDOWS\system32\chcp.COM'
[2026-04-03 11:24:53Z INFO ProcessInvokerWrapper] Starting process:
[2026-04-03 11:24:53Z INFO ProcessInvokerWrapper]   File name: 'C:\WINDOWS\system32\chcp.COM'
[2026-04-03 11:24:53Z INFO ProcessInvokerWrapper]   Arguments: '65001'
[2026-04-03 11:24:53Z INFO ProcessInvokerWrapper]   Working directory: 'D:\코딩\mlops_sentiment_api\actions-runner\actions-runner\_work'
[2026-04-03 11:24:53Z INFO ProcessInvokerWrapper]   Require exit code zero: 'False'
[2026-04-03 11:24:53Z INFO ProcessInvokerWrapper]   Encoding web name:  ; code page: ''
[2026-04-03 11:24:53Z INFO ProcessInvokerWrapper]   Force kill process on cancellation: 'False'
[2026-04-03 11:24:53Z INFO ProcessInvokerWrapper]   Redirected STDIN: 'False'
[2026-04-03 11:24:53Z INFO ProcessInvokerWrapper]   Persist current code page: 'True'
[2026-04-03 11:24:53Z INFO ProcessInvokerWrapper]   Keep redirected STDIN open: 'False'
[2026-04-03 11:24:53Z INFO ProcessInvokerWrapper]   High priority process: 'False'
[2026-04-03 11:24:53Z INFO JobServerQueue] Try to upload 1 log files or attachments, success rate: 1/1.
[2026-04-03 11:24:53Z INFO ProcessInvokerWrapper] Process started with process id 17896, waiting for process exit.
[2026-04-03 11:24:53Z INFO ProcessInvokerWrapper] STDOUT/STDERR stream read finished.
[2026-04-03 11:24:53Z INFO ProcessInvokerWrapper] STDOUT/STDERR stream read finished.
[2026-04-03 11:24:53Z INFO ProcessInvokerWrapper] Finished process 17896 with exit code 0, and elapsed time 00:00:00.0116793.
[2026-04-03 11:24:53Z INFO StepsRunner] Successfully returned to code page 65001 (UTF8)
[2026-04-03 11:24:53Z INFO HostContext] Well known directory 'Bin': 'D:\코딩\mlops_sentiment_api\actions-runner\actions-runner\bin'
[2026-04-03 11:24:53Z INFO HostContext] Well known directory 'Root': 'D:\코딩\mlops_sentiment_api\actions-runner\actions-runner'
[2026-04-03 11:24:53Z INFO HostContext] Well known directory 'Work': 'D:\코딩\mlops_sentiment_api\actions-runner\actions-runner\_work'
[2026-04-03 11:24:53Z INFO HostContext] Well known directory 'Temp': 'D:\코딩\mlops_sentiment_api\actions-runner\actions-runner\_work\_temp'
[2026-04-03 11:24:53Z INFO ExecutionContext] Write event payload to D:\코딩\mlops_sentiment_api\actions-runner\actions-runner\_work\_temp\_github_workflow\event.json
[2026-04-03 11:24:53Z INFO HostContext] Well known directory 'Bin': 'D:\코딩\mlops_sentiment_api\actions-runner\actions-runner\bin'
[2026-04-03 11:24:53Z INFO HostContext] Well known directory 'Root': 'D:\코딩\mlops_sentiment_api\actions-runner\actions-runner'
[2026-04-03 11:24:53Z INFO HostContext] Well known directory 'Work': 'D:\코딩\mlops_sentiment_api\actions-runner\actions-runner\_work'
[2026-04-03 11:24:53Z INFO HostContext] Well known directory 'Temp': 'D:\코딩\mlops_sentiment_api\actions-runner\actions-runner\_work\_temp'
[2026-04-03 11:24:53Z INFO ExtensionManager] Getting extensions for interface: 'GitHub.Runner.Worker.IFileCommandExtension'
[2026-04-03 11:24:53Z INFO ExtensionManager] Getting extensions for interface: 'GitHub.Runner.Worker.IActionCommandExtension'
[2026-04-03 11:24:53Z INFO ActionCommandManager] Register action command extension for command internal-set-repo-path
[2026-04-03 11:24:53Z INFO ActionCommandManager] Register action command extension for command set-env
[2026-04-03 11:24:53Z INFO ActionCommandManager] Register action command extension for command set-output
[2026-04-03 11:24:53Z INFO ActionCommandManager] Register action command extension for command save-state
[2026-04-03 11:24:53Z INFO ActionCommandManager] Register action command extension for command add-path
[2026-04-03 11:24:53Z INFO ActionCommandManager] Register action command extension for command add-mask
[2026-04-03 11:24:53Z INFO ActionCommandManager] Register action command extension for command add-matcher
[2026-04-03 11:24:53Z INFO ActionCommandManager] Register action command extension for command remove-matcher
[2026-04-03 11:24:53Z INFO ActionCommandManager] Register action command extension for command warning
[2026-04-03 11:24:53Z INFO ActionCommandManager] Register action command extension for command error
[2026-04-03 11:24:53Z INFO ActionCommandManager] Register action command extension for command notice
[2026-04-03 11:24:53Z INFO ActionCommandManager] Register action command extension for command debug
[2026-04-03 11:24:53Z INFO ActionCommandManager] Register action command extension for command group
[2026-04-03 11:24:53Z INFO ActionCommandManager] Register action command extension for command endgroup
[2026-04-03 11:24:53Z INFO ActionCommandManager] Register action command extension for command echo
[2026-04-03 11:24:53Z INFO ScriptHandler] Which2: 'cmd'
[2026-04-03 11:24:53Z INFO ScriptHandler] Location: 'C:\WINDOWS\system32\cmd.EXE'
[2026-04-03 11:24:53Z INFO HostContext] Well known directory 'Bin': 'D:\코딩\mlops_sentiment_api\actions-runner\actions-runner\bin'
[2026-04-03 11:24:53Z INFO HostContext] Well known directory 'Root': 'D:\코딩\mlops_sentiment_api\actions-runner\actions-runner'
[2026-04-03 11:24:53Z INFO HostContext] Well known directory 'Work': 'D:\코딩\mlops_sentiment_api\actions-runner\actions-runner\_work'
[2026-04-03 11:24:53Z INFO HostContext] Well known directory 'Temp': 'D:\코딩\mlops_sentiment_api\actions-runner\actions-runner\_work\_temp'
[2026-04-03 11:24:53Z INFO ScriptHandler] Which2: 'cmd'
[2026-04-03 11:24:53Z INFO ScriptHandler] Location: 'C:\WINDOWS\system32\cmd.EXE'
[2026-04-03 11:24:53Z INFO ProcessInvokerWrapper] Starting process:
[2026-04-03 11:24:53Z INFO ProcessInvokerWrapper]   File name: 'C:\WINDOWS\system32\cmd.EXE'
[2026-04-03 11:24:53Z INFO ProcessInvokerWrapper]   Arguments: '/D /E:ON /V:OFF /S /C "CALL "D:\코딩\mlops_sentiment_api\actions-runner\actions-runner\_work\_temp\6264b035-6d40-45a1-b921-519d6d2effdd.cmd""'
[2026-04-03 11:24:53Z INFO ProcessInvokerWrapper]   Working directory: 'D:\코딩\mlops_sentiment_api\actions-runner\actions-runner\_work\opensource-hw2\opensource-hw2'
[2026-04-03 11:24:53Z INFO ProcessInvokerWrapper]   Require exit code zero: 'False'
[2026-04-03 11:24:53Z INFO ProcessInvokerWrapper]   Encoding web name:  ; code page: ''
[2026-04-03 11:24:53Z INFO ProcessInvokerWrapper]   Force kill process on cancellation: 'False'
[2026-04-03 11:24:53Z INFO ProcessInvokerWrapper]   Redirected STDIN: 'False'
[2026-04-03 11:24:53Z INFO ProcessInvokerWrapper]   Persist current code page: 'True'
[2026-04-03 11:24:53Z INFO ProcessInvokerWrapper]   Keep redirected STDIN open: 'False'
[2026-04-03 11:24:53Z INFO ProcessInvokerWrapper]   High priority process: 'False'
[2026-04-03 11:24:53Z INFO ProcessInvokerWrapper] Process started with process id 29856, waiting for process exit.
[2026-04-03 11:24:54Z INFO JobServerQueue] Try to append 1 batches web console lines for record '630d39e9-18ef-4d7e-abea-f1500c9427d0', success rate: 1/1.
[2026-04-03 11:24:54Z INFO JobServerQueue] Try to append 1 batches web console lines for record '17335f45-ed70-42ca-82e0-ae6f4bde341b', success rate: 1/1.
[2026-04-03 11:24:54Z INFO JobServerQueue] Got a step log file to send to results service.
[2026-04-03 11:24:54Z INFO JobServerQueue] Starting upload of step log file to results service ResultsLog, D:\코딩\mlops_sentiment_api\actions-runner\actions-runner\_diag\blocks\b4d7e213-e83e-46a3-9d73-1857a15b4a9d_630d39e9-18ef-4d7e-abea-f1500c9427d0.1
[2026-04-03 11:24:55Z INFO JobServerQueue] Tried to upload 1 file(s) to results, success rate: 1/1.
[2026-04-03 11:24:55Z INFO HostContext] Well known directory 'Bin': 'D:\코딩\mlops_sentiment_api\actions-runner\actions-runner\bin'
[2026-04-03 11:24:55Z INFO HostContext] Well known directory 'Root': 'D:\코딩\mlops_sentiment_api\actions-runner\actions-runner'
[2026-04-03 11:24:55Z INFO HostContext] Well known directory 'Work': 'D:\코딩\mlops_sentiment_api\actions-runner\actions-runner\_work'
[2026-04-03 11:24:55Z INFO ProcessInvokerWrapper] STDOUT/STDERR stream read finished.
[2026-04-03 11:24:55Z INFO ProcessInvokerWrapper] STDOUT/STDERR stream read finished.
[2026-04-03 11:24:55Z INFO ProcessInvokerWrapper] Finished process 29856 with exit code 0, and elapsed time 00:00:01.3417325.
[2026-04-03 11:24:55Z INFO CreateStepSummaryCommand] Step Summary file (D:\코딩\mlops_sentiment_api\actions-runner\actions-runner\_work\_temp\_runner_file_commands\step_summary_25340588-0d39-48ff-9391-45e2e0ca106a) is empty; skipping attachment upload
[2026-04-03 11:24:55Z INFO StepsRunner] Step result: 
[2026-04-03 11:24:55Z INFO ExecutionContext] Publish step telemetry for current step {
  "action": "cmd",
  "type": "run",
  "stage": "Main",
  "stepId": "17335f45-ed70-42ca-82e0-ae6f4bde341b",
  "stepContextName": "__run_3",
  "result": "succeeded",
  "errorMessages": [],
  "executionTimeInSeconds": 2,
  "startTime": "2026-04-03T11:24:53.949204Z",
  "finishTime": "2026-04-03T11:24:55.3140371Z"
}.
[2026-04-03 11:24:55Z INFO StepsRunner] No need for updating job result with current step result 'Succeeded'.
[2026-04-03 11:24:55Z INFO StepsRunner] Current state: job state = ''
[2026-04-03 11:24:55Z INFO StepsRunner] Processing step: DisplayName='Remove existing container'
[2026-04-03 11:24:55Z INFO StepsRunner] Evaluating: success()
[2026-04-03 11:24:55Z INFO StepsRunner] Result: true
[2026-04-03 11:24:55Z INFO StepsRunner] Starting the step.
[2026-04-03 11:24:55Z INFO HostContext] Well known directory 'Bin': 'D:\코딩\mlops_sentiment_api\actions-runner\actions-runner\bin'
[2026-04-03 11:24:55Z INFO HostContext] Well known directory 'Root': 'D:\코딩\mlops_sentiment_api\actions-runner\actions-runner'
[2026-04-03 11:24:55Z INFO HostContext] Well known directory 'Work': 'D:\코딩\mlops_sentiment_api\actions-runner\actions-runner\_work'
[2026-04-03 11:24:55Z INFO StepsRunner] Which2: 'chcp'
[2026-04-03 11:24:55Z INFO StepsRunner] Location: 'C:\WINDOWS\system32\chcp.COM'
[2026-04-03 11:24:55Z INFO ProcessInvokerWrapper] Starting process:
[2026-04-03 11:24:55Z INFO ProcessInvokerWrapper]   File name: 'C:\WINDOWS\system32\chcp.COM'
[2026-04-03 11:24:55Z INFO ProcessInvokerWrapper]   Arguments: '65001'
[2026-04-03 11:24:55Z INFO ProcessInvokerWrapper]   Working directory: 'D:\코딩\mlops_sentiment_api\actions-runner\actions-runner\_work'
[2026-04-03 11:24:55Z INFO ProcessInvokerWrapper]   Require exit code zero: 'False'
[2026-04-03 11:24:55Z INFO ProcessInvokerWrapper]   Encoding web name:  ; code page: ''
[2026-04-03 11:24:55Z INFO ProcessInvokerWrapper]   Force kill process on cancellation: 'False'
[2026-04-03 11:24:55Z INFO ProcessInvokerWrapper]   Redirected STDIN: 'False'
[2026-04-03 11:24:55Z INFO ProcessInvokerWrapper]   Persist current code page: 'True'
[2026-04-03 11:24:55Z INFO ProcessInvokerWrapper]   Keep redirected STDIN open: 'False'
[2026-04-03 11:24:55Z INFO ProcessInvokerWrapper]   High priority process: 'False'
[2026-04-03 11:24:55Z INFO ProcessInvokerWrapper] Process started with process id 29968, waiting for process exit.
[2026-04-03 11:24:55Z INFO ProcessInvokerWrapper] STDOUT/STDERR stream read finished.
[2026-04-03 11:24:55Z INFO ProcessInvokerWrapper] STDOUT/STDERR stream read finished.
[2026-04-03 11:24:55Z INFO ProcessInvokerWrapper] Finished process 29968 with exit code 0, and elapsed time 00:00:00.0074162.
[2026-04-03 11:24:55Z INFO StepsRunner] Successfully returned to code page 65001 (UTF8)
[2026-04-03 11:24:55Z INFO HostContext] Well known directory 'Bin': 'D:\코딩\mlops_sentiment_api\actions-runner\actions-runner\bin'
[2026-04-03 11:24:55Z INFO HostContext] Well known directory 'Root': 'D:\코딩\mlops_sentiment_api\actions-runner\actions-runner'
[2026-04-03 11:24:55Z INFO HostContext] Well known directory 'Work': 'D:\코딩\mlops_sentiment_api\actions-runner\actions-runner\_work'
[2026-04-03 11:24:55Z INFO HostContext] Well known directory 'Temp': 'D:\코딩\mlops_sentiment_api\actions-runner\actions-runner\_work\_temp'
[2026-04-03 11:24:55Z INFO ExecutionContext] Write event payload to D:\코딩\mlops_sentiment_api\actions-runner\actions-runner\_work\_temp\_github_workflow\event.json
[2026-04-03 11:24:55Z INFO HostContext] Well known directory 'Bin': 'D:\코딩\mlops_sentiment_api\actions-runner\actions-runner\bin'
[2026-04-03 11:24:55Z INFO HostContext] Well known directory 'Root': 'D:\코딩\mlops_sentiment_api\actions-runner\actions-runner'
[2026-04-03 11:24:55Z INFO HostContext] Well known directory 'Work': 'D:\코딩\mlops_sentiment_api\actions-runner\actions-runner\_work'
[2026-04-03 11:24:55Z INFO HostContext] Well known directory 'Temp': 'D:\코딩\mlops_sentiment_api\actions-runner\actions-runner\_work\_temp'
[2026-04-03 11:24:55Z INFO ExtensionManager] Getting extensions for interface: 'GitHub.Runner.Worker.IFileCommandExtension'
[2026-04-03 11:24:55Z INFO ExtensionManager] Getting extensions for interface: 'GitHub.Runner.Worker.IActionCommandExtension'
[2026-04-03 11:24:55Z INFO ActionCommandManager] Register action command extension for command internal-set-repo-path
[2026-04-03 11:24:55Z INFO ActionCommandManager] Register action command extension for command set-env
[2026-04-03 11:24:55Z INFO ActionCommandManager] Register action command extension for command set-output
[2026-04-03 11:24:55Z INFO ActionCommandManager] Register action command extension for command save-state
[2026-04-03 11:24:55Z INFO ActionCommandManager] Register action command extension for command add-path
[2026-04-03 11:24:55Z INFO ActionCommandManager] Register action command extension for command add-mask
[2026-04-03 11:24:55Z INFO ActionCommandManager] Register action command extension for command add-matcher
[2026-04-03 11:24:55Z INFO ActionCommandManager] Register action command extension for command remove-matcher
[2026-04-03 11:24:55Z INFO ActionCommandManager] Register action command extension for command warning
[2026-04-03 11:24:55Z INFO ActionCommandManager] Register action command extension for command error
[2026-04-03 11:24:55Z INFO ActionCommandManager] Register action command extension for command notice
[2026-04-03 11:24:55Z INFO ActionCommandManager] Register action command extension for command debug
[2026-04-03 11:24:55Z INFO ActionCommandManager] Register action command extension for command group
[2026-04-03 11:24:55Z INFO ActionCommandManager] Register action command extension for command endgroup
[2026-04-03 11:24:55Z INFO ActionCommandManager] Register action command extension for command echo
[2026-04-03 11:24:55Z INFO ScriptHandler] Which2: 'cmd'
[2026-04-03 11:24:55Z INFO ScriptHandler] Location: 'C:\WINDOWS\system32\cmd.EXE'
[2026-04-03 11:24:55Z INFO HostContext] Well known directory 'Bin': 'D:\코딩\mlops_sentiment_api\actions-runner\actions-runner\bin'
[2026-04-03 11:24:55Z INFO HostContext] Well known directory 'Root': 'D:\코딩\mlops_sentiment_api\actions-runner\actions-runner'
[2026-04-03 11:24:55Z INFO HostContext] Well known directory 'Work': 'D:\코딩\mlops_sentiment_api\actions-runner\actions-runner\_work'
[2026-04-03 11:24:55Z INFO HostContext] Well known directory 'Temp': 'D:\코딩\mlops_sentiment_api\actions-runner\actions-runner\_work\_temp'
[2026-04-03 11:24:55Z INFO ScriptHandler] Which2: 'cmd'
[2026-04-03 11:24:55Z INFO ScriptHandler] Location: 'C:\WINDOWS\system32\cmd.EXE'
[2026-04-03 11:24:55Z INFO ProcessInvokerWrapper] Starting process:
[2026-04-03 11:24:55Z INFO ProcessInvokerWrapper]   File name: 'C:\WINDOWS\system32\cmd.EXE'
[2026-04-03 11:24:55Z INFO ProcessInvokerWrapper]   Arguments: '/D /E:ON /V:OFF /S /C "CALL "D:\코딩\mlops_sentiment_api\actions-runner\actions-runner\_work\_temp\907c95c0-d411-4b0a-a4bf-807699e62582.cmd""'
[2026-04-03 11:24:55Z INFO ProcessInvokerWrapper]   Working directory: 'D:\코딩\mlops_sentiment_api\actions-runner\actions-runner\_work\opensource-hw2\opensource-hw2'
[2026-04-03 11:24:55Z INFO ProcessInvokerWrapper]   Require exit code zero: 'False'
[2026-04-03 11:24:55Z INFO ProcessInvokerWrapper]   Encoding web name:  ; code page: ''
[2026-04-03 11:24:55Z INFO ProcessInvokerWrapper]   Force kill process on cancellation: 'False'
[2026-04-03 11:24:55Z INFO ProcessInvokerWrapper]   Redirected STDIN: 'False'
[2026-04-03 11:24:55Z INFO ProcessInvokerWrapper]   Persist current code page: 'True'
[2026-04-03 11:24:55Z INFO ProcessInvokerWrapper]   Keep redirected STDIN open: 'False'
[2026-04-03 11:24:55Z INFO ProcessInvokerWrapper]   High priority process: 'False'
[2026-04-03 11:24:55Z INFO ProcessInvokerWrapper] Process started with process id 32292, waiting for process exit.
[2026-04-03 11:24:55Z INFO ProcessInvokerWrapper] STDOUT/STDERR stream read finished.
[2026-04-03 11:24:55Z INFO ProcessInvokerWrapper] STDOUT/STDERR stream read finished.
[2026-04-03 11:24:55Z INFO ProcessInvokerWrapper] Finished process 32292 with exit code 0, and elapsed time 00:00:00.0614777.
[2026-04-03 11:24:55Z INFO CreateStepSummaryCommand] Step Summary file (D:\코딩\mlops_sentiment_api\actions-runner\actions-runner\_work\_temp\_runner_file_commands\step_summary_becf4019-1f2f-4461-bde6-2bd371a2f584) is empty; skipping attachment upload
[2026-04-03 11:24:55Z INFO StepsRunner] Step result: 
[2026-04-03 11:24:55Z INFO ExecutionContext] Publish step telemetry for current step {
  "action": "cmd",
  "type": "run",
  "stage": "Main",
  "stepId": "25c3a17b-fd8d-4f50-b2a0-410f50bba31c",
  "stepContextName": "__run_4",
  "result": "succeeded",
  "errorMessages": [],
  "executionTimeInSeconds": 1,
  "startTime": "2026-04-03T11:24:55.3149613Z",
  "finishTime": "2026-04-03T11:24:55.3934427Z"
}.
[2026-04-03 11:24:55Z INFO StepsRunner] No need for updating job result with current step result 'Succeeded'.
[2026-04-03 11:24:55Z INFO StepsRunner] Current state: job state = ''
[2026-04-03 11:24:55Z INFO StepsRunner] Processing step: DisplayName='Run new container'
[2026-04-03 11:24:55Z INFO StepsRunner] Evaluating: success()
[2026-04-03 11:24:55Z INFO StepsRunner] Result: true
[2026-04-03 11:24:55Z INFO StepsRunner] Starting the step.
[2026-04-03 11:24:55Z INFO HostContext] Well known directory 'Bin': 'D:\코딩\mlops_sentiment_api\actions-runner\actions-runner\bin'
[2026-04-03 11:24:55Z INFO HostContext] Well known directory 'Root': 'D:\코딩\mlops_sentiment_api\actions-runner\actions-runner'
[2026-04-03 11:24:55Z INFO HostContext] Well known directory 'Work': 'D:\코딩\mlops_sentiment_api\actions-runner\actions-runner\_work'
[2026-04-03 11:24:55Z INFO StepsRunner] Which2: 'chcp'
[2026-04-03 11:24:55Z INFO StepsRunner] Location: 'C:\WINDOWS\system32\chcp.COM'
[2026-04-03 11:24:55Z INFO ProcessInvokerWrapper] Starting process:
[2026-04-03 11:24:55Z INFO ProcessInvokerWrapper]   File name: 'C:\WINDOWS\system32\chcp.COM'
[2026-04-03 11:24:55Z INFO ProcessInvokerWrapper]   Arguments: '65001'
[2026-04-03 11:24:55Z INFO ProcessInvokerWrapper]   Working directory: 'D:\코딩\mlops_sentiment_api\actions-runner\actions-runner\_work'
[2026-04-03 11:24:55Z INFO ProcessInvokerWrapper]   Require exit code zero: 'False'
[2026-04-03 11:24:55Z INFO ProcessInvokerWrapper]   Encoding web name:  ; code page: ''
[2026-04-03 11:24:55Z INFO ProcessInvokerWrapper]   Force kill process on cancellation: 'False'
[2026-04-03 11:24:55Z INFO ProcessInvokerWrapper]   Redirected STDIN: 'False'
[2026-04-03 11:24:55Z INFO ProcessInvokerWrapper]   Persist current code page: 'True'
[2026-04-03 11:24:55Z INFO ProcessInvokerWrapper]   Keep redirected STDIN open: 'False'
[2026-04-03 11:24:55Z INFO ProcessInvokerWrapper]   High priority process: 'False'
[2026-04-03 11:24:55Z INFO ProcessInvokerWrapper] Process started with process id 28728, waiting for process exit.
[2026-04-03 11:24:55Z INFO ProcessInvokerWrapper] STDOUT/STDERR stream read finished.
[2026-04-03 11:24:55Z INFO ProcessInvokerWrapper] STDOUT/STDERR stream read finished.
[2026-04-03 11:24:55Z INFO ProcessInvokerWrapper] Finished process 28728 with exit code 0, and elapsed time 00:00:00.0070487.
[2026-04-03 11:24:55Z INFO StepsRunner] Successfully returned to code page 65001 (UTF8)
[2026-04-03 11:24:55Z INFO HostContext] Well known directory 'Bin': 'D:\코딩\mlops_sentiment_api\actions-runner\actions-runner\bin'
[2026-04-03 11:24:55Z INFO HostContext] Well known directory 'Root': 'D:\코딩\mlops_sentiment_api\actions-runner\actions-runner'
[2026-04-03 11:24:55Z INFO HostContext] Well known directory 'Work': 'D:\코딩\mlops_sentiment_api\actions-runner\actions-runner\_work'
[2026-04-03 11:24:55Z INFO HostContext] Well known directory 'Temp': 'D:\코딩\mlops_sentiment_api\actions-runner\actions-runner\_work\_temp'
[2026-04-03 11:24:55Z INFO ExecutionContext] Write event payload to D:\코딩\mlops_sentiment_api\actions-runner\actions-runner\_work\_temp\_github_workflow\event.json
[2026-04-03 11:24:55Z INFO HostContext] Well known directory 'Bin': 'D:\코딩\mlops_sentiment_api\actions-runner\actions-runner\bin'
[2026-04-03 11:24:55Z INFO HostContext] Well known directory 'Root': 'D:\코딩\mlops_sentiment_api\actions-runner\actions-runner'
[2026-04-03 11:24:55Z INFO HostContext] Well known directory 'Work': 'D:\코딩\mlops_sentiment_api\actions-runner\actions-runner\_work'
[2026-04-03 11:24:55Z INFO JobServerQueue] Try to append 1 batches web console lines for record '17335f45-ed70-42ca-82e0-ae6f4bde341b', success rate: 1/1.
[2026-04-03 11:24:55Z INFO HostContext] Well known directory 'Temp': 'D:\코딩\mlops_sentiment_api\actions-runner\actions-runner\_work\_temp'
[2026-04-03 11:24:55Z INFO ExtensionManager] Getting extensions for interface: 'GitHub.Runner.Worker.IFileCommandExtension'
[2026-04-03 11:24:55Z INFO JobServerQueue] Try to append 1 batches web console lines for record '25c3a17b-fd8d-4f50-b2a0-410f50bba31c', success rate: 1/1.
[2026-04-03 11:24:55Z INFO ExtensionManager] Getting extensions for interface: 'GitHub.Runner.Worker.IActionCommandExtension'
[2026-04-03 11:24:55Z INFO ActionCommandManager] Register action command extension for command internal-set-repo-path
[2026-04-03 11:24:55Z INFO ActionCommandManager] Register action command extension for command set-env
[2026-04-03 11:24:55Z INFO ActionCommandManager] Register action command extension for command set-output
[2026-04-03 11:24:55Z INFO ActionCommandManager] Register action command extension for command save-state
[2026-04-03 11:24:55Z INFO ActionCommandManager] Register action command extension for command add-path
[2026-04-03 11:24:55Z INFO ActionCommandManager] Register action command extension for command add-mask
[2026-04-03 11:24:55Z INFO ActionCommandManager] Register action command extension for command add-matcher
[2026-04-03 11:24:55Z INFO ActionCommandManager] Register action command extension for command remove-matcher
[2026-04-03 11:24:55Z INFO ActionCommandManager] Register action command extension for command warning
[2026-04-03 11:24:55Z INFO ActionCommandManager] Register action command extension for command error
[2026-04-03 11:24:55Z INFO ActionCommandManager] Register action command extension for command notice
[2026-04-03 11:24:55Z INFO ActionCommandManager] Register action command extension for command debug
[2026-04-03 11:24:55Z INFO ActionCommandManager] Register action command extension for command group
[2026-04-03 11:24:55Z INFO ActionCommandManager] Register action command extension for command endgroup
[2026-04-03 11:24:55Z INFO ActionCommandManager] Register action command extension for command echo
[2026-04-03 11:24:55Z INFO ScriptHandler] Which2: 'cmd'
[2026-04-03 11:24:55Z INFO ScriptHandler] Location: 'C:\WINDOWS\system32\cmd.EXE'
[2026-04-03 11:24:55Z INFO HostContext] Well known directory 'Bin': 'D:\코딩\mlops_sentiment_api\actions-runner\actions-runner\bin'
[2026-04-03 11:24:55Z INFO HostContext] Well known directory 'Root': 'D:\코딩\mlops_sentiment_api\actions-runner\actions-runner'
[2026-04-03 11:24:55Z INFO HostContext] Well known directory 'Work': 'D:\코딩\mlops_sentiment_api\actions-runner\actions-runner\_work'
[2026-04-03 11:24:55Z INFO HostContext] Well known directory 'Temp': 'D:\코딩\mlops_sentiment_api\actions-runner\actions-runner\_work\_temp'
[2026-04-03 11:24:55Z INFO ScriptHandler] Which2: 'cmd'
[2026-04-03 11:24:55Z INFO ScriptHandler] Location: 'C:\WINDOWS\system32\cmd.EXE'
[2026-04-03 11:24:55Z INFO ProcessInvokerWrapper] Starting process:
[2026-04-03 11:24:55Z INFO ProcessInvokerWrapper]   File name: 'C:\WINDOWS\system32\cmd.EXE'
[2026-04-03 11:24:55Z INFO ProcessInvokerWrapper]   Arguments: '/D /E:ON /V:OFF /S /C "CALL "D:\코딩\mlops_sentiment_api\actions-runner\actions-runner\_work\_temp\e90989a3-0da6-411d-88cf-19907d689180.cmd""'
[2026-04-03 11:24:55Z INFO ProcessInvokerWrapper]   Working directory: 'D:\코딩\mlops_sentiment_api\actions-runner\actions-runner\_work\opensource-hw2\opensource-hw2'
[2026-04-03 11:24:55Z INFO ProcessInvokerWrapper]   Require exit code zero: 'False'
[2026-04-03 11:24:55Z INFO ProcessInvokerWrapper]   Encoding web name:  ; code page: ''
[2026-04-03 11:24:55Z INFO ProcessInvokerWrapper]   Force kill process on cancellation: 'False'
[2026-04-03 11:24:55Z INFO ProcessInvokerWrapper]   Redirected STDIN: 'False'
[2026-04-03 11:24:55Z INFO ProcessInvokerWrapper]   Persist current code page: 'True'
[2026-04-03 11:24:55Z INFO ProcessInvokerWrapper]   Keep redirected STDIN open: 'False'
[2026-04-03 11:24:55Z INFO ProcessInvokerWrapper]   High priority process: 'False'
[2026-04-03 11:24:55Z INFO ProcessInvokerWrapper] Process started with process id 17804, waiting for process exit.
[2026-04-03 11:24:55Z INFO ProcessInvokerWrapper] STDOUT/STDERR stream read finished.
[2026-04-03 11:24:55Z INFO ProcessInvokerWrapper] STDOUT/STDERR stream read finished.
[2026-04-03 11:24:55Z INFO ProcessInvokerWrapper] Finished process 17804 with exit code 0, and elapsed time 00:00:00.2535833.
[2026-04-03 11:24:55Z INFO CreateStepSummaryCommand] Step Summary file (D:\코딩\mlops_sentiment_api\actions-runner\actions-runner\_work\_temp\_runner_file_commands\step_summary_c1d5f4fe-e509-4ce2-b557-e507885d1a46) is empty; skipping attachment upload
[2026-04-03 11:24:55Z INFO StepsRunner] Step result: 
[2026-04-03 11:24:55Z INFO ExecutionContext] Publish step telemetry for current step {
  "action": "cmd",
  "type": "run",
  "stage": "Main",
  "stepId": "e1f86e13-fa4d-4eba-ac62-7421896bcc86",
  "stepContextName": "__run_5",
  "result": "succeeded",
  "errorMessages": [],
  "executionTimeInSeconds": 1,
  "startTime": "2026-04-03T11:24:55.3942185Z",
  "finishTime": "2026-04-03T11:24:55.6645475Z"
}.
[2026-04-03 11:24:55Z INFO StepsRunner] No need for updating job result with current step result 'Succeeded'.
[2026-04-03 11:24:55Z INFO StepsRunner] Current state: job state = ''
[2026-04-03 11:24:55Z INFO StepsRunner] Processing step: DisplayName='Verify deployment'
[2026-04-03 11:24:55Z INFO StepsRunner] Evaluating: success()
[2026-04-03 11:24:55Z INFO StepsRunner] Result: true
[2026-04-03 11:24:55Z INFO StepsRunner] Starting the step.
[2026-04-03 11:24:55Z INFO HostContext] Well known directory 'Bin': 'D:\코딩\mlops_sentiment_api\actions-runner\actions-runner\bin'
[2026-04-03 11:24:55Z INFO HostContext] Well known directory 'Root': 'D:\코딩\mlops_sentiment_api\actions-runner\actions-runner'
[2026-04-03 11:24:55Z INFO JobServerQueue] Try to append 1 batches web console lines for record 'e1f86e13-fa4d-4eba-ac62-7421896bcc86', success rate: 1/1.
[2026-04-03 11:24:55Z INFO HostContext] Well known directory 'Work': 'D:\코딩\mlops_sentiment_api\actions-runner\actions-runner\_work'
[2026-04-03 11:24:55Z INFO StepsRunner] Which2: 'chcp'
[2026-04-03 11:24:55Z INFO StepsRunner] Location: 'C:\WINDOWS\system32\chcp.COM'
[2026-04-03 11:24:55Z INFO ProcessInvokerWrapper] Starting process:
[2026-04-03 11:24:55Z INFO ProcessInvokerWrapper]   File name: 'C:\WINDOWS\system32\chcp.COM'
[2026-04-03 11:24:55Z INFO ProcessInvokerWrapper]   Arguments: '65001'
[2026-04-03 11:24:55Z INFO ProcessInvokerWrapper]   Working directory: 'D:\코딩\mlops_sentiment_api\actions-runner\actions-runner\_work'
[2026-04-03 11:24:55Z INFO ProcessInvokerWrapper]   Require exit code zero: 'False'
[2026-04-03 11:24:55Z INFO ProcessInvokerWrapper]   Encoding web name:  ; code page: ''
[2026-04-03 11:24:55Z INFO ProcessInvokerWrapper]   Force kill process on cancellation: 'False'
[2026-04-03 11:24:55Z INFO ProcessInvokerWrapper]   Redirected STDIN: 'False'
[2026-04-03 11:24:55Z INFO ProcessInvokerWrapper]   Persist current code page: 'True'
[2026-04-03 11:24:55Z INFO ProcessInvokerWrapper]   Keep redirected STDIN open: 'False'
[2026-04-03 11:24:55Z INFO ProcessInvokerWrapper]   High priority process: 'False'
[2026-04-03 11:24:55Z INFO ProcessInvokerWrapper] Process started with process id 30828, waiting for process exit.
[2026-04-03 11:24:55Z INFO ProcessInvokerWrapper] STDOUT/STDERR stream read finished.
[2026-04-03 11:24:55Z INFO ProcessInvokerWrapper] STDOUT/STDERR stream read finished.
[2026-04-03 11:24:55Z INFO ProcessInvokerWrapper] Finished process 30828 with exit code 0, and elapsed time 00:00:00.0074730.
[2026-04-03 11:24:55Z INFO StepsRunner] Successfully returned to code page 65001 (UTF8)
[2026-04-03 11:24:55Z INFO HostContext] Well known directory 'Bin': 'D:\코딩\mlops_sentiment_api\actions-runner\actions-runner\bin'
[2026-04-03 11:24:55Z INFO HostContext] Well known directory 'Root': 'D:\코딩\mlops_sentiment_api\actions-runner\actions-runner'
[2026-04-03 11:24:55Z INFO HostContext] Well known directory 'Work': 'D:\코딩\mlops_sentiment_api\actions-runner\actions-runner\_work'
[2026-04-03 11:24:55Z INFO HostContext] Well known directory 'Temp': 'D:\코딩\mlops_sentiment_api\actions-runner\actions-runner\_work\_temp'
[2026-04-03 11:24:55Z INFO ExecutionContext] Write event payload to D:\코딩\mlops_sentiment_api\actions-runner\actions-runner\_work\_temp\_github_workflow\event.json
[2026-04-03 11:24:55Z INFO HostContext] Well known directory 'Bin': 'D:\코딩\mlops_sentiment_api\actions-runner\actions-runner\bin'
[2026-04-03 11:24:55Z INFO HostContext] Well known directory 'Root': 'D:\코딩\mlops_sentiment_api\actions-runner\actions-runner'
[2026-04-03 11:24:55Z INFO HostContext] Well known directory 'Work': 'D:\코딩\mlops_sentiment_api\actions-runner\actions-runner\_work'
[2026-04-03 11:24:55Z INFO HostContext] Well known directory 'Temp': 'D:\코딩\mlops_sentiment_api\actions-runner\actions-runner\_work\_temp'
[2026-04-03 11:24:55Z INFO ExtensionManager] Getting extensions for interface: 'GitHub.Runner.Worker.IFileCommandExtension'
[2026-04-03 11:24:55Z INFO ExtensionManager] Getting extensions for interface: 'GitHub.Runner.Worker.IActionCommandExtension'
[2026-04-03 11:24:55Z INFO ActionCommandManager] Register action command extension for command internal-set-repo-path
[2026-04-03 11:24:55Z INFO ActionCommandManager] Register action command extension for command set-env
[2026-04-03 11:24:55Z INFO ActionCommandManager] Register action command extension for command set-output
[2026-04-03 11:24:55Z INFO ActionCommandManager] Register action command extension for command save-state
[2026-04-03 11:24:55Z INFO ActionCommandManager] Register action command extension for command add-path
[2026-04-03 11:24:55Z INFO ActionCommandManager] Register action command extension for command add-mask
[2026-04-03 11:24:55Z INFO ActionCommandManager] Register action command extension for command add-matcher
[2026-04-03 11:24:55Z INFO ActionCommandManager] Register action command extension for command remove-matcher
[2026-04-03 11:24:55Z INFO ActionCommandManager] Register action command extension for command warning
[2026-04-03 11:24:55Z INFO ActionCommandManager] Register action command extension for command error
[2026-04-03 11:24:55Z INFO ActionCommandManager] Register action command extension for command notice
[2026-04-03 11:24:55Z INFO ActionCommandManager] Register action command extension for command debug
[2026-04-03 11:24:55Z INFO ActionCommandManager] Register action command extension for command group
[2026-04-03 11:24:55Z INFO ActionCommandManager] Register action command extension for command endgroup
[2026-04-03 11:24:55Z INFO ActionCommandManager] Register action command extension for command echo
[2026-04-03 11:24:55Z INFO ScriptHandler] Which2: 'cmd'
[2026-04-03 11:24:55Z INFO ScriptHandler] Location: 'C:\WINDOWS\system32\cmd.EXE'
[2026-04-03 11:24:55Z INFO HostContext] Well known directory 'Bin': 'D:\코딩\mlops_sentiment_api\actions-runner\actions-runner\bin'
[2026-04-03 11:24:55Z INFO HostContext] Well known directory 'Root': 'D:\코딩\mlops_sentiment_api\actions-runner\actions-runner'
[2026-04-03 11:24:55Z INFO HostContext] Well known directory 'Work': 'D:\코딩\mlops_sentiment_api\actions-runner\actions-runner\_work'
[2026-04-03 11:24:55Z INFO HostContext] Well known directory 'Temp': 'D:\코딩\mlops_sentiment_api\actions-runner\actions-runner\_work\_temp'
[2026-04-03 11:24:55Z INFO ScriptHandler] Which2: 'cmd'
[2026-04-03 11:24:55Z INFO ScriptHandler] Location: 'C:\WINDOWS\system32\cmd.EXE'
[2026-04-03 11:24:55Z INFO ProcessInvokerWrapper] Starting process:
[2026-04-03 11:24:55Z INFO ProcessInvokerWrapper]   File name: 'C:\WINDOWS\system32\cmd.EXE'
[2026-04-03 11:24:55Z INFO ProcessInvokerWrapper]   Arguments: '/D /E:ON /V:OFF /S /C "CALL "D:\코딩\mlops_sentiment_api\actions-runner\actions-runner\_work\_temp\ae8318cb-4c48-41ef-8e0f-534d2162b603.cmd""'
[2026-04-03 11:24:55Z INFO ProcessInvokerWrapper]   Working directory: 'D:\코딩\mlops_sentiment_api\actions-runner\actions-runner\_work\opensource-hw2\opensource-hw2'
[2026-04-03 11:24:55Z INFO ProcessInvokerWrapper]   Require exit code zero: 'False'
[2026-04-03 11:24:55Z INFO ProcessInvokerWrapper]   Encoding web name:  ; code page: ''
[2026-04-03 11:24:55Z INFO ProcessInvokerWrapper]   Force kill process on cancellation: 'False'
[2026-04-03 11:24:55Z INFO ProcessInvokerWrapper]   Redirected STDIN: 'False'
[2026-04-03 11:24:55Z INFO ProcessInvokerWrapper]   Persist current code page: 'True'
[2026-04-03 11:24:55Z INFO ProcessInvokerWrapper]   Keep redirected STDIN open: 'False'
[2026-04-03 11:24:55Z INFO ProcessInvokerWrapper]   High priority process: 'False'
[2026-04-03 11:24:55Z INFO ProcessInvokerWrapper] Process started with process id 30108, waiting for process exit.
[2026-04-03 11:24:55Z INFO ProcessInvokerWrapper] STDOUT/STDERR stream read finished.
[2026-04-03 11:24:55Z INFO ProcessInvokerWrapper] STDOUT/STDERR stream read finished.
[2026-04-03 11:24:55Z INFO ProcessInvokerWrapper] Finished process 30108 with exit code 0, and elapsed time 00:00:00.0554128.
[2026-04-03 11:24:55Z INFO CreateStepSummaryCommand] Step Summary file (D:\코딩\mlops_sentiment_api\actions-runner\actions-runner\_work\_temp\_runner_file_commands\step_summary_420b293f-f93b-4d41-93ac-a96c0479916a) is empty; skipping attachment upload
[2026-04-03 11:24:55Z INFO StepsRunner] Step result: 
[2026-04-03 11:24:55Z INFO ExecutionContext] Publish step telemetry for current step {
  "action": "cmd",
  "type": "run",
  "stage": "Main",
  "stepId": "dcfb531c-042c-4478-a097-4b2f6757a804",
  "stepContextName": "__run_6",
  "result": "succeeded",
  "errorMessages": [],
  "executionTimeInSeconds": 1,
  "startTime": "2026-04-03T11:24:55.6653332Z",
  "finishTime": "2026-04-03T11:24:55.7374945Z"
}.
[2026-04-03 11:24:55Z INFO StepsRunner] No need for updating job result with current step result 'Succeeded'.
[2026-04-03 11:24:55Z INFO StepsRunner] Current state: job state = ''
[2026-04-03 11:24:55Z INFO StepsRunner] Processing step: DisplayName='Post Log in to Docker Hub'
[2026-04-03 11:24:55Z INFO StepsRunner] Evaluating: always()
[2026-04-03 11:24:55Z INFO StepsRunner] Result: true
[2026-04-03 11:24:55Z INFO StepsRunner] Starting the step.
[2026-04-03 11:24:55Z INFO HostContext] Well known directory 'Bin': 'D:\코딩\mlops_sentiment_api\actions-runner\actions-runner\bin'
[2026-04-03 11:24:55Z INFO HostContext] Well known directory 'Root': 'D:\코딩\mlops_sentiment_api\actions-runner\actions-runner'
[2026-04-03 11:24:55Z INFO HostContext] Well known directory 'Work': 'D:\코딩\mlops_sentiment_api\actions-runner\actions-runner\_work'
[2026-04-03 11:24:55Z INFO StepsRunner] Which2: 'chcp'
[2026-04-03 11:24:55Z INFO StepsRunner] Location: 'C:\WINDOWS\system32\chcp.COM'
[2026-04-03 11:24:55Z INFO ProcessInvokerWrapper] Starting process:
[2026-04-03 11:24:55Z INFO ProcessInvokerWrapper]   File name: 'C:\WINDOWS\system32\chcp.COM'
[2026-04-03 11:24:55Z INFO ProcessInvokerWrapper]   Arguments: '65001'
[2026-04-03 11:24:55Z INFO ProcessInvokerWrapper]   Working directory: 'D:\코딩\mlops_sentiment_api\actions-runner\actions-runner\_work'
[2026-04-03 11:24:55Z INFO ProcessInvokerWrapper]   Require exit code zero: 'False'
[2026-04-03 11:24:55Z INFO ProcessInvokerWrapper]   Encoding web name:  ; code page: ''
[2026-04-03 11:24:55Z INFO ProcessInvokerWrapper]   Force kill process on cancellation: 'False'
[2026-04-03 11:24:55Z INFO ProcessInvokerWrapper]   Redirected STDIN: 'False'
[2026-04-03 11:24:55Z INFO ProcessInvokerWrapper]   Persist current code page: 'True'
[2026-04-03 11:24:55Z INFO ProcessInvokerWrapper]   Keep redirected STDIN open: 'False'
[2026-04-03 11:24:55Z INFO ProcessInvokerWrapper]   High priority process: 'False'
[2026-04-03 11:24:55Z INFO ProcessInvokerWrapper] Process started with process id 27080, waiting for process exit.
[2026-04-03 11:24:55Z INFO ProcessInvokerWrapper] STDOUT/STDERR stream read finished.
[2026-04-03 11:24:55Z INFO ProcessInvokerWrapper] STDOUT/STDERR stream read finished.
[2026-04-03 11:24:55Z INFO ProcessInvokerWrapper] Finished process 27080 with exit code 0, and elapsed time 00:00:00.0069565.
[2026-04-03 11:24:55Z INFO StepsRunner] Successfully returned to code page 65001 (UTF8)
[2026-04-03 11:24:55Z INFO HostContext] Well known directory 'Bin': 'D:\코딩\mlops_sentiment_api\actions-runner\actions-runner\bin'
[2026-04-03 11:24:55Z INFO HostContext] Well known directory 'Root': 'D:\코딩\mlops_sentiment_api\actions-runner\actions-runner'
[2026-04-03 11:24:55Z INFO HostContext] Well known directory 'Work': 'D:\코딩\mlops_sentiment_api\actions-runner\actions-runner\_work'
[2026-04-03 11:24:55Z INFO HostContext] Well known directory 'Actions': 'D:\코딩\mlops_sentiment_api\actions-runner\actions-runner\_work\_actions'
[2026-04-03 11:24:55Z INFO ActionManager] Load action that reference repository from 'D:\코딩\mlops_sentiment_api\actions-runner\actions-runner\_work\_actions\docker\login-action\v3'
[2026-04-03 11:24:55Z INFO HostContext] Well known directory 'Bin': 'D:\코딩\mlops_sentiment_api\actions-runner\actions-runner\bin'
[2026-04-03 11:24:55Z INFO HostContext] Well known directory 'Root': 'D:\코딩\mlops_sentiment_api\actions-runner\actions-runner'
[2026-04-03 11:24:55Z INFO HostContext] Well known directory 'Work': 'D:\코딩\mlops_sentiment_api\actions-runner\actions-runner\_work'
[2026-04-03 11:24:55Z INFO HostContext] Well known directory 'Actions': 'D:\코딩\mlops_sentiment_api\actions-runner\actions-runner\_work\_actions'
[2026-04-03 11:24:55Z INFO ActionManifestManagerLegacy] Ignore action property author.
[2026-04-03 11:24:55Z INFO ActionManifestManagerLegacy] Ignore action property branding.
[2026-04-03 11:24:55Z INFO ActionManifestManagerLegacy] Loaded action.yml file: {
  "name": "Docker Login",
  "description": "GitHub Action to login against a Docker registry",
  "inputs": {
    "type": 2,
    "map": [
      {
        "key": {
          "type": 0,
          "file": 2,
          "line": 10,
          "col": 3,
          "lit": "registry"
        },
        "value": ""
      },
      {
        "key": {
          "type": 0,
          "file": 2,
          "line": 13,
          "col": 3,
          "lit": "username"
        },
        "value": ""
      },
      {
        "key": {
          "type": 0,
          "file": 2,
          "line": 16,
          "col": 3,
          "lit": "password"
        },
        "value": ""
      },
      {
        "key": {
          "type": 0,
          "file": 2,
          "line": 19,
          "col": 3,
          "lit": "ecr"
        },
        "value": ""
      },
      {
        "key": {
          "type": 0,
          "file": 2,
          "line": 22,
          "col": 3,
          "lit": "scope"
        },
        "value": ""
      },
      {
        "key": {
          "type": 0,
          "file": 2,
          "line": 25,
          "col": 3,
          "lit": "logout"
        },
        "value": {
          "type": 0,
          "file": 2,
          "line": 27,
          "col": 14,
          "lit": "true"
        }
      },
      {
        "key": {
          "type": 0,
          "file": 2,
          "line": 29,
          "col": 3,
          "lit": "registry-auth"
        },
        "value": ""
      }
    ]
  },
  "execution": {
    "executionType": "nodeJS",
    "hasPre": false,
    "hasPost": true,
    "script": "dist/index.js",
    "pre": null,
    "post": "dist/index.js",
    "nodeVersion": "node20",
    "cleanupCondition": "always()",
    "initCondition": "always()"
  },
  "deprecated": null
}
[2026-04-03 11:24:55Z INFO ActionManager] Action pre node.js file: N/A.
[2026-04-03 11:24:55Z INFO ActionManager] Action node.js file: dist/index.js.
[2026-04-03 11:24:55Z INFO ActionManager] Action post node.js file: dist/index.js.
[2026-04-03 11:24:55Z INFO HostContext] Well known directory 'Bin': 'D:\코딩\mlops_sentiment_api\actions-runner\actions-runner\bin'
[2026-04-03 11:24:55Z INFO HostContext] Well known directory 'Root': 'D:\코딩\mlops_sentiment_api\actions-runner\actions-runner'
[2026-04-03 11:24:55Z INFO HostContext] Well known directory 'Work': 'D:\코딩\mlops_sentiment_api\actions-runner\actions-runner\_work'
[2026-04-03 11:24:55Z INFO HostContext] Well known directory 'Temp': 'D:\코딩\mlops_sentiment_api\actions-runner\actions-runner\_work\_temp'
[2026-04-03 11:24:55Z INFO ExecutionContext] Write event payload to D:\코딩\mlops_sentiment_api\actions-runner\actions-runner\_work\_temp\_github_workflow\event.json
[2026-04-03 11:24:55Z INFO HostContext] Well known directory 'Bin': 'D:\코딩\mlops_sentiment_api\actions-runner\actions-runner\bin'
[2026-04-03 11:24:55Z INFO HostContext] Well known directory 'Root': 'D:\코딩\mlops_sentiment_api\actions-runner\actions-runner'
[2026-04-03 11:24:55Z INFO HostContext] Well known directory 'Work': 'D:\코딩\mlops_sentiment_api\actions-runner\actions-runner\_work'
[2026-04-03 11:24:55Z INFO HostContext] Well known directory 'Temp': 'D:\코딩\mlops_sentiment_api\actions-runner\actions-runner\_work\_temp'
[2026-04-03 11:24:55Z INFO ExtensionManager] Getting extensions for interface: 'GitHub.Runner.Worker.IFileCommandExtension'
[2026-04-03 11:24:55Z INFO ActionManifestManagerLegacy] Input 'registry': default value evaluate result: ""
[2026-04-03 11:24:55Z INFO ActionManifestManagerLegacy] Input 'ecr': default value evaluate result: ""
[2026-04-03 11:24:55Z INFO ActionManifestManagerLegacy] Input 'scope': default value evaluate result: ""
[2026-04-03 11:24:55Z INFO ActionManifestManagerLegacy] Input 'logout': default value evaluate result: {
  "type": 0,
  "file": 2,
  "line": 27,
  "col": 14,
  "lit": "true"
}
[2026-04-03 11:24:55Z INFO ActionManifestManagerLegacy] Input 'registry-auth': default value evaluate result: ""
[2026-04-03 11:24:55Z INFO ExtensionManager] Getting extensions for interface: 'GitHub.Runner.Worker.IActionCommandExtension'
[2026-04-03 11:24:55Z INFO ActionCommandManager] Register action command extension for command internal-set-repo-path
[2026-04-03 11:24:55Z INFO ActionCommandManager] Register action command extension for command set-env
[2026-04-03 11:24:55Z INFO ActionCommandManager] Register action command extension for command set-output
[2026-04-03 11:24:55Z INFO ActionCommandManager] Register action command extension for command save-state
[2026-04-03 11:24:55Z INFO ActionCommandManager] Register action command extension for command add-path
[2026-04-03 11:24:55Z INFO ActionCommandManager] Register action command extension for command add-mask
[2026-04-03 11:24:55Z INFO ActionCommandManager] Register action command extension for command add-matcher
[2026-04-03 11:24:55Z INFO ActionCommandManager] Register action command extension for command remove-matcher
[2026-04-03 11:24:55Z INFO ActionCommandManager] Register action command extension for command warning
[2026-04-03 11:24:55Z INFO ActionCommandManager] Register action command extension for command error
[2026-04-03 11:24:55Z INFO ActionCommandManager] Register action command extension for command notice
[2026-04-03 11:24:55Z INFO ActionCommandManager] Register action command extension for command debug
[2026-04-03 11:24:55Z INFO ActionCommandManager] Register action command extension for command group
[2026-04-03 11:24:55Z INFO ActionCommandManager] Register action command extension for command endgroup
[2026-04-03 11:24:55Z INFO ActionCommandManager] Register action command extension for command echo
[2026-04-03 11:24:55Z INFO HostContext] Well known directory 'Bin': 'D:\코딩\mlops_sentiment_api\actions-runner\actions-runner\bin'
[2026-04-03 11:24:55Z INFO HostContext] Well known directory 'Root': 'D:\코딩\mlops_sentiment_api\actions-runner\actions-runner'
[2026-04-03 11:24:55Z INFO HostContext] Well known directory 'Externals': 'D:\코딩\mlops_sentiment_api\actions-runner\actions-runner\externals'
[2026-04-03 11:24:55Z INFO ProcessInvokerWrapper] Starting process:
[2026-04-03 11:24:55Z INFO ProcessInvokerWrapper]   File name: 'D:\코딩\mlops_sentiment_api\actions-runner\actions-runner\externals\node24\bin\node.exe'
[2026-04-03 11:24:55Z INFO ProcessInvokerWrapper]   Arguments: '"D:\코딩\mlops_sentiment_api\actions-runner\actions-runner\_work\_actions\docker\login-action\v3\dist/index.js"'
[2026-04-03 11:24:55Z INFO ProcessInvokerWrapper]   Working directory: 'D:\코딩\mlops_sentiment_api\actions-runner\actions-runner\_work\opensource-hw2\opensource-hw2'
[2026-04-03 11:24:55Z INFO ProcessInvokerWrapper]   Require exit code zero: 'False'
[2026-04-03 11:24:55Z INFO ProcessInvokerWrapper]   Encoding web name: utf-8 ; code page: '65001'
[2026-04-03 11:24:55Z INFO ProcessInvokerWrapper]   Force kill process on cancellation: 'False'
[2026-04-03 11:24:55Z INFO ProcessInvokerWrapper]   Redirected STDIN: 'False'
[2026-04-03 11:24:55Z INFO ProcessInvokerWrapper]   Persist current code page: 'True'
[2026-04-03 11:24:55Z INFO ProcessInvokerWrapper]   Keep redirected STDIN open: 'False'
[2026-04-03 11:24:55Z INFO ProcessInvokerWrapper]   High priority process: 'False'
[2026-04-03 11:24:55Z INFO ProcessInvokerWrapper] Process started with process id 2192, waiting for process exit.
[2026-04-03 11:24:55Z INFO JobServerQueue] Try to append 1 batches web console lines for record 'dcfb531c-042c-4478-a097-4b2f6757a804', success rate: 1/1.
[2026-04-03 11:24:55Z INFO JobServerQueue] Try to append 1 batches web console lines for record 'bad704d7-cf50-4806-9ee7-78ad50e29093', success rate: 1/1.
[2026-04-03 11:24:55Z INFO JobServerQueue] Try to upload 4 log files or attachments, success rate: 4/4.
[2026-04-03 11:24:56Z INFO JobServerQueue] Got a step log file to send to results service.
[2026-04-03 11:24:56Z INFO JobServerQueue] Starting upload of step log file to results service ResultsLog, D:\코딩\mlops_sentiment_api\actions-runner\actions-runner\_diag\blocks\b4d7e213-e83e-46a3-9d73-1857a15b4a9d_17335f45-ed70-42ca-82e0-ae6f4bde341b.1
[2026-04-03 11:24:56Z INFO JobServerQueue] Try to append 1 batches web console lines for record 'bad704d7-cf50-4806-9ee7-78ad50e29093', success rate: 1/1.
[2026-04-03 11:24:56Z INFO JobServerQueue] Got a step log file to send to results service.
[2026-04-03 11:24:56Z INFO JobServerQueue] Starting upload of step log file to results service ResultsLog, D:\코딩\mlops_sentiment_api\actions-runner\actions-runner\_diag\blocks\b4d7e213-e83e-46a3-9d73-1857a15b4a9d_25c3a17b-fd8d-4f50-b2a0-410f50bba31c.1
[2026-04-03 11:24:57Z INFO JobServerQueue] Got a step log file to send to results service.
[2026-04-03 11:24:57Z INFO JobServerQueue] Starting upload of step log file to results service ResultsLog, D:\코딩\mlops_sentiment_api\actions-runner\actions-runner\_diag\blocks\b4d7e213-e83e-46a3-9d73-1857a15b4a9d_e1f86e13-fa4d-4eba-ac62-7421896bcc86.1
[2026-04-03 11:24:58Z INFO JobServerQueue] Got a step log file to send to results service.
[2026-04-03 11:24:58Z INFO JobServerQueue] Starting upload of step log file to results service ResultsLog, D:\코딩\mlops_sentiment_api\actions-runner\actions-runner\_diag\blocks\b4d7e213-e83e-46a3-9d73-1857a15b4a9d_dcfb531c-042c-4478-a097-4b2f6757a804.1
[2026-04-03 11:24:59Z INFO JobServerQueue] Tried to upload 4 file(s) to results, success rate: 4/4.
[2026-04-03 11:25:00Z INFO ProcessInvokerWrapper] STDOUT/STDERR stream read finished.
[2026-04-03 11:25:00Z INFO ProcessInvokerWrapper] STDOUT/STDERR stream read finished.
[2026-04-03 11:25:00Z INFO ProcessInvokerWrapper] Finished process 2192 with exit code 0, and elapsed time 00:00:04.3274706.
[2026-04-03 11:25:00Z INFO CreateStepSummaryCommand] Step Summary file (D:\코딩\mlops_sentiment_api\actions-runner\actions-runner\_work\_temp\_runner_file_commands\step_summary_b546c23e-8e33-418d-8f34-47ec4a268bc2) is empty; skipping attachment upload
[2026-04-03 11:25:00Z INFO StepsRunner] Step result: 
[2026-04-03 11:25:00Z INFO ExecutionContext] Publish step telemetry for current step {
  "action": "docker/login-action",
  "ref": "v3",
  "type": "node24",
  "stage": "Post",
  "stepId": "bad704d7-cf50-4806-9ee7-78ad50e29093",
  "result": "succeeded",
  "errorMessages": [],
  "executionTimeInSeconds": 5,
  "startTime": "2026-04-03T11:24:55.7384495Z",
  "finishTime": "2026-04-03T11:25:00.0845004Z"
}.
[2026-04-03 11:25:00Z INFO StepsRunner] No need for updating job result with current step result 'Succeeded'.
[2026-04-03 11:25:00Z INFO StepsRunner] Current state: job state = ''
[2026-04-03 11:25:00Z INFO JobRunner] Finalize job.
[2026-04-03 11:25:00Z INFO HostContext] Well known directory 'Bin': 'D:\코딩\mlops_sentiment_api\actions-runner\actions-runner\bin'
[2026-04-03 11:25:00Z INFO HostContext] Well known directory 'Root': 'D:\코딩\mlops_sentiment_api\actions-runner\actions-runner'
[2026-04-03 11:25:00Z INFO HostContext] Well known directory 'Diag': 'D:\코딩\mlops_sentiment_api\actions-runner\actions-runner\_diag'
[2026-04-03 11:25:00Z INFO HostContext] Well known directory 'Bin': 'D:\코딩\mlops_sentiment_api\actions-runner\actions-runner\bin'
[2026-04-03 11:25:00Z INFO HostContext] Well known directory 'Root': 'D:\코딩\mlops_sentiment_api\actions-runner\actions-runner'
[2026-04-03 11:25:00Z INFO HostContext] Well known directory 'Diag': 'D:\코딩\mlops_sentiment_api\actions-runner\actions-runner\_diag'
[2026-04-03 11:25:00Z INFO JobExtension] Initialize Env context
[2026-04-03 11:25:00Z INFO JobExtension] Initialize steps context
[2026-04-03 11:25:00Z INFO JobExtension] Total accessible running process: 402.
[2026-04-03 11:25:00Z INFO JobExtension] Inspecting process environment variables. PID: 18796 (chrome)
[2026-04-03 11:25:00Z INFO JobExtension] Inspecting process environment variables. PID: 33088 (chrome)
[2026-04-03 11:25:00Z INFO JobExtension] Inspecting process environment variables. PID: 29412 (chrome)
[2026-04-03 11:25:00Z INFO JobExtension] Inspecting process environment variables. PID: 32640 (chrome)
[2026-04-03 11:25:00Z INFO JobExtension] Inspecting process environment variables. PID: 9196 (docker-model)
[2026-04-03 11:25:00Z WARN JobExtension] Ignore exception during read process environment variables: Cannot process request because the process (9196) has exited.
[2026-04-03 11:25:00Z INFO JobExtension] Inspecting process environment variables. PID: 29748 (docker-desktop)
[2026-04-03 11:25:00Z WARN JobExtension] Ignore exception during read process environment variables: Cannot process request because the process (29748) has exited.
[2026-04-03 11:25:00Z INFO JobExtension] Inspecting process environment variables. PID: 31540 (docker-dhi)
[2026-04-03 11:25:00Z WARN JobExtension] Ignore exception during read process environment variables: Cannot process request because the process (31540) has exited.
[2026-04-03 11:25:00Z INFO JobExtension] Inspecting process environment variables. PID: 1900 (docker-sandbox)
[2026-04-03 11:25:00Z WARN JobExtension] Ignore exception during read process environment variables: Cannot process request because the process (1900) has exited.
[2026-04-03 11:25:00Z INFO JobExtension] Inspecting process environment variables. PID: 32440 (docker-sbom)
[2026-04-03 11:25:00Z WARN JobExtension] Ignore exception during read process environment variables: Cannot process request because the process (32440) has exited.
[2026-04-03 11:25:00Z INFO JobExtension] Inspecting process environment variables. PID: 30652 (docker-extension)
[2026-04-03 11:25:00Z WARN JobExtension] Ignore exception during read process environment variables: Cannot process request because the process (30652) has exited.
[2026-04-03 11:25:00Z INFO JobExtension] Inspecting process environment variables. PID: 22460 (docker-debug)
[2026-04-03 11:25:00Z WARN JobExtension] Ignore exception during read process environment variables: Cannot process request because the process (22460) has exited.
[2026-04-03 11:25:00Z INFO JobExtension] Inspecting process environment variables. PID: 9972 (docker-compose)
[2026-04-03 11:25:00Z WARN JobExtension] Ignore exception during read process environment variables: Cannot process request because the process (9972) has exited.
[2026-04-03 11:25:00Z INFO JobExtension] Inspecting process environment variables. PID: 31164 (docker-agent)
[2026-04-03 11:25:00Z INFO JobExtension] Inspecting process environment variables. PID: 30484 (docker-ai)
[2026-04-03 11:25:00Z INFO JobExtension] Inspecting process environment variables. PID: 30664 (docker-buildx)
[2026-04-03 11:25:00Z INFO JobExtension] Inspecting process environment variables. PID: 2864 (docker-offload)
[2026-04-03 11:25:00Z INFO JobExtension] Inspecting process environment variables. PID: 17900 (docker-pass)
[2026-04-03 11:25:00Z WARN JobExtension] Ignore exception during read process environment variables: Cannot process request because the process (17900) has exited.
[2026-04-03 11:25:00Z INFO JobExtension] Inspecting process environment variables. PID: 3692 (docker-init)
[2026-04-03 11:25:00Z WARN JobExtension] Ignore exception during read process environment variables: Cannot process request because the process (3692) has exited.
[2026-04-03 11:25:00Z INFO JobExtension] Inspecting process environment variables. PID: 25408 (docker-scout)
[2026-04-03 11:25:00Z INFO JobExtension] Inspecting process environment variables. PID: 2532 (docker-mcp)
[2026-04-03 11:25:00Z WARN JobExtension] Ignore exception during read process environment variables: Cannot process request because the process (2532) has exited.
[2026-04-03 11:25:00Z INFO JobExtension] Wait for all connectivity checks to finish.
[2026-04-03 11:25:00Z INFO JobExtension] Connectivity check result: GitHub.Runner.Worker.JobExtension+CheckResult
[2026-04-03 11:25:00Z INFO JobExtension] Connectivity check result: GitHub.Runner.Worker.JobExtension+CheckResult
[2026-04-03 11:25:00Z INFO JobExtension] Connectivity check result: GitHub.Runner.Worker.JobExtension+CheckResult
[2026-04-03 11:25:00Z INFO JobServerQueue] Try to append 1 batches web console lines for record 'bad704d7-cf50-4806-9ee7-78ad50e29093', success rate: 1/1.
[2026-04-03 11:25:00Z INFO JobServerQueue] Try to append 1 batches web console lines for record 'ff6f31f1-751e-4e60-b3f1-6d3dda8e8a35', success rate: 1/1.
[2026-04-03 11:25:00Z INFO ExecutionContext] Publish step telemetry for current step {
  "action": "complete_job",
  "type": "runner",
  "stage": "Post",
  "stepId": "ff6f31f1-751e-4e60-b3f1-6d3dda8e8a35",
  "result": "succeeded",
  "errorMessages": [
    "Node.js 20 is deprecated. The following actions target Node.js 20 but are being forced to run on Node.js 24: docker/login-action@v3. For more information see: https://github.blog/changelog/2025-09-19-deprecation-of-node-20-on-github-actions-runners/"
  ],
  "executionTimeInSeconds": 1,
  "startTime": "2026-04-03T11:25:00.0901461Z",
  "finishTime": "2026-04-03T11:25:00.1606196Z"
}.
[2026-04-03 11:25:00Z INFO JobRunner] Job result after all job steps finish: Succeeded
[2026-04-03 11:25:00Z INFO JobRunner] Completing the job execution context.
[2026-04-03 11:25:00Z INFO JobRunner] Shutting down the job server queue.
[2026-04-03 11:25:00Z INFO JobServerQueue] Fire signal to shutdown all queues.
[2026-04-03 11:25:01Z INFO JobServerQueue] All queue process task stopped.
[2026-04-03 11:25:01Z INFO JobServerQueue] Web console line queue drained.
[2026-04-03 11:25:01Z INFO JobServerQueue] Uploading 3 files in one shot.
[2026-04-03 11:25:01Z INFO JobServerQueue] Try to upload 3 log files or attachments, success rate: 3/3.
[2026-04-03 11:25:01Z INFO JobServerQueue] File upload queue drained.
[2026-04-03 11:25:01Z INFO JobServerQueue] Starting results-based upload queue...
[2026-04-03 11:25:01Z INFO JobServerQueue] Uploading 3 file(s) in one shot through results service.
[2026-04-03 11:25:01Z INFO JobServerQueue] Got a step log file to send to results service.
[2026-04-03 11:25:01Z INFO JobServerQueue] Starting upload of step log file to results service ResultsLog, D:\코딩\mlops_sentiment_api\actions-runner\actions-runner\_diag\blocks\b4d7e213-e83e-46a3-9d73-1857a15b4a9d_bad704d7-cf50-4806-9ee7-78ad50e29093.1
[2026-04-03 11:25:01Z INFO JobServerQueue] Got a step log file to send to results service.
[2026-04-03 11:25:01Z INFO JobServerQueue] Starting upload of step log file to results service ResultsLog, D:\코딩\mlops_sentiment_api\actions-runner\actions-runner\_diag\blocks\b4d7e213-e83e-46a3-9d73-1857a15b4a9d_ff6f31f1-751e-4e60-b3f1-6d3dda8e8a35.1
[2026-04-03 11:25:02Z INFO JobServerQueue] Got a job log file to send to results service.
[2026-04-03 11:25:02Z INFO JobServerQueue] Starting upload of job log file to results service ResultsLog, D:\코딩\mlops_sentiment_api\actions-runner\actions-runner\_diag\blocks\b4d7e213-e83e-46a3-9d73-1857a15b4a9d_56239543-aee0-5e72-979d-8fdf72c02e8d.1
[2026-04-03 11:25:03Z INFO JobServerQueue] Tried to upload 3 file(s) to results, success rate: 3/3.
[2026-04-03 11:25:03Z INFO JobServerQueue] Results upload queue drained.
[2026-04-03 11:25:03Z INFO JobServerQueue] Timeline update queue drained.
[2026-04-03 11:25:03Z INFO JobServerQueue] Disposing job server ...
[2026-04-03 11:25:03Z INFO JobServerQueue] Disposing results server ...
[2026-04-03 11:25:03Z INFO JobServerQueue] All queue process tasks have been stopped, and all queues are drained.
[2026-04-03 11:25:03Z INFO TempDirectoryManager] Cleaning runner temp folder: D:\코딩\mlops_sentiment_api\actions-runner\actions-runner\_work\_temp
[2026-04-03 11:25:03Z INFO HostContext] Well known directory 'Bin': 'D:\코딩\mlops_sentiment_api\actions-runner\actions-runner\bin'
[2026-04-03 11:25:03Z INFO HostContext] Well known directory 'Root': 'D:\코딩\mlops_sentiment_api\actions-runner\actions-runner'
[2026-04-03 11:25:03Z INFO HostContext] Well known directory 'Diag': 'D:\코딩\mlops_sentiment_api\actions-runner\actions-runner\_diag'
[2026-04-03 11:25:03Z INFO HostContext] Well known config file 'Telemetry': 'D:\코딩\mlops_sentiment_api\actions-runner\actions-runner\_diag\.telemetry'
[2026-04-03 11:25:03Z INFO JobRunner] Raising job completed against run service
[2026-04-03 11:25:03Z INFO Worker] Job completed.
