[2026-04-03 10:43:48Z INFO HostContext] No proxy settings were found based on environmental variables (http_proxy/https_proxy/HTTP_PROXY/HTTPS_PROXY)
[2026-04-03 10:43:48Z INFO HostContext] Well known directory 'Bin': 'D:\코딩\mlops_sentiment_api\actions-runner\actions-runner\bin'
[2026-04-03 10:43:48Z INFO HostContext] Well known directory 'Root': 'D:\코딩\mlops_sentiment_api\actions-runner\actions-runner'
[2026-04-03 10:43:48Z INFO HostContext] Well known config file 'Credentials': 'D:\코딩\mlops_sentiment_api\actions-runner\actions-runner\.credentials'
[2026-04-03 10:43:48Z INFO HostContext] Well known directory 'Bin': 'D:\코딩\mlops_sentiment_api\actions-runner\actions-runner\bin'
[2026-04-03 10:43:48Z INFO HostContext] Well known directory 'Root': 'D:\코딩\mlops_sentiment_api\actions-runner\actions-runner'
[2026-04-03 10:43:48Z INFO HostContext] Well known config file 'Runner': 'D:\코딩\mlops_sentiment_api\actions-runner\actions-runner\.runner'
[2026-04-03 10:43:48Z INFO Worker] Version: 2.333.1
[2026-04-03 10:43:48Z INFO Worker] Commit: 6792966801e8925346735b68c03bf9f347af4646
[2026-04-03 10:43:48Z INFO Worker] Culture: ko-KR
[2026-04-03 10:43:48Z INFO Worker] UI Culture: ko-KR
[2026-04-03 10:43:48Z INFO Worker] Waiting to receive the job message from the channel.
[2026-04-03 10:43:48Z INFO ProcessChannel] Receiving message of length 23539, with hash 'e9834e7b3270c0bf0dcdbf1568097ce7822082a3ff5254f73281d9edd8f3c96e'
[2026-04-03 10:43:48Z INFO Worker] Message received.
[2026-04-03 10:43:48Z INFO Worker] Job message:
 {
  "environmentVariables": [
    {
      "type": 2,
      "file": 1,
      "line": 10,
      "col": 3,
      "map": [
        {
          "key": {
            "type": 0,
            "file": 1,
            "line": 10,
            "col": 3,
            "lit": "FORCE_JAVASCRIPT_ACTIONS_TO_NODE24"
          },
          "value": {
            "type": 0,
            "file": 1,
            "line": 10,
            "col": 39,
            "lit": "true"
          }
        }
      ]
    }
  ],
  "fileTable": [
    ".github/workflows/ci.yml"
  ],
  "mask": [
    {
      "type": "regex",
      "value": "***"
    },
    {
      "type": "regex",
      "value": "***"
    },
    {
      "type": "regex",
      "value": "***"
    },
    {
      "type": "regex",
      "value": "***"
    },
    {
      "type": "regex",
      "value": "***"
    },
    {
      "type": "regex",
      "value": "***"
    },
    {
      "type": "regex",
      "value": "***"
    },
    {
      "type": "regex",
      "value": "***"
    },
    {
      "type": "regex",
      "value": "***"
    },
    {
      "type": "regex",
      "value": "***"
    },
    {
      "type": "regex",
      "value": "***"
    },
    {
      "type": "regex",
      "value": "***"
    },
    {
      "type": "regex",
      "value": "***"
    },
    {
      "type": "regex",
      "value": "***"
    },
    {
      "type": "regex",
      "value": "***"
    },
    {
      "type": "regex",
      "value": "***"
    },
    {
      "type": "regex",
      "value": "***"
    },
    {
      "type": "regex",
      "value": "***"
    }
  ],
  "steps": [
    {
      "type": "action",
      "reference": {
        "type": "repository",
        "name": "docker/login-action",
        "ref": "v3",
        "repositoryType": "GitHub"
      },
      "displayNameToken": {
        "type": 0,
        "file": 1,
        "line": 52,
        "col": 15,
        "lit": "Log in to Docker Hub"
      },
      "contextName": "__docker_login-action",
      "inputs": {
        "type": 2,
        "file": 1,
        "line": 55,
        "col": 11,
        "map": [
          {
            "key": {
              "type": 0,
              "file": 1,
              "line": 55,
              "col": 11,
              "lit": "username"
            },
            "value": {
              "type": 3,
              "file": 1,
              "line": 55,
              "col": 21,
              "expr": "secrets.DOCKERHUB_USERNAME"
            }
          },
          {
            "key": {
              "type": 0,
              "file": 1,
              "line": 56,
              "col": 11,
              "lit": "password"
            },
            "value": {
              "type": 3,
              "file": 1,
              "line": 56,
              "col": 21,
              "expr": "secrets.DOCKERHUB_TOKEN"
            }
          }
        ]
      },
      "condition": "success()",
      "id": "c8408622-663f-44af-a20d-2c2a79cf38a8",
      "name": "__docker_login-action"
    },
    {
      "type": "action",
      "reference": {
        "type": "script"
      },
      "displayNameToken": {
        "type": 0,
        "file": 1,
        "line": 59,
        "col": 15,
        "lit": "Check Docker is running"
      },
      "contextName": "__run",
      "inputs": {
        "type": 2,
        "map": [
          {
            "key": "script",
            "value": {
              "type": 0,
              "file": 1,
              "line": 61,
              "col": 14,
              "lit": "docker info"
            }
          },
          {
            "key": "shell",
            "value": {
              "type": 0,
              "file": 1,
              "line": 60,
              "col": 16,
              "lit": "cmd"
            }
          }
        ]
      },
      "condition": "success()",
      "id": "ea2e67ce-beb0-4bca-8bc2-6730f7ba9322",
      "name": "__run"
    },
    {
      "type": "action",
      "reference": {
        "type": "script"
      },
      "displayNameToken": {
        "type": 0,
        "file": 1,
        "line": 64,
        "col": 15,
        "lit": "Pull latest image from Docker Hub"
      },
      "contextName": "__run_2",
      "inputs": {
        "type": 2,
        "map": [
          {
            "key": "script",
            "value": {
              "type": 3,
              "file": 1,
              "line": 66,
              "col": 14,
              "expr": "format('docker pull {0}/mlops-sentiment-api:latest', secrets.DOCKERHUB_USERNAME)"
            }
          },
          {
            "key": "shell",
            "value": {
              "type": 0,
              "file": 1,
              "line": 65,
              "col": 16,
              "lit": "cmd"
            }
          }
        ]
      },
      "condition": "success()",
      "id": "0ceda88b-1312-4d10-94c7-5b9f15b36e79",
      "name": "__run_2"
    },
    {
      "type": "action",
      "reference": {
        "type": "script"
      },
      "displayNameToken": {
        "type": 0,
        "file": 1,
        "line": 69,
        "col": 15,
        "lit": "Stop existing container"
      },
      "contextName": "__run_3",
      "inputs": {
        "type": 2,
        "map": [
          {
            "key": "script",
            "value": {
              "type": 0,
              "file": 1,
              "line": 71,
              "col": 14,
              "lit": "docker stop mlops-api-container"
            }
          },
          {
            "key": "shell",
            "value": {
              "type": 0,
              "file": 1,
              "line": 70,
              "col": 16,
              "lit": "cmd"
            }
          }
        ]
      },
      "condition": "success()",
      "continueOnError": {
        "type": 5,
        "file": 1,
        "line": 72,
        "col": 28,
        "bool": true
      },
      "id": "b0d63d88-cd70-422e-88ed-cac5b7ea1c49",
      "name": "__run_3"
    },
    {
      "type": "action",
      "reference": {
        "type": "script"
      },
      "displayNameToken": {
        "type": 0,
        "file": 1,
        "line": 75,
        "col": 15,
        "lit": "Remove existing container"
      },
      "contextName": "__run_4",
      "inputs": {
        "type": 2,
        "map": [
          {
            "key": "script",
            "value": {
              "type": 0,
              "file": 1,
              "line": 77,
              "col": 14,
              "lit": "docker rm mlops-api-container"
            }
          },
          {
            "key": "shell",
            "value": {
              "type": 0,
              "file": 1,
              "line": 76,
              "col": 16,
              "lit": "cmd"
            }
          }
        ]
      },
      "condition": "success()",
      "continueOnError": {
        "type": 5,
        "file": 1,
        "line": 78,
        "col": 28,
        "bool": true
      },
      "id": "e1fc7fcc-55f3-4492-a95d-7b2efad5fbea",
      "name": "__run_4"
    },
    {
      "type": "action",
      "reference": {
        "type": "script"
      },
      "displayNameToken": {
        "type": 0,
        "file": 1,
        "line": 81,
        "col": 15,
        "lit": "Run new container"
      },
      "contextName": "__run_5",
      "inputs": {
        "type": 2,
        "map": [
          {
            "key": "script",
            "value": {
              "type": 3,
              "file": 1,
              "line": 83,
              "col": 14,
              "expr": "format('docker run -d --name mlops-api-container --restart unless-stopped -p 8000:8000 {0}/mlops-sentiment-api:latest', secrets.DOCKERHUB_USERNAME)"
            }
          },
          {
            "key": "shell",
            "value": {
              "type": 0,
              "file": 1,
              "line": 82,
              "col": 16,
              "lit": "cmd"
            }
          }
        ]
      },
      "condition": "success()",
      "id": "204f7e13-8a38-4d00-b2d2-5acef779d565",
      "name": "__run_5"
    },
    {
      "type": "action",
      "reference": {
        "type": "script"
      },
      "displayNameToken": {
        "type": 0,
        "file": 1,
        "line": 86,
        "col": 15,
        "lit": "Verify deployment"
      },
      "contextName": "__run_6",
      "inputs": {
        "type": 2,
        "map": [
          {
            "key": "script",
            "value": {
              "type": 0,
              "file": 1,
              "line": 88,
              "col": 14,
              "lit": "docker ps --filter \"name=mlops-api-container\" --format \"table {{.Names}}\\t{{.Status}}\\t{{.Ports}}\""
            }
          },
          {
            "key": "shell",
            "value": {
              "type": 0,
              "file": 1,
              "line": 87,
              "col": 16,
              "lit": "cmd"
            }
          }
        ]
      },
      "condition": "success()",
      "id": "c1562b5e-7c5f-4b2d-aa0e-e72bced7cfda",
      "name": "__run_6"
    }
  ],
  "variables": {
    "Actions.EnableHttpRedirects": {
      "value": "true"
    },
    "DOCKERHUB_TOKEN": {
      "value": "***",
      "isSecret": true
    },
    "DOCKERHUB_USERNAME": {
      "value": "***",
      "isSecret": true
    },
    "DistributedTask.AddWarningToNode12Action": {
      "value": "true"
    },
    "DistributedTask.AddWarningToNode16Action": {
      "value": "true"
    },
    "DistributedTask.AllowRunnerContainerHooks": {
      "value": "true"
    },
    "DistributedTask.DeprecateStepOutputCommands": {
      "value": "true"
    },
    "DistributedTask.DetailUntarFailure": {
      "value": "true"
    },
    "DistributedTask.EnableCompositeActions": {
      "value": "true"
    },
    "DistributedTask.EnableJobServerQueueTelemetry": {
      "value": "true"
    },
    "DistributedTask.EnhancedAnnotations": {
      "value": "true"
    },
    "DistributedTask.ForceGithubJavascriptActionsToNode16": {
      "value": "true"
    },
    "DistributedTask.ForceGithubJavascriptActionsToNode20": {
      "value": "true"
    },
    "DistributedTask.LogTemplateErrorsAsDebugMessages": {
      "value": "true"
    },
    "DistributedTask.MarkJobAsFailedOnWorkerCrash": {
      "value": "true"
    },
    "DistributedTask.NewActionMetadata": {
      "value": "true"
    },
    "DistributedTask.UploadStepSummary": {
      "value": "true"
    },
    "DistributedTask.UseActionArchiveCache": {
      "value": "true"
    },
    "DistributedTask.UseWhich2": {
      "value": "true"
    },
    "RunService.FixEmbeddedIssues": {
      "value": "true"
    },
    "actions.runner.requirenode24": {
      "value": "false"
    },
    "actions.runner.usenode24bydefault": {
      "value": "false"
    },
    "actions.runner.warnonnode20": {
      "value": "true"
    },
    "actions_add_check_run_id_to_job_context": {
      "value": "true"
    },
    "actions_batch_action_resolution": {
      "value": "false"
    },
    "actions_container_action_runner_temp": {
      "value": "true"
    },
    "actions_display_helpful_actions_download_errors": {
      "value": "true"
    },
    "actions_runner_compare_workflow_parser": {
      "value": "false"
    },
    "actions_runner_deprecate_linux_arm32": {
      "value": "false"
    },
    "actions_runner_emit_composite_markers": {
      "value": "false"
    },
    "actions_runner_kill_linux_arm32": {
      "value": "false"
    },
    "actions_runner_node20_removal_date": {
      "value": ""
    },
    "actions_runner_node24_default_date": {
      "value": ""
    },
    "actions_service_container_command": {
      "value": "true"
    },
    "actions_set_orchestration_id_env_for_actions": {
      "value": "true"
    },
    "actions_skip_retry_complete_job_upon_known_errors": {
      "value": "true"
    },
    "actions_snapshot_preflight_hosted_runner_check": {
      "value": "false"
    },
    "actions_snapshot_preflight_image_gen_pool_check": {
      "value": "false"
    },
    "actions_use_bearer_token_for_codeload": {
      "value": "false"
    },
    "actions_uses_cache_service_v2": {
      "value": "true"
    },
    "github_token": {
      "value": "***",
      "isSecret": true
    },
    "system.from_run_service": {
      "value": "true"
    },
    "system.github.job": {
      "value": "deploy-to-local"
    },
    "system.github.launch_endpoint": {
      "value": "https://launch.actions.githubusercontent.com"
    },
    "system.github.results_endpoint": {
      "value": "https://results-receiver.actions.githubusercontent.com/"
    },
    "system.github.results_upload_with_sdk": {
      "value": "true"
    },
    "system.github.token": {
      "value": "***",
      "isSecret": true
    },
    "system.github.token.permissions": {
      "value": "{\"Contents\":\"read\",\"Metadata\":\"read\",\"Packages\":\"read\"}"
    },
    "system.orchestrationId": {
      "value": "0d7fe58e-15e7-4c7c-a976-dc55a507b46e.deploy-to-local.__default"
    },
    "system.phaseDisplayName": {
      "value": "deploy-to-local"
    },
    "system.runner.lowdiskspacethreshold": {
      "value": "100"
    },
    "system.runnerEnvironment": {
      "value": "self-hosted"
    },
    "system.runnerGroupName": {
      "value": "Default"
    }
  },
  "messageType": "RunnerJobRequest",
  "plan": {
    "scopeIdentifier": "00000000-0000-0000-0000-000000000000",
    "planType": "actions",
    "version": 0,
    "planId": "0d7fe58e-15e7-4c7c-a976-dc55a507b46e",
    "planGroup": null,
    "artifactUri": null,
    "artifactLocation": null,
    "definition": null,
    "owner": null
  },
  "timeline": {
    "id": "0d7fe58e-15e7-4c7c-a976-dc55a507b46e",
    "changeId": 0,
    "location": null
  },
  "jobId": "5ce3bf49-9fa2-5f7d-8624-84ea8f1343c4",
  "jobDisplayName": "deploy-to-local",
  "jobName": "__default",
  "requestId": 0,
  "lockedUntil": "0001-01-01T00:00:00",
  "resources": {
    "endpoints": [
      {
        "data": {
          "ServerId": "",
          "ServerName": "",
          "CacheServerUrl": "https://artifactcache.actions.githubusercontent.com/z49N8K4gn7qMzcLyfyIpqMLYf9jT4Ucg5zUAjGS2CgmPKPzEWX/",
          "FeedStreamUrl": "wss://results-receiver.actions.githubusercontent.com/_ws/ingest.sock",
          "ResultsServiceUrl": "https://results-receiver.actions.githubusercontent.com/",
          "PipelinesServiceUrl": "https://pipelinesghubeus2.actions.githubusercontent.com/z49N8K4gn7qMzcLyfyIpqMLYf9jT4Ucg5zUAjGS2CgmPKPzEWX/",
          "GenerateIdTokenUrl": "",
          "ConnectivityChecks": "[\"https://broker.actions.githubusercontent.com/health\",\"https://token.actions.githubusercontent.com/ready\",\"https://run.actions.githubusercontent.com/health\"]"
        },
        "name": "SystemVssConnection",
        "url": "https://run-actions-1-azure-eastus.actions.githubusercontent.com/102/",
        "authorization": {
          "parameters": {
            "AccessToken": "***"
          },
          "scheme": "OAuth"
        },
        "isShared": false,
        "isReady": true
      }
    ]
  },
  "contextData": {
    "github": {
      "t": 2,
      "d": [
        {
          "k": "ref",
          "v": "refs/heads/main"
        },
        {
          "k": "sha",
          "v": "e3384f124b6fb10d5781a6199b9a5fc5d596d2e9"
        },
        {
          "k": "repository",
          "v": "minjik39/opensource-hw2"
        },
        {
          "k": "repository_owner",
          "v": "minjik39"
        },
        {
          "k": "repository_owner_id",
          "v": "139597629"
        },
        {
          "k": "repositoryUrl",
          "v": "git://github.com/minjik39/opensource-hw2.git"
        },
        {
          "k": "run_id",
          "v": "23943350601"
        },
        {
          "k": "run_number",
          "v": "7"
        },
        {
          "k": "retention_days",
          "v": "90"
        },
        {
          "k": "run_attempt",
          "v": "1"
        },
        {
          "k": "artifact_cache_size_limit",
          "v": "10"
        },
        {
          "k": "repository_visibility",
          "v": "public"
        },
        {
          "k": "actor_id",
          "v": "139597629"
        },
        {
          "k": "actor",
          "v": "minjik39"
        },
        {
          "k": "workflow",
          "v": "CI/CD Pipeline for ML API"
        },
        {
          "k": "head_ref",
          "v": ""
        },
        {
          "k": "base_ref",
          "v": ""
        },
        {
          "k": "event_name",
          "v": "push"
        },
        {
          "k": "server_url",
          "v": "https://github.com"
        },
        {
          "k": "api_url",
          "v": "https://api.github.com"
        },
        {
          "k": "graphql_url",
          "v": "https://api.github.com/graphql"
        },
        {
          "k": "ref_name",
          "v": "main"
        },
        {
          "k": "ref_protected",
          "v": false
        },
        {
          "k": "ref_type",
          "v": "branch"
        },
        {
          "k": "secret_source",
          "v": "Actions"
        },
        {
          "k": "event",
          "v": {
            "t": 2,
            "d": [
              {
                "k": "after",
                "v": "e3384f124b6fb10d5781a6199b9a5fc5d596d2e9"
              },
              {
                "k": "base_ref",
                "v": null
              },
              {
                "k": "before",
                "v": "ca18a562b9f404c6b3c29ee725d44be91480c67f"
              },
              {
                "k": "commits",
                "v": {
                  "t": 1,
                  "a": [
                    {
                      "t": 2,
                      "d": [
                        {
                          "k": "author",
                          "v": {
                            "t": 2,
                            "d": [
                              {
                                "k": "email",
                                "v": "knight44014@gmail.com"
                              },
                              {
                                "k": "name",
                                "v": "minjik39"
                              },
                              {
                                "k": "username",
                                "v": "minjik39"
                              }
                            ]
                          }
                        },
                        {
                          "k": "committer",
                          "v": {
                            "t": 2,
                            "d": [
                              {
                                "k": "email",
                                "v": "knight44014@gmail.com"
                              },
                              {
                                "k": "name",
                                "v": "minjik39"
                              },
                              {
                                "k": "username",
                                "v": "minjik39"
                              }
                            ]
                          }
                        },
                        {
                          "k": "distinct",
                          "v": true
                        },
                        {
                          "k": "id",
                          "v": "e3384f124b6fb10d5781a6199b9a5fc5d596d2e9"
                        },
                        {
                          "k": "message",
                          "v": "re-trigger: restart workflow after accidental cancellation"
                        },
                        {
                          "k": "timestamp",
                          "v": "2026-04-03T19:37:43+09:00"
                        },
                        {
                          "k": "tree_id",
                          "v": "52a62192dfb7ce631fefdcd727f369b29248dba1"
                        },
                        {
                          "k": "url",
                          "v": "https://github.com/minjik39/opensource-hw2/commit/e3384f124b6fb10d5781a6199b9a5fc5d596d2e9"
                        }
                      ]
                    }
                  ]
                }
              },
              {
                "k": "compare",
                "v": "https://github.com/minjik39/opensource-hw2/compare/ca18a562b9f4...e3384f124b6f"
              },
              {
                "k": "created",
                "v": false
              },
              {
                "k": "deleted",
                "v": false
              },
              {
                "k": "forced",
                "v": false
              },
              {
                "k": "head_commit",
                "v": {
                  "t": 2,
                  "d": [
                    {
                      "k": "author",
                      "v": {
                        "t": 2,
                        "d": [
                          {
                            "k": "email",
                            "v": "knight44014@gmail.com"
                          },
                          {
                            "k": "name",
                            "v": "minjik39"
                          },
                          {
                            "k": "username",
                            "v": "minjik39"
                          }
                        ]
                      }
                    },
                    {
                      "k": "committer",
                      "v": {
                        "t": 2,
                        "d": [
                          {
                            "k": "email",
                            "v": "knight44014@gmail.com"
                          },
                          {
                            "k": "name",
                            "v": "minjik39"
                          },
                          {
                            "k": "username",
                            "v": "minjik39"
                          }
                        ]
                      }
                    },
                    {
                      "k": "distinct",
                      "v": true
                    },
                    {
                      "k": "id",
                      "v": "e3384f124b6fb10d5781a6199b9a5fc5d596d2e9"
                    },
                    {
                      "k": "message",
                      "v": "re-trigger: restart workflow after accidental cancellation"
                    },
                    {
                      "k": "timestamp",
                      "v": "2026-04-03T19:37:43+09:00"
                    },
                    {
                      "k": "tree_id",
                      "v": "52a62192dfb7ce631fefdcd727f369b29248dba1"
                    },
                    {
                      "k": "url",
                      "v": "https://github.com/minjik39/opensource-hw2/commit/e3384f124b6fb10d5781a6199b9a5fc5d596d2e9"
                    }
                  ]
                }
              },
              {
                "k": "pusher",
                "v": {
                  "t": 2,
                  "d": [
                    {
                      "k": "email",
                      "v": "139597629+minjik39@users.noreply.github.com"
                    },
                    {
                      "k": "name",
                      "v": "minjik39"
                    }
                  ]
                }
              },
              {
                "k": "ref",
                "v": "refs/heads/main"
              },
              {
                "k": "repository",
                "v": {
                  "t": 2,
                  "d": [
                    {
                      "k": "allow_forking",
                      "v": true
                    },
                    {
                      "k": "archive_url",
                      "v": "https://api.github.com/repos/minjik39/opensource-hw2/{archive_format}{/ref}"
                    },
                    {
                      "k": "archived",
                      "v": false
                    },
                    {
                      "k": "assignees_url",
                      "v": "https://api.github.com/repos/minjik39/opensource-hw2/assignees{/user}"
                    },
                    {
                      "k": "blobs_url",
                      "v": "https://api.github.com/repos/minjik39/opensource-hw2/git/blobs{/sha}"
                    },
                    {
                      "k": "branches_url",
                      "v": "https://api.github.com/repos/minjik39/opensource-hw2/branches{/branch}"
                    },
                    {
                      "k": "clone_url",
                      "v": "https://github.com/minjik39/opensource-hw2.git"
                    },
                    {
                      "k": "collaborators_url",
                      "v": "https://api.github.com/repos/minjik39/opensource-hw2/collaborators{/collaborator}"
                    },
                    {
                      "k": "comments_url",
                      "v": "https://api.github.com/repos/minjik39/opensource-hw2/comments{/number}"
                    },
                    {
                      "k": "commits_url",
                      "v": "https://api.github.com/repos/minjik39/opensource-hw2/commits{/sha}"
                    },
                    {
                      "k": "compare_url",
                      "v": "https://api.github.com/repos/minjik39/opensource-hw2/compare/{base}...{head}"
                    },
                    {
                      "k": "contents_url",
                      "v": "https://api.github.com/repos/minjik39/opensource-hw2/contents/{+path}"
                    },
                    {
                      "k": "contributors_url",
                      "v": "https://api.github.com/repos/minjik39/opensource-hw2/contributors"
                    },
                    {
                      "k": "created_at",
                      "v": 1775196349.0
                    },
                    {
                      "k": "default_branch",
                      "v": "main"
                    },
                    {
                      "k": "deployments_url",
                      "v": "https://api.github.com/repos/minjik39/opensource-hw2/deployments"
                    },
                    {
                      "k": "description",
                      "v": null
                    },
                    {
                      "k": "disabled",
                      "v": false
                    },
                    {
                      "k": "downloads_url",
                      "v": "https://api.github.com/repos/minjik39/opensource-hw2/downloads"
                    },
                    {
                      "k": "events_url",
                      "v": "https://api.github.com/repos/minjik39/opensource-hw2/events"
                    },
                    {
                      "k": "fork",
                      "v": false
                    },
                    {
                      "k": "forks",
                      "v": 0.0
                    },
                    {
                      "k": "forks_count",
                      "v": 0.0
                    },
                    {
                      "k": "forks_url",
                      "v": "https://api.github.com/repos/minjik39/opensource-hw2/forks"
                    },
                    {
                      "k": "full_name",
                      "v": "minjik39/opensource-hw2"
                    },
                    {
                      "k": "git_commits_url",
                      "v": "https://api.github.com/repos/minjik39/opensource-hw2/git/commits{/sha}"
                    },
                    {
                      "k": "git_refs_url",
                      "v": "https://api.github.com/repos/minjik39/opensource-hw2/git/refs{/sha}"
                    },
                    {
                      "k": "git_tags_url",
                      "v": "https://api.github.com/repos/minjik39/opensource-hw2/git/tags{/sha}"
                    },
                    {
                      "k": "git_url",
                      "v": "git://github.com/minjik39/opensource-hw2.git"
                    },
                    {
                      "k": "has_discussions",
                      "v": false
                    },
                    {
                      "k": "has_downloads",
                      "v": true
                    },
                    {
                      "k": "has_issues",
                      "v": true
                    },
                    {
                      "k": "has_pages",
                      "v": false
                    },
                    {
                      "k": "has_projects",
                      "v": true
                    },
                    {
                      "k": "has_pull_requests",
                      "v": true
                    },
                    {
                      "k": "has_wiki",
                      "v": true
                    },
                    {
                      "k": "homepage",
                      "v": null
                    },
                    {
                      "k": "hooks_url",
                      "v": "https://api.github.com/repos/minjik39/opensource-hw2/hooks"
                    },
                    {
                      "k": "html_url",
                      "v": "https://github.com/minjik39/opensource-hw2"
                    },
                    {
                      "k": "id",
                      "v": 1200187896.0
                    },
                    {
                      "k": "is_template",
                      "v": false
                    },
                    {
                      "k": "issue_comment_url",
                      "v": "https://api.github.com/repos/minjik39/opensource-hw2/issues/comments{/number}"
                    },
                    {
                      "k": "issue_events_url",
                      "v": "https://api.github.com/repos/minjik39/opensource-hw2/issues/events{/number}"
                    },
                    {
                      "k": "issues_url",
                      "v": "https://api.github.com/repos/minjik39/opensource-hw2/issues{/number}"
                    },
                    {
                      "k": "keys_url",
                      "v": "https://api.github.com/repos/minjik39/opensource-hw2/keys{/key_id}"
                    },
                    {
                      "k": "labels_url",
                      "v": "https://api.github.com/repos/minjik39/opensource-hw2/labels{/name}"
                    },
                    {
                      "k": "language",
                      "v": "JavaScript"
                    },
                    {
                      "k": "languages_url",
                      "v": "https://api.github.com/repos/minjik39/opensource-hw2/languages"
                    },
                    {
                      "k": "license",
                      "v": null
                    },
                    {
                      "k": "master_branch",
                      "v": "main"
                    },
                    {
                      "k": "merges_url",
                      "v": "https://api.github.com/repos/minjik39/opensource-hw2/merges"
                    },
                    {
                      "k": "milestones_url",
                      "v": "https://api.github.com/repos/minjik39/opensource-hw2/milestones{/number}"
                    },
                    {
                      "k": "mirror_url",
                      "v": null
                    },
                    {
                      "k": "name",
                      "v": "opensource-hw2"
                    },
                    {
                      "k": "node_id",
                      "v": "R_kgDOR4lp-A"
                    },
                    {
                      "k": "notifications_url",
                      "v": "https://api.github.com/repos/minjik39/opensource-hw2/notifications{?since,all,participating}"
                    },
                    {
                      "k": "open_issues",
                      "v": 0.0
                    },
                    {
                      "k": "open_issues_count",
                      "v": 0.0
                    },
                    {
                      "k": "owner",
                      "v": {
                        "t": 2,
                        "d": [
                          {
                            "k": "avatar_url",
                            "v": "https://avatars.githubusercontent.com/u/139597629?v=4"
                          },
                          {
                            "k": "email",
                            "v": "139597629+minjik39@users.noreply.github.com"
                          },
                          {
                            "k": "events_url",
                            "v": "https://api.github.com/users/minjik39/events{/privacy}"
                          },
                          {
                            "k": "followers_url",
                            "v": "https://api.github.com/users/minjik39/followers"
                          },
                          {
                            "k": "following_url",
                            "v": "https://api.github.com/users/minjik39/following{/other_user}"
                          },
                          {
                            "k": "gists_url",
                            "v": "https://api.github.com/users/minjik39/gists{/gist_id}"
                          },
                          {
                            "k": "gravatar_id",
                            "v": ""
                          },
                          {
                            "k": "html_url",
                            "v": "https://github.com/minjik39"
                          },
                          {
                            "k": "id",
                            "v": 139597629.0
                          },
                          {
                            "k": "login",
                            "v": "minjik39"
                          },
                          {
                            "k": "name",
                            "v": "minjik39"
                          },
                          {
                            "k": "node_id",
                            "v": "U_kgDOCFIXPQ"
                          },
                          {
                            "k": "organizations_url",
                            "v": "https://api.github.com/users/minjik39/orgs"
                          },
                          {
                            "k": "received_events_url",
                            "v": "https://api.github.com/users/minjik39/received_events"
                          },
                          {
                            "k": "repos_url",
                            "v": "https://api.github.com/users/minjik39/repos"
                          },
                          {
                            "k": "site_admin",
                            "v": false
                          },
                          {
                            "k": "starred_url",
                            "v": "https://api.github.com/users/minjik39/starred{/owner}{/repo}"
                          },
                          {
                            "k": "subscriptions_url",
                            "v": "https://api.github.com/users/minjik39/subscriptions"
                          },
                          {
                            "k": "type",
                            "v": "User"
                          },
                          {
                            "k": "url",
                            "v": "https://api.github.com/users/minjik39"
                          },
                          {
                            "k": "user_view_type",
                            "v": "public"
                          }
                        ]
                      }
                    },
                    {
                      "k": "private",
                      "v": false
                    },
                    {
                      "k": "pull_request_creation_policy",
                      "v": "all"
                    },
                    {
                      "k": "pulls_url",
                      "v": "https://api.github.com/repos/minjik39/opensource-hw2/pulls{/number}"
                    },
                    {
                      "k": "pushed_at",
                      "v": 1775212535.0
                    },
                    {
                      "k": "releases_url",
                      "v": "https://api.github.com/repos/minjik39/opensource-hw2/releases{/id}"
                    },
                    {
                      "k": "size",
                      "v": 177171.0
                    },
                    {
                      "k": "ssh_url",
                      "v": "git@github.com:minjik39/opensource-hw2.git"
                    },
                    {
                      "k": "stargazers",
                      "v": 0.0
                    },
                    {
                      "k": "stargazers_count",
                      "v": 0.0
                    },
                    {
                      "k": "stargazers_url",
                      "v": "https://api.github.com/repos/minjik39/opensource-hw2/stargazers"
                    },
                    {
                      "k": "statuses_url",
                      "v": "https://api.github.com/repos/minjik39/opensource-hw2/statuses/{sha}"
                    },
                    {
                      "k": "subscribers_url",
                      "v": "https://api.github.com/repos/minjik39/opensource-hw2/subscribers"
                    },
                    {
                      "k": "subscription_url",
                      "v": "https://api.github.com/repos/minjik39/opensource-hw2/subscription"
                    },
                    {
                      "k": "svn_url",
                      "v": "https://github.com/minjik39/opensource-hw2"
                    },
                    {
                      "k": "tags_url",
                      "v": "https://api.github.com/repos/minjik39/opensource-hw2/tags"
                    },
                    {
                      "k": "teams_url",
                      "v": "https://api.github.com/repos/minjik39/opensource-hw2/teams"
                    },
                    {
                      "k": "topics",
                      "v": {
                        "t": 1
                      }
                    },
                    {
                      "k": "trees_url",
                      "v": "https://api.github.com/repos/minjik39/opensource-hw2/git/trees{/sha}"
                    },
                    {
                      "k": "updated_at",
                      "v": "2026-04-03T10:32:28Z"
                    },
                    {
                      "k": "url",
                      "v": "https://api.github.com/repos/minjik39/opensource-hw2"
                    },
                    {
                      "k": "visibility",
                      "v": "public"
                    },
                    {
                      "k": "watchers",
                      "v": 0.0
                    },
                    {
                      "k": "watchers_count",
                      "v": 0.0
                    },
                    {
                      "k": "web_commit_signoff_required",
                      "v": false
                    }
                  ]
                }
              },
              {
                "k": "sender",
                "v": {
                  "t": 2,
                  "d": [
                    {
                      "k": "avatar_url",
                      "v": "https://avatars.githubusercontent.com/u/139597629?v=4"
                    },
                    {
                      "k": "events_url",
                      "v": "https://api.github.com/users/minjik39/events{/privacy}"
                    },
                    {
                      "k": "followers_url",
                      "v": "https://api.github.com/users/minjik39/followers"
                    },
                    {
                      "k": "following_url",
                      "v": "https://api.github.com/users/minjik39/following{/other_user}"
                    },
                    {
                      "k": "gists_url",
                      "v": "https://api.github.com/users/minjik39/gists{/gist_id}"
                    },
                    {
                      "k": "gravatar_id",
                      "v": ""
                    },
                    {
                      "k": "html_url",
                      "v": "https://github.com/minjik39"
                    },
                    {
                      "k": "id",
                      "v": 139597629.0
                    },
                    {
                      "k": "login",
                      "v": "minjik39"
                    },
                    {
                      "k": "node_id",
                      "v": "U_kgDOCFIXPQ"
                    },
                    {
                      "k": "organizations_url",
                      "v": "https://api.github.com/users/minjik39/orgs"
                    },
                    {
                      "k": "received_events_url",
                      "v": "https://api.github.com/users/minjik39/received_events"
                    },
                    {
                      "k": "repos_url",
                      "v": "https://api.github.com/users/minjik39/repos"
                    },
                    {
                      "k": "site_admin",
                      "v": false
                    },
                    {
                      "k": "starred_url",
                      "v": "https://api.github.com/users/minjik39/starred{/owner}{/repo}"
                    },
                    {
                      "k": "subscriptions_url",
                      "v": "https://api.github.com/users/minjik39/subscriptions"
                    },
                    {
                      "k": "type",
                      "v": "User"
                    },
                    {
                      "k": "url",
                      "v": "https://api.github.com/users/minjik39"
                    },
                    {
                      "k": "user_view_type",
                      "v": "public"
                    }
                  ]
                }
              }
            ]
          }
        },
        {
          "k": "workflow_ref",
          "v": "minjik39/opensource-hw2/.github/workflows/ci.yml@refs/heads/main"
        },
        {
          "k": "workflow_sha",
          "v": "e3384f124b6fb10d5781a6199b9a5fc5d596d2e9"
        },
        {
          "k": "repository_id",
          "v": "1200187896"
        },
        {
          "k": "triggering_actor",
          "v": "minjik39"
        }
      ]
    },
    "inputs": {
      "t": 2
    },
    "job": {
      "t": 2,
      "d": [
        {
          "k": "check_run_id",
          "v": 69834690788.0
        }
      ]
    },
    "matrix": null,
    "needs": {
      "t": 2,
      "d": [
        {
          "k": "build-and-push",
          "v": {
            "t": 2,
            "d": [
              {
                "k": "result",
                "v": "success"
              },
              {
                "k": "outputs",
                "v": {
                  "t": 2
                }
              }
            ]
          }
        }
      ]
    },
    "strategy": {
      "t": 2,
      "d": [
        {
          "k": "fail-fast",
          "v": true
        },
        {
          "k": "job-index",
          "v": 0.0
        },
        {
          "k": "job-total",
          "v": 1.0
        },
        {
          "k": "max-parallel",
          "v": 1.0
        }
      ]
    },
    "vars": {
      "t": 2
    }
  },
  "billingOwnerId": "U_kgDOCFIXPQ"
}
[2026-04-03 10:43:48Z INFO JobRunner] Job ID 5ce3bf49-9fa2-5f7d-8624-84ea8f1343c4
[2026-04-03 10:43:48Z INFO ConfigurationStore] currentAssemblyLocation: D:\코딩\mlops_sentiment_api\actions-runner\actions-runner\bin\Runner.Worker.dll
[2026-04-03 10:43:48Z INFO HostContext] Well known directory 'Bin': 'D:\코딩\mlops_sentiment_api\actions-runner\actions-runner\bin'
[2026-04-03 10:43:48Z INFO ConfigurationStore] binPath: D:\코딩\mlops_sentiment_api\actions-runner\actions-runner\bin
[2026-04-03 10:43:48Z INFO HostContext] Well known directory 'Bin': 'D:\코딩\mlops_sentiment_api\actions-runner\actions-runner\bin'
[2026-04-03 10:43:48Z INFO HostContext] Well known directory 'Root': 'D:\코딩\mlops_sentiment_api\actions-runner\actions-runner'
[2026-04-03 10:43:48Z INFO ConfigurationStore] RootFolder: D:\코딩\mlops_sentiment_api\actions-runner\actions-runner
[2026-04-03 10:43:48Z INFO HostContext] Well known directory 'Bin': 'D:\코딩\mlops_sentiment_api\actions-runner\actions-runner\bin'
[2026-04-03 10:43:48Z INFO HostContext] Well known directory 'Root': 'D:\코딩\mlops_sentiment_api\actions-runner\actions-runner'
[2026-04-03 10:43:48Z INFO HostContext] Well known config file 'Runner': 'D:\코딩\mlops_sentiment_api\actions-runner\actions-runner\.runner'
[2026-04-03 10:43:48Z INFO ConfigurationStore] ConfigFilePath: D:\코딩\mlops_sentiment_api\actions-runner\actions-runner\.runner
[2026-04-03 10:43:48Z INFO HostContext] Well known directory 'Bin': 'D:\코딩\mlops_sentiment_api\actions-runner\actions-runner\bin'
[2026-04-03 10:43:48Z INFO HostContext] Well known directory 'Root': 'D:\코딩\mlops_sentiment_api\actions-runner\actions-runner'
[2026-04-03 10:43:48Z INFO HostContext] Well known config file 'MigratedRunner': 'D:\코딩\mlops_sentiment_api\actions-runner\actions-runner\.runner_migrated'
[2026-04-03 10:43:48Z INFO ConfigurationStore] MigratedConfigFilePath: D:\코딩\mlops_sentiment_api\actions-runner\actions-runner\.runner_migrated
[2026-04-03 10:43:48Z INFO HostContext] Well known directory 'Bin': 'D:\코딩\mlops_sentiment_api\actions-runner\actions-runner\bin'
[2026-04-03 10:43:48Z INFO HostContext] Well known directory 'Root': 'D:\코딩\mlops_sentiment_api\actions-runner\actions-runner'
[2026-04-03 10:43:48Z INFO HostContext] Well known config file 'Credentials': 'D:\코딩\mlops_sentiment_api\actions-runner\actions-runner\.credentials'
[2026-04-03 10:43:48Z INFO ConfigurationStore] CredFilePath: D:\코딩\mlops_sentiment_api\actions-runner\actions-runner\.credentials
[2026-04-03 10:43:48Z INFO HostContext] Well known directory 'Bin': 'D:\코딩\mlops_sentiment_api\actions-runner\actions-runner\bin'
[2026-04-03 10:43:48Z INFO HostContext] Well known directory 'Root': 'D:\코딩\mlops_sentiment_api\actions-runner\actions-runner'
[2026-04-03 10:43:48Z INFO HostContext] Well known config file 'MigratedCredentials': 'D:\코딩\mlops_sentiment_api\actions-runner\actions-runner\.credentials_migrated'
[2026-04-03 10:43:48Z INFO ConfigurationStore] MigratedCredFilePath: D:\코딩\mlops_sentiment_api\actions-runner\actions-runner\.credentials_migrated
[2026-04-03 10:43:48Z INFO HostContext] Well known directory 'Bin': 'D:\코딩\mlops_sentiment_api\actions-runner\actions-runner\bin'
[2026-04-03 10:43:48Z INFO HostContext] Well known directory 'Root': 'D:\코딩\mlops_sentiment_api\actions-runner\actions-runner'
[2026-04-03 10:43:48Z INFO HostContext] Well known config file 'Service': 'D:\코딩\mlops_sentiment_api\actions-runner\actions-runner\.service'
[2026-04-03 10:43:48Z INFO ConfigurationStore] ServiceConfigFilePath: D:\코딩\mlops_sentiment_api\actions-runner\actions-runner\.service
[2026-04-03 10:43:48Z INFO ConfigurationStore] Read setting file: 392 chars
[2026-04-03 10:43:48Z INFO JobRunner] Initializing launch client
[2026-04-03 10:43:48Z INFO JobServerQueue] Initializing results client
[2026-04-03 10:43:48Z INFO ResultServer] Creating websocket client ...wss://results-receiver.actions.githubusercontent.com/_ws/ingest.sock
[2026-04-03 10:43:48Z INFO ResultServer] Attempting to start websocket client with delay 00:00:00.
[2026-04-03 10:43:48Z INFO JobServerQueue] Start process web console line queue.
[2026-04-03 10:43:48Z INFO JobServerQueue] Start process file upload queue.
[2026-04-03 10:43:48Z INFO JobServerQueue] Start results file upload queue.
[2026-04-03 10:43:48Z INFO JobServerQueue] Starting results-based upload queue...
[2026-04-03 10:43:48Z INFO JobServerQueue] Start process timeline update queue.
[2026-04-03 10:43:48Z INFO ExecutionContext] Initializing Job context
[2026-04-03 10:43:48Z INFO ExecutionContext] Initialize GitHub context
[2026-04-03 10:43:48Z INFO ExecutionContext] Initialize Env context
[2026-04-03 10:43:48Z INFO HostContext] Well known directory 'Bin': 'D:\코딩\mlops_sentiment_api\actions-runner\actions-runner\bin'
[2026-04-03 10:43:48Z INFO HostContext] Well known directory 'Root': 'D:\코딩\mlops_sentiment_api\actions-runner\actions-runner'
[2026-04-03 10:43:48Z INFO HostContext] Well known directory 'Diag': 'D:\코딩\mlops_sentiment_api\actions-runner\actions-runner\_diag'
[2026-04-03 10:43:48Z INFO HostContext] Well known directory 'Bin': 'D:\코딩\mlops_sentiment_api\actions-runner\actions-runner\bin'
[2026-04-03 10:43:48Z INFO HostContext] Well known directory 'Root': 'D:\코딩\mlops_sentiment_api\actions-runner\actions-runner'
[2026-04-03 10:43:48Z INFO HostContext] Well known directory 'Diag': 'D:\코딩\mlops_sentiment_api\actions-runner\actions-runner\_diag'
[2026-04-03 10:43:48Z INFO JobRunner] Starting the job execution context.
[2026-04-03 10:43:48Z INFO HostContext] Well known directory 'Bin': 'D:\코딩\mlops_sentiment_api\actions-runner\actions-runner\bin'
[2026-04-03 10:43:48Z INFO HostContext] Well known directory 'Root': 'D:\코딩\mlops_sentiment_api\actions-runner\actions-runner'
[2026-04-03 10:43:48Z INFO HostContext] Well known directory 'Work': 'D:\코딩\mlops_sentiment_api\actions-runner\actions-runner\_work'
[2026-04-03 10:43:48Z INFO JobRunner] Validating directory permissions for: 'D:\코딩\mlops_sentiment_api\actions-runner\actions-runner\_work'
[2026-04-03 10:43:48Z INFO HostContext] Well known directory 'Bin': 'D:\코딩\mlops_sentiment_api\actions-runner\actions-runner\bin'
[2026-04-03 10:43:48Z INFO HostContext] Well known directory 'Root': 'D:\코딩\mlops_sentiment_api\actions-runner\actions-runner'
[2026-04-03 10:43:48Z INFO HostContext] Well known directory 'Work': 'D:\코딩\mlops_sentiment_api\actions-runner\actions-runner\_work'
[2026-04-03 10:43:48Z INFO HostContext] Well known directory 'Tools': 'D:\코딩\mlops_sentiment_api\actions-runner\actions-runner\_work\_tool'
[2026-04-03 10:43:48Z INFO HostContext] Well known directory 'Bin': 'D:\코딩\mlops_sentiment_api\actions-runner\actions-runner\bin'
[2026-04-03 10:43:48Z INFO HostContext] Well known directory 'Root': 'D:\코딩\mlops_sentiment_api\actions-runner\actions-runner'
[2026-04-03 10:43:48Z INFO HostContext] Well known directory 'Work': 'D:\코딩\mlops_sentiment_api\actions-runner\actions-runner\_work'
[2026-04-03 10:43:48Z INFO HostContext] Well known directory 'Temp': 'D:\코딩\mlops_sentiment_api\actions-runner\actions-runner\_work\_temp'
[2026-04-03 10:43:48Z INFO JobRunner] Getting job extension.
[2026-04-03 10:43:48Z INFO JobRunner] Initialize job. Getting all job steps.
[2026-04-03 10:43:48Z INFO HostContext] Well known directory 'Bin': 'D:\코딩\mlops_sentiment_api\actions-runner\actions-runner\bin'
[2026-04-03 10:43:48Z INFO HostContext] Well known directory 'Root': 'D:\코딩\mlops_sentiment_api\actions-runner\actions-runner'
[2026-04-03 10:43:48Z INFO HostContext] Well known directory 'Diag': 'D:\코딩\mlops_sentiment_api\actions-runner\actions-runner\_diag'
[2026-04-03 10:43:48Z INFO HostContext] Well known directory 'Bin': 'D:\코딩\mlops_sentiment_api\actions-runner\actions-runner\bin'
[2026-04-03 10:43:48Z INFO HostContext] Well known directory 'Root': 'D:\코딩\mlops_sentiment_api\actions-runner\actions-runner'
[2026-04-03 10:43:48Z INFO HostContext] Well known directory 'Diag': 'D:\코딩\mlops_sentiment_api\actions-runner\actions-runner\_diag'
[2026-04-03 10:43:48Z INFO HostContext] Well known directory 'Bin': 'D:\코딩\mlops_sentiment_api\actions-runner\actions-runner\bin'
[2026-04-03 10:43:48Z INFO HostContext] Well known directory 'Root': 'D:\코딩\mlops_sentiment_api\actions-runner\actions-runner'
[2026-04-03 10:43:48Z INFO HostContext] Well known config file 'Credentials': 'D:\코딩\mlops_sentiment_api\actions-runner\actions-runner\.credentials'
[2026-04-03 10:43:48Z INFO HostContext] Well known directory 'Bin': 'D:\코딩\mlops_sentiment_api\actions-runner\actions-runner\bin'
[2026-04-03 10:43:48Z INFO HostContext] Well known directory 'Root': 'D:\코딩\mlops_sentiment_api\actions-runner\actions-runner'
[2026-04-03 10:43:48Z INFO HostContext] Well known config file 'SetupInfo': 'D:\코딩\mlops_sentiment_api\actions-runner\actions-runner\.setup_info'
[2026-04-03 10:43:48Z INFO HostContext] Well known directory 'Bin': 'D:\코딩\mlops_sentiment_api\actions-runner\actions-runner\bin'
[2026-04-03 10:43:48Z INFO HostContext] Well known directory 'Root': 'D:\코딩\mlops_sentiment_api\actions-runner\actions-runner'
[2026-04-03 10:43:48Z INFO HostContext] Well known directory 'Work': 'D:\코딩\mlops_sentiment_api\actions-runner\actions-runner\_work'
[2026-04-03 10:43:48Z INFO PipelineDirectoryManager] Loading tracking config if exists: D:\코딩\mlops_sentiment_api\actions-runner\actions-runner\_work\_PipelineMapping\minjik39/opensource-hw2\PipelineFolder.json
[2026-04-03 10:43:48Z INFO PipelineDirectoryManager] Updating job run properties.
[2026-04-03 10:43:48Z INFO HostContext] Well known directory 'Bin': 'D:\코딩\mlops_sentiment_api\actions-runner\actions-runner\bin'
[2026-04-03 10:43:48Z INFO HostContext] Well known directory 'Root': 'D:\코딩\mlops_sentiment_api\actions-runner\actions-runner'
[2026-04-03 10:43:48Z INFO HostContext] Well known directory 'Work': 'D:\코딩\mlops_sentiment_api\actions-runner\actions-runner\_work'
[2026-04-03 10:43:48Z INFO HostContext] Well known directory 'Bin': 'D:\코딩\mlops_sentiment_api\actions-runner\actions-runner\bin'
[2026-04-03 10:43:48Z INFO HostContext] Well known directory 'Root': 'D:\코딩\mlops_sentiment_api\actions-runner\actions-runner'
[2026-04-03 10:43:48Z INFO HostContext] Well known directory 'Work': 'D:\코딩\mlops_sentiment_api\actions-runner\actions-runner\_work'
[2026-04-03 10:43:48Z INFO HostContext] Well known directory 'Bin': 'D:\코딩\mlops_sentiment_api\actions-runner\actions-runner\bin'
[2026-04-03 10:43:48Z INFO HostContext] Well known directory 'Root': 'D:\코딩\mlops_sentiment_api\actions-runner\actions-runner'
[2026-04-03 10:43:48Z INFO HostContext] Well known directory 'Work': 'D:\코딩\mlops_sentiment_api\actions-runner\actions-runner\_work'
[2026-04-03 10:43:48Z INFO JobExtension] Downloading actions
[2026-04-03 10:43:48Z INFO HostContext] Well known directory 'Bin': 'D:\코딩\mlops_sentiment_api\actions-runner\actions-runner\bin'
[2026-04-03 10:43:48Z INFO HostContext] Well known directory 'Root': 'D:\코딩\mlops_sentiment_api\actions-runner\actions-runner'
[2026-04-03 10:43:48Z INFO HostContext] Well known directory 'Work': 'D:\코딩\mlops_sentiment_api\actions-runner\actions-runner\_work'
[2026-04-03 10:43:48Z INFO HostContext] Well known directory 'Actions': 'D:\코딩\mlops_sentiment_api\actions-runner\actions-runner\_work\_actions'
[2026-04-03 10:43:48Z INFO Worker] Listening for cancel message from the channel.
[2026-04-03 10:43:48Z INFO Worker] Waiting for the job to complete or for a cancel message from the channel.
[2026-04-03 10:43:49Z INFO ResultServer] Successfully started websocket client.
[2026-04-03 10:43:49Z INFO JobServerQueue] Try to append 1 batches web console lines for record 'cb60e2f2-e915-4970-b19e-e4ac7a7ccbcc', success rate: 1/1.
[2026-04-03 10:43:49Z INFO HostContext] Well known directory 'Bin': 'D:\코딩\mlops_sentiment_api\actions-runner\actions-runner\bin'
[2026-04-03 10:43:49Z INFO HostContext] Well known directory 'Root': 'D:\코딩\mlops_sentiment_api\actions-runner\actions-runner'
[2026-04-03 10:43:49Z INFO HostContext] Well known directory 'Work': 'D:\코딩\mlops_sentiment_api\actions-runner\actions-runner\_work'
[2026-04-03 10:43:49Z INFO HostContext] Well known directory 'Actions': 'D:\코딩\mlops_sentiment_api\actions-runner\actions-runner\_work\_actions'
[2026-04-03 10:43:49Z INFO HostContext] Well known directory 'Bin': 'D:\코딩\mlops_sentiment_api\actions-runner\actions-runner\bin'
[2026-04-03 10:43:49Z INFO HostContext] Well known directory 'Root': 'D:\코딩\mlops_sentiment_api\actions-runner\actions-runner'
[2026-04-03 10:43:49Z INFO HostContext] Well known directory 'Work': 'D:\코딩\mlops_sentiment_api\actions-runner\actions-runner\_work'
[2026-04-03 10:43:49Z INFO HostContext] Well known directory 'Actions': 'D:\코딩\mlops_sentiment_api\actions-runner\actions-runner\_work\_actions'
[2026-04-03 10:43:49Z INFO ActionManager] Save archive 'https://api.github.com/repos/docker/login-action/zipball/c94ce9fb468520275223c153574b00df6fe4bcc9' into D:\코딩\mlops_sentiment_api\actions-runner\actions-runner\_work\_actions\_temp_2f1a13ee-0019-41df-9737-53c7826c5da4\cff52bf0-c549-4312-9424-845ebc36a54b.zip.
[2026-04-03 10:43:49Z INFO JobServerQueue] Job timeline record has been updated for the first time.
[2026-04-03 10:43:49Z INFO JobServerQueue] Try to append 1 batches web console lines for record 'cb60e2f2-e915-4970-b19e-e4ac7a7ccbcc', success rate: 1/1.
[2026-04-03 10:43:50Z INFO ActionManager] Request URL: https://api.github.com/repos/docker/login-action/zipball/c94ce9fb468520275223c153574b00df6fe4bcc9 X-GitHub-Request-Id: 3738:16ED49:C4F3:5848E:69CF9960 Http Status: OK
[2026-04-03 10:43:50Z INFO ActionManager] Finished getting action repository.
[2026-04-03 10:43:50Z INFO HostContext] Well known directory 'Bin': 'D:\코딩\mlops_sentiment_api\actions-runner\actions-runner\bin'
[2026-04-03 10:43:50Z INFO HostContext] Well known directory 'Root': 'D:\코딩\mlops_sentiment_api\actions-runner\actions-runner'
[2026-04-03 10:43:50Z INFO HostContext] Well known directory 'Work': 'D:\코딩\mlops_sentiment_api\actions-runner\actions-runner\_work'
[2026-04-03 10:43:50Z INFO HostContext] Well known directory 'Actions': 'D:\코딩\mlops_sentiment_api\actions-runner\actions-runner\_work\_actions'
[2026-04-03 10:43:50Z INFO ActionManifestManagerLegacy] Load schema file with definitions: [
  "null",
  "boolean",
  "number",
  "string",
  "sequence",
  "mapping",
  "any",
  "action-root",
  "inputs",
  "input",
  "outputs",
  "output-definition",
  "runs",
  "container-runs",
  "container-runs-args",
  "container-runs-env",
  "node-runs",
  "plugin-runs",
  "composite-runs",
  "composite-steps",
  "composite-step",
  "run-step",
  "uses-step",
  "container-runs-context",
  "output-value",
  "input-default-context",
  "non-empty-string",
  "string-steps-context",
  "boolean-steps-context",
  "step-env",
  "step-if",
  "step-with"
]
[2026-04-03 10:43:50Z INFO ActionManifestManager] Load schema file with definitions: [
  "null",
  "boolean",
  "number",
  "string",
  "sequence",
  "mapping",
  "any",
  "action-root",
  "inputs",
  "input",
  "outputs",
  "output-definition",
  "runs",
  "container-runs",
  "container-runs-args",
  "container-runs-env",
  "node-runs",
  "plugin-runs",
  "composite-runs",
  "composite-steps",
  "composite-step",
  "run-step",
  "uses-step",
  "container-runs-context",
  "output-value",
  "input-default-context",
  "non-empty-string",
  "string-steps-context",
  "boolean-steps-context",
  "step-env",
  "step-if",
  "step-with"
]
[2026-04-03 10:43:50Z INFO HostContext] Well known directory 'Bin': 'D:\코딩\mlops_sentiment_api\actions-runner\actions-runner\bin'
[2026-04-03 10:43:50Z INFO HostContext] Well known directory 'Root': 'D:\코딩\mlops_sentiment_api\actions-runner\actions-runner'
[2026-04-03 10:43:50Z INFO HostContext] Well known directory 'Work': 'D:\코딩\mlops_sentiment_api\actions-runner\actions-runner\_work'
[2026-04-03 10:43:50Z INFO HostContext] Well known directory 'Actions': 'D:\코딩\mlops_sentiment_api\actions-runner\actions-runner\_work\_actions'
[2026-04-03 10:43:50Z INFO ActionManifestManagerLegacy] Ignore action property author.
[2026-04-03 10:43:50Z INFO ActionManifestManagerLegacy] Ignore action property branding.
[2026-04-03 10:43:50Z INFO ActionManifestManagerLegacy] Loaded action.yml file: {
  "name": "Docker Login",
  "description": "GitHub Action to login against a Docker registry",
  "inputs": {
    "type": 2,
    "map": [
      {
        "key": {
          "type": 0,
          "file": 2,
          "line": 10,
          "col": 3,
          "lit": "registry"
        },
        "value": ""
      },
      {
        "key": {
          "type": 0,
          "file": 2,
          "line": 13,
          "col": 3,
          "lit": "username"
        },
        "value": ""
      },
      {
        "key": {
          "type": 0,
          "file": 2,
          "line": 16,
          "col": 3,
          "lit": "password"
        },
        "value": ""
      },
      {
        "key": {
          "type": 0,
          "file": 2,
          "line": 19,
          "col": 3,
          "lit": "ecr"
        },
        "value": ""
      },
      {
        "key": {
          "type": 0,
          "file": 2,
          "line": 22,
          "col": 3,
          "lit": "scope"
        },
        "value": ""
      },
      {
        "key": {
          "type": 0,
          "file": 2,
          "line": 25,
          "col": 3,
          "lit": "logout"
        },
        "value": {
          "type": 0,
          "file": 2,
          "line": 27,
          "col": 14,
          "lit": "true"
        }
      },
      {
        "key": {
          "type": 0,
          "file": 2,
          "line": 29,
          "col": 3,
          "lit": "registry-auth"
        },
        "value": ""
      }
    ]
  },
  "execution": {
    "executionType": "nodeJS",
    "hasPre": false,
    "hasPost": true,
    "script": "dist/index.js",
    "pre": null,
    "post": "dist/index.js",
    "nodeVersion": "node20",
    "cleanupCondition": "always()",
    "initCondition": "always()"
  },
  "deprecated": null
}
[2026-04-03 10:43:50Z INFO ActionManager] Action node.js file: dist/index.js, no more preparation.
[2026-04-03 10:43:50Z INFO HostContext] Well known directory 'Bin': 'D:\코딩\mlops_sentiment_api\actions-runner\actions-runner\bin'
[2026-04-03 10:43:50Z INFO HostContext] Well known directory 'Root': 'D:\코딩\mlops_sentiment_api\actions-runner\actions-runner'
[2026-04-03 10:43:50Z INFO HostContext] Well known directory 'Work': 'D:\코딩\mlops_sentiment_api\actions-runner\actions-runner\_work'
[2026-04-03 10:43:50Z INFO HostContext] Well known directory 'Actions': 'D:\코딩\mlops_sentiment_api\actions-runner\actions-runner\_work\_actions'
[2026-04-03 10:43:50Z INFO ActionManager] Load action that reference repository from 'D:\코딩\mlops_sentiment_api\actions-runner\actions-runner\_work\_actions\docker\login-action\v3'
[2026-04-03 10:43:50Z INFO HostContext] Well known directory 'Bin': 'D:\코딩\mlops_sentiment_api\actions-runner\actions-runner\bin'
[2026-04-03 10:43:50Z INFO HostContext] Well known directory 'Root': 'D:\코딩\mlops_sentiment_api\actions-runner\actions-runner'
[2026-04-03 10:43:50Z INFO HostContext] Well known directory 'Work': 'D:\코딩\mlops_sentiment_api\actions-runner\actions-runner\_work'
[2026-04-03 10:43:50Z INFO HostContext] Well known directory 'Actions': 'D:\코딩\mlops_sentiment_api\actions-runner\actions-runner\_work\_actions'
[2026-04-03 10:43:50Z INFO ActionManifestManagerLegacy] Ignore action property author.
[2026-04-03 10:43:50Z INFO ActionManifestManagerLegacy] Ignore action property branding.
[2026-04-03 10:43:50Z INFO ActionManifestManagerLegacy] Loaded action.yml file: {
  "name": "Docker Login",
  "description": "GitHub Action to login against a Docker registry",
  "inputs": {
    "type": 2,
    "map": [
      {
        "key": {
          "type": 0,
          "file": 2,
          "line": 10,
          "col": 3,
          "lit": "registry"
        },
        "value": ""
      },
      {
        "key": {
          "type": 0,
          "file": 2,
          "line": 13,
          "col": 3,
          "lit": "username"
        },
        "value": ""
      },
      {
        "key": {
          "type": 0,
          "file": 2,
          "line": 16,
          "col": 3,
          "lit": "password"
        },
        "value": ""
      },
      {
        "key": {
          "type": 0,
          "file": 2,
          "line": 19,
          "col": 3,
          "lit": "ecr"
        },
        "value": ""
      },
      {
        "key": {
          "type": 0,
          "file": 2,
          "line": 22,
          "col": 3,
          "lit": "scope"
        },
        "value": ""
      },
      {
        "key": {
          "type": 0,
          "file": 2,
          "line": 25,
          "col": 3,
          "lit": "logout"
        },
        "value": {
          "type": 0,
          "file": 2,
          "line": 27,
          "col": 14,
          "lit": "true"
        }
      },
      {
        "key": {
          "type": 0,
          "file": 2,
          "line": 29,
          "col": 3,
          "lit": "registry-auth"
        },
        "value": ""
      }
    ]
  },
  "execution": {
    "executionType": "nodeJS",
    "hasPre": false,
    "hasPost": true,
    "script": "dist/index.js",
    "pre": null,
    "post": "dist/index.js",
    "nodeVersion": "node20",
    "cleanupCondition": "always()",
    "initCondition": "always()"
  },
  "deprecated": null
}
[2026-04-03 10:43:50Z INFO ActionManager] Action pre node.js file: N/A.
[2026-04-03 10:43:50Z INFO ActionManager] Action node.js file: dist/index.js.
[2026-04-03 10:43:50Z INFO ActionManager] Action post node.js file: dist/index.js.
[2026-04-03 10:43:50Z INFO JobExtension] Adding .
[2026-04-03 10:43:50Z INFO JobExtension] Adding .
[2026-04-03 10:43:50Z INFO JobExtension] Adding .
[2026-04-03 10:43:50Z INFO JobExtension] Adding .
[2026-04-03 10:43:50Z INFO JobExtension] Adding .
[2026-04-03 10:43:50Z INFO JobExtension] Adding .
[2026-04-03 10:43:50Z INFO JobExtension] Adding .
[2026-04-03 10:43:50Z INFO HostContext] Well known directory 'Bin': 'D:\코딩\mlops_sentiment_api\actions-runner\actions-runner\bin'
[2026-04-03 10:43:50Z INFO HostContext] Well known directory 'Root': 'D:\코딩\mlops_sentiment_api\actions-runner\actions-runner'
[2026-04-03 10:43:50Z INFO HostContext] Well known directory 'Diag': 'D:\코딩\mlops_sentiment_api\actions-runner\actions-runner\_diag'
[2026-04-03 10:43:50Z INFO HostContext] Well known directory 'Bin': 'D:\코딩\mlops_sentiment_api\actions-runner\actions-runner\bin'
[2026-04-03 10:43:50Z INFO HostContext] Well known directory 'Root': 'D:\코딩\mlops_sentiment_api\actions-runner\actions-runner'
[2026-04-03 10:43:50Z INFO HostContext] Well known directory 'Diag': 'D:\코딩\mlops_sentiment_api\actions-runner\actions-runner\_diag'
[2026-04-03 10:43:50Z INFO HostContext] Well known directory 'Bin': 'D:\코딩\mlops_sentiment_api\actions-runner\actions-runner\bin'
[2026-04-03 10:43:50Z INFO HostContext] Well known directory 'Root': 'D:\코딩\mlops_sentiment_api\actions-runner\actions-runner'
[2026-04-03 10:43:50Z INFO HostContext] Well known directory 'Diag': 'D:\코딩\mlops_sentiment_api\actions-runner\actions-runner\_diag'
[2026-04-03 10:43:50Z INFO HostContext] Well known directory 'Bin': 'D:\코딩\mlops_sentiment_api\actions-runner\actions-runner\bin'
[2026-04-03 10:43:50Z INFO HostContext] Well known directory 'Root': 'D:\코딩\mlops_sentiment_api\actions-runner\actions-runner'
[2026-04-03 10:43:50Z INFO HostContext] Well known directory 'Diag': 'D:\코딩\mlops_sentiment_api\actions-runner\actions-runner\_diag'
[2026-04-03 10:43:50Z INFO HostContext] Well known directory 'Bin': 'D:\코딩\mlops_sentiment_api\actions-runner\actions-runner\bin'
[2026-04-03 10:43:50Z INFO HostContext] Well known directory 'Root': 'D:\코딩\mlops_sentiment_api\actions-runner\actions-runner'
[2026-04-03 10:43:50Z INFO HostContext] Well known directory 'Diag': 'D:\코딩\mlops_sentiment_api\actions-runner\actions-runner\_diag'
[2026-04-03 10:43:50Z INFO HostContext] Well known directory 'Bin': 'D:\코딩\mlops_sentiment_api\actions-runner\actions-runner\bin'
[2026-04-03 10:43:50Z INFO HostContext] Well known directory 'Root': 'D:\코딩\mlops_sentiment_api\actions-runner\actions-runner'
[2026-04-03 10:43:50Z INFO HostContext] Well known directory 'Diag': 'D:\코딩\mlops_sentiment_api\actions-runner\actions-runner\_diag'
[2026-04-03 10:43:50Z INFO HostContext] Well known directory 'Bin': 'D:\코딩\mlops_sentiment_api\actions-runner\actions-runner\bin'
[2026-04-03 10:43:50Z INFO HostContext] Well known directory 'Root': 'D:\코딩\mlops_sentiment_api\actions-runner\actions-runner'
[2026-04-03 10:43:50Z INFO HostContext] Well known directory 'Diag': 'D:\코딩\mlops_sentiment_api\actions-runner\actions-runner\_diag'
[2026-04-03 10:43:50Z INFO HostContext] Well known directory 'Bin': 'D:\코딩\mlops_sentiment_api\actions-runner\actions-runner\bin'
[2026-04-03 10:43:50Z INFO HostContext] Well known directory 'Root': 'D:\코딩\mlops_sentiment_api\actions-runner\actions-runner'
[2026-04-03 10:43:50Z INFO HostContext] Well known directory 'Diag': 'D:\코딩\mlops_sentiment_api\actions-runner\actions-runner\_diag'
[2026-04-03 10:43:50Z INFO HostContext] Well known directory 'Bin': 'D:\코딩\mlops_sentiment_api\actions-runner\actions-runner\bin'
[2026-04-03 10:43:50Z INFO HostContext] Well known directory 'Root': 'D:\코딩\mlops_sentiment_api\actions-runner\actions-runner'
[2026-04-03 10:43:50Z INFO HostContext] Well known directory 'Diag': 'D:\코딩\mlops_sentiment_api\actions-runner\actions-runner\_diag'
[2026-04-03 10:43:50Z INFO HostContext] Well known directory 'Bin': 'D:\코딩\mlops_sentiment_api\actions-runner\actions-runner\bin'
[2026-04-03 10:43:50Z INFO HostContext] Well known directory 'Root': 'D:\코딩\mlops_sentiment_api\actions-runner\actions-runner'
[2026-04-03 10:43:50Z INFO HostContext] Well known directory 'Diag': 'D:\코딩\mlops_sentiment_api\actions-runner\actions-runner\_diag'
[2026-04-03 10:43:50Z INFO HostContext] Well known directory 'Bin': 'D:\코딩\mlops_sentiment_api\actions-runner\actions-runner\bin'
[2026-04-03 10:43:50Z INFO HostContext] Well known directory 'Root': 'D:\코딩\mlops_sentiment_api\actions-runner\actions-runner'
[2026-04-03 10:43:50Z INFO HostContext] Well known directory 'Diag': 'D:\코딩\mlops_sentiment_api\actions-runner\actions-runner\_diag'
[2026-04-03 10:43:50Z INFO HostContext] Well known directory 'Bin': 'D:\코딩\mlops_sentiment_api\actions-runner\actions-runner\bin'
[2026-04-03 10:43:50Z INFO HostContext] Well known directory 'Root': 'D:\코딩\mlops_sentiment_api\actions-runner\actions-runner'
[2026-04-03 10:43:50Z INFO HostContext] Well known directory 'Diag': 'D:\코딩\mlops_sentiment_api\actions-runner\actions-runner\_diag'
[2026-04-03 10:43:50Z INFO HostContext] Well known directory 'Bin': 'D:\코딩\mlops_sentiment_api\actions-runner\actions-runner\bin'
[2026-04-03 10:43:50Z INFO HostContext] Well known directory 'Root': 'D:\코딩\mlops_sentiment_api\actions-runner\actions-runner'
[2026-04-03 10:43:50Z INFO HostContext] Well known directory 'Diag': 'D:\코딩\mlops_sentiment_api\actions-runner\actions-runner\_diag'
[2026-04-03 10:43:50Z INFO HostContext] Well known directory 'Bin': 'D:\코딩\mlops_sentiment_api\actions-runner\actions-runner\bin'
[2026-04-03 10:43:50Z INFO HostContext] Well known directory 'Root': 'D:\코딩\mlops_sentiment_api\actions-runner\actions-runner'
[2026-04-03 10:43:50Z INFO HostContext] Well known directory 'Diag': 'D:\코딩\mlops_sentiment_api\actions-runner\actions-runner\_diag'
[2026-04-03 10:43:50Z INFO JobExtension] Total accessible running process: 380.
[2026-04-03 10:43:50Z INFO HostContext] Well known directory 'Bin': 'D:\코딩\mlops_sentiment_api\actions-runner\actions-runner\bin'
[2026-04-03 10:43:50Z INFO HostContext] Well known directory 'Root': 'D:\코딩\mlops_sentiment_api\actions-runner\actions-runner'
[2026-04-03 10:43:50Z INFO HostContext] Well known directory 'Work': 'D:\코딩\mlops_sentiment_api\actions-runner\actions-runner\_work'
[2026-04-03 10:43:50Z INFO JobExtension] Start checking server connectivity.
[2026-04-03 10:43:50Z INFO JobExtension] Check server connectivity for https://broker.actions.githubusercontent.com/health.
[2026-04-03 10:43:50Z INFO JobExtension] Check server connectivity for https://token.actions.githubusercontent.com/ready.
[2026-04-03 10:43:50Z INFO JobExtension] Check server connectivity for https://run.actions.githubusercontent.com/health.
[2026-04-03 10:43:50Z INFO JobExtension] Start checking service connectivity in background.
[2026-04-03 10:43:50Z INFO ExecutionContext] Publish step telemetry for current step {
  "action": "setup_job",
  "type": "runner",
  "stage": "Pre",
  "stepId": "cb60e2f2-e915-4970-b19e-e4ac7a7ccbcc",
  "result": "succeeded",
  "errorMessages": [],
  "executionTimeInSeconds": 2,
  "startTime": "2026-04-03T10:43:48.5329187Z",
  "finishTime": "2026-04-03T10:43:50.2172479Z"
}.
[2026-04-03 10:43:50Z INFO JobRunner] Total job steps: 7.
[2026-04-03 10:43:50Z INFO JobRunner] Run all job steps.
[2026-04-03 10:43:50Z INFO StepsRunner] Processing step: DisplayName='Log in to Docker Hub'
[2026-04-03 10:43:50Z INFO StepsRunner] Evaluating: success()
[2026-04-03 10:43:50Z INFO StepsRunner] Result: true
[2026-04-03 10:43:50Z INFO StepsRunner] Starting the step.
[2026-04-03 10:43:50Z INFO HostContext] Well known directory 'Bin': 'D:\코딩\mlops_sentiment_api\actions-runner\actions-runner\bin'
[2026-04-03 10:43:50Z INFO HostContext] Well known directory 'Root': 'D:\코딩\mlops_sentiment_api\actions-runner\actions-runner'
[2026-04-03 10:43:50Z INFO HostContext] Well known directory 'Work': 'D:\코딩\mlops_sentiment_api\actions-runner\actions-runner\_work'
[2026-04-03 10:43:50Z INFO StepsRunner] Which2: 'chcp'
[2026-04-03 10:43:50Z INFO StepsRunner] Location: 'C:\WINDOWS\system32\chcp.COM'
[2026-04-03 10:43:50Z INFO ProcessInvokerWrapper] Starting process:
[2026-04-03 10:43:50Z INFO ProcessInvokerWrapper]   File name: 'C:\WINDOWS\system32\chcp.COM'
[2026-04-03 10:43:50Z INFO ProcessInvokerWrapper]   Arguments: '65001'
[2026-04-03 10:43:50Z INFO ProcessInvokerWrapper]   Working directory: 'D:\코딩\mlops_sentiment_api\actions-runner\actions-runner\_work'
[2026-04-03 10:43:50Z INFO ProcessInvokerWrapper]   Require exit code zero: 'False'
[2026-04-03 10:43:50Z INFO ProcessInvokerWrapper]   Encoding web name:  ; code page: ''
[2026-04-03 10:43:50Z INFO ProcessInvokerWrapper]   Force kill process on cancellation: 'False'
[2026-04-03 10:43:50Z INFO ProcessInvokerWrapper]   Redirected STDIN: 'False'
[2026-04-03 10:43:50Z INFO ProcessInvokerWrapper]   Persist current code page: 'True'
[2026-04-03 10:43:50Z INFO ProcessInvokerWrapper]   Keep redirected STDIN open: 'False'
[2026-04-03 10:43:50Z INFO ProcessInvokerWrapper]   High priority process: 'False'
[2026-04-03 10:43:50Z INFO ProcessInvokerWrapper] Process started with process id 30776, waiting for process exit.
[2026-04-03 10:43:50Z INFO ProcessInvokerWrapper] STDOUT/STDERR stream read finished.
[2026-04-03 10:43:50Z INFO ProcessInvokerWrapper] STDOUT/STDERR stream read finished.
[2026-04-03 10:43:50Z INFO ProcessInvokerWrapper] Finished process 30776 with exit code 0, and elapsed time 00:00:00.0292599.
[2026-04-03 10:43:50Z INFO StepsRunner] Successfully returned to code page 65001 (UTF8)
[2026-04-03 10:43:50Z INFO HostContext] Well known directory 'Bin': 'D:\코딩\mlops_sentiment_api\actions-runner\actions-runner\bin'
[2026-04-03 10:43:50Z INFO HostContext] Well known directory 'Root': 'D:\코딩\mlops_sentiment_api\actions-runner\actions-runner'
[2026-04-03 10:43:50Z INFO HostContext] Well known directory 'Work': 'D:\코딩\mlops_sentiment_api\actions-runner\actions-runner\_work'
[2026-04-03 10:43:50Z INFO HostContext] Well known directory 'Actions': 'D:\코딩\mlops_sentiment_api\actions-runner\actions-runner\_work\_actions'
[2026-04-03 10:43:50Z INFO ActionManager] Load action that reference repository from 'D:\코딩\mlops_sentiment_api\actions-runner\actions-runner\_work\_actions\docker\login-action\v3'
[2026-04-03 10:43:50Z INFO HostContext] Well known directory 'Bin': 'D:\코딩\mlops_sentiment_api\actions-runner\actions-runner\bin'
[2026-04-03 10:43:50Z INFO HostContext] Well known directory 'Root': 'D:\코딩\mlops_sentiment_api\actions-runner\actions-runner'
[2026-04-03 10:43:50Z INFO HostContext] Well known directory 'Work': 'D:\코딩\mlops_sentiment_api\actions-runner\actions-runner\_work'
[2026-04-03 10:43:50Z INFO HostContext] Well known directory 'Actions': 'D:\코딩\mlops_sentiment_api\actions-runner\actions-runner\_work\_actions'
[2026-04-03 10:43:50Z INFO ActionManifestManagerLegacy] Ignore action property author.
[2026-04-03 10:43:50Z INFO ActionManifestManagerLegacy] Ignore action property branding.
[2026-04-03 10:43:50Z INFO ActionManifestManagerLegacy] Loaded action.yml file: {
  "name": "Docker Login",
  "description": "GitHub Action to login against a Docker registry",
  "inputs": {
    "type": 2,
    "map": [
      {
        "key": {
          "type": 0,
          "file": 2,
          "line": 10,
          "col": 3,
          "lit": "registry"
        },
        "value": ""
      },
      {
        "key": {
          "type": 0,
          "file": 2,
          "line": 13,
          "col": 3,
          "lit": "username"
        },
        "value": ""
      },
      {
        "key": {
          "type": 0,
          "file": 2,
          "line": 16,
          "col": 3,
          "lit": "password"
        },
        "value": ""
      },
      {
        "key": {
          "type": 0,
          "file": 2,
          "line": 19,
          "col": 3,
          "lit": "ecr"
        },
        "value": ""
      },
      {
        "key": {
          "type": 0,
          "file": 2,
          "line": 22,
          "col": 3,
          "lit": "scope"
        },
        "value": ""
      },
      {
        "key": {
          "type": 0,
          "file": 2,
          "line": 25,
          "col": 3,
          "lit": "logout"
        },
        "value": {
          "type": 0,
          "file": 2,
          "line": 27,
          "col": 14,
          "lit": "true"
        }
      },
      {
        "key": {
          "type": 0,
          "file": 2,
          "line": 29,
          "col": 3,
          "lit": "registry-auth"
        },
        "value": ""
      }
    ]
  },
  "execution": {
    "executionType": "nodeJS",
    "hasPre": false,
    "hasPost": true,
    "script": "dist/index.js",
    "pre": null,
    "post": "dist/index.js",
    "nodeVersion": "node20",
    "cleanupCondition": "always()",
    "initCondition": "always()"
  },
  "deprecated": null
}
[2026-04-03 10:43:50Z INFO ActionManager] Action pre node.js file: N/A.
[2026-04-03 10:43:50Z INFO ActionManager] Action node.js file: dist/index.js.
[2026-04-03 10:43:50Z INFO ActionManager] Action post node.js file: dist/index.js.
[2026-04-03 10:43:50Z INFO ExecutionContext] Reserve record order 9 to 16 for post job actions.
[2026-04-03 10:43:50Z INFO HostContext] Well known directory 'Bin': 'D:\코딩\mlops_sentiment_api\actions-runner\actions-runner\bin'
[2026-04-03 10:43:50Z INFO HostContext] Well known directory 'Root': 'D:\코딩\mlops_sentiment_api\actions-runner\actions-runner'
[2026-04-03 10:43:50Z INFO HostContext] Well known directory 'Diag': 'D:\코딩\mlops_sentiment_api\actions-runner\actions-runner\_diag'
[2026-04-03 10:43:50Z INFO HostContext] Well known directory 'Bin': 'D:\코딩\mlops_sentiment_api\actions-runner\actions-runner\bin'
[2026-04-03 10:43:50Z INFO HostContext] Well known directory 'Root': 'D:\코딩\mlops_sentiment_api\actions-runner\actions-runner'
[2026-04-03 10:43:50Z INFO HostContext] Well known directory 'Diag': 'D:\코딩\mlops_sentiment_api\actions-runner\actions-runner\_diag'
[2026-04-03 10:43:50Z INFO HostContext] Well known directory 'Bin': 'D:\코딩\mlops_sentiment_api\actions-runner\actions-runner\bin'
[2026-04-03 10:43:50Z INFO HostContext] Well known directory 'Root': 'D:\코딩\mlops_sentiment_api\actions-runner\actions-runner'
[2026-04-03 10:43:50Z INFO HostContext] Well known directory 'Work': 'D:\코딩\mlops_sentiment_api\actions-runner\actions-runner\_work'
[2026-04-03 10:43:50Z INFO HostContext] Well known directory 'Temp': 'D:\코딩\mlops_sentiment_api\actions-runner\actions-runner\_work\_temp'
[2026-04-03 10:43:50Z INFO ExecutionContext] Write event payload to D:\코딩\mlops_sentiment_api\actions-runner\actions-runner\_work\_temp\_github_workflow\event.json
[2026-04-03 10:43:50Z INFO HostContext] Well known directory 'Bin': 'D:\코딩\mlops_sentiment_api\actions-runner\actions-runner\bin'
[2026-04-03 10:43:50Z INFO HostContext] Well known directory 'Root': 'D:\코딩\mlops_sentiment_api\actions-runner\actions-runner'
[2026-04-03 10:43:50Z INFO HostContext] Well known directory 'Work': 'D:\코딩\mlops_sentiment_api\actions-runner\actions-runner\_work'
[2026-04-03 10:43:50Z INFO HostContext] Well known directory 'Temp': 'D:\코딩\mlops_sentiment_api\actions-runner\actions-runner\_work\_temp'
[2026-04-03 10:43:50Z INFO ExtensionManager] Getting extensions for interface: 'GitHub.Runner.Worker.IFileCommandExtension'
[2026-04-03 10:43:50Z INFO ExtensionManager] Creating instance: GitHub.Runner.Worker.AddPathFileCommand, Runner.Worker
[2026-04-03 10:43:50Z INFO ExtensionManager] Creating instance: GitHub.Runner.Worker.SetEnvFileCommand, Runner.Worker
[2026-04-03 10:43:50Z INFO ExtensionManager] Creating instance: GitHub.Runner.Worker.CreateStepSummaryCommand, Runner.Worker
[2026-04-03 10:43:50Z INFO ExtensionManager] Creating instance: GitHub.Runner.Worker.SaveStateFileCommand, Runner.Worker
[2026-04-03 10:43:50Z INFO ExtensionManager] Creating instance: GitHub.Runner.Worker.SetOutputFileCommand, Runner.Worker
[2026-04-03 10:43:50Z INFO ActionManifestManagerLegacy] Input 'registry': default value evaluate result: ""
[2026-04-03 10:43:50Z INFO ActionManifestManagerLegacy] Input 'ecr': default value evaluate result: ""
[2026-04-03 10:43:50Z INFO ActionManifestManagerLegacy] Input 'scope': default value evaluate result: ""
[2026-04-03 10:43:50Z INFO ActionManifestManagerLegacy] Input 'logout': default value evaluate result: {
  "type": 0,
  "file": 2,
  "line": 27,
  "col": 14,
  "lit": "true"
}
[2026-04-03 10:43:50Z INFO ActionManifestManagerLegacy] Input 'registry-auth': default value evaluate result: ""
[2026-04-03 10:43:50Z INFO ExtensionManager] Getting extensions for interface: 'GitHub.Runner.Worker.IActionCommandExtension'
[2026-04-03 10:43:50Z INFO ExtensionManager] Creating instance: GitHub.Runner.Worker.InternalPluginSetRepoPathCommandExtension, Runner.Worker
[2026-04-03 10:43:50Z INFO ExtensionManager] Creating instance: GitHub.Runner.Worker.SetEnvCommandExtension, Runner.Worker
[2026-04-03 10:43:50Z INFO ExtensionManager] Creating instance: GitHub.Runner.Worker.SetOutputCommandExtension, Runner.Worker
[2026-04-03 10:43:50Z INFO ExtensionManager] Creating instance: GitHub.Runner.Worker.SaveStateCommandExtension, Runner.Worker
[2026-04-03 10:43:50Z INFO ExtensionManager] Creating instance: GitHub.Runner.Worker.AddPathCommandExtension, Runner.Worker
[2026-04-03 10:43:50Z INFO ExtensionManager] Creating instance: GitHub.Runner.Worker.AddMaskCommandExtension, Runner.Worker
[2026-04-03 10:43:50Z INFO ExtensionManager] Creating instance: GitHub.Runner.Worker.AddMatcherCommandExtension, Runner.Worker
[2026-04-03 10:43:50Z INFO ExtensionManager] Creating instance: GitHub.Runner.Worker.RemoveMatcherCommandExtension, Runner.Worker
[2026-04-03 10:43:50Z INFO ExtensionManager] Creating instance: GitHub.Runner.Worker.WarningCommandExtension, Runner.Worker
[2026-04-03 10:43:50Z INFO ExtensionManager] Creating instance: GitHub.Runner.Worker.ErrorCommandExtension, Runner.Worker
[2026-04-03 10:43:50Z INFO ExtensionManager] Creating instance: GitHub.Runner.Worker.NoticeCommandExtension, Runner.Worker
[2026-04-03 10:43:50Z INFO ExtensionManager] Creating instance: GitHub.Runner.Worker.DebugCommandExtension, Runner.Worker
[2026-04-03 10:43:50Z INFO ExtensionManager] Creating instance: GitHub.Runner.Worker.GroupCommandExtension, Runner.Worker
[2026-04-03 10:43:50Z INFO ExtensionManager] Creating instance: GitHub.Runner.Worker.EndGroupCommandExtension, Runner.Worker
[2026-04-03 10:43:50Z INFO ExtensionManager] Creating instance: GitHub.Runner.Worker.EchoCommandExtension, Runner.Worker
[2026-04-03 10:43:50Z INFO ActionCommandManager] Register action command extension for command internal-set-repo-path
[2026-04-03 10:43:50Z INFO ActionCommandManager] Register action command extension for command set-env
[2026-04-03 10:43:50Z INFO ActionCommandManager] Register action command extension for command set-output
[2026-04-03 10:43:50Z INFO ActionCommandManager] Register action command extension for command save-state
[2026-04-03 10:43:50Z INFO ActionCommandManager] Register action command extension for command add-path
[2026-04-03 10:43:50Z INFO ActionCommandManager] Register action command extension for command add-mask
[2026-04-03 10:43:50Z INFO ActionCommandManager] Register action command extension for command add-matcher
[2026-04-03 10:43:50Z INFO ActionCommandManager] Register action command extension for command remove-matcher
[2026-04-03 10:43:50Z INFO ActionCommandManager] Register action command extension for command warning
[2026-04-03 10:43:50Z INFO ActionCommandManager] Register action command extension for command error
[2026-04-03 10:43:50Z INFO ActionCommandManager] Register action command extension for command notice
[2026-04-03 10:43:50Z INFO ActionCommandManager] Register action command extension for command debug
[2026-04-03 10:43:50Z INFO ActionCommandManager] Register action command extension for command group
[2026-04-03 10:43:50Z INFO ActionCommandManager] Register action command extension for command endgroup
[2026-04-03 10:43:50Z INFO ActionCommandManager] Register action command extension for command echo
[2026-04-03 10:43:50Z INFO HostContext] Well known directory 'Bin': 'D:\코딩\mlops_sentiment_api\actions-runner\actions-runner\bin'
[2026-04-03 10:43:50Z INFO HostContext] Well known directory 'Root': 'D:\코딩\mlops_sentiment_api\actions-runner\actions-runner'
[2026-04-03 10:43:50Z INFO HostContext] Well known directory 'Externals': 'D:\코딩\mlops_sentiment_api\actions-runner\actions-runner\externals'
[2026-04-03 10:43:50Z INFO ProcessInvokerWrapper] Starting process:
[2026-04-03 10:43:50Z INFO ProcessInvokerWrapper]   File name: 'D:\코딩\mlops_sentiment_api\actions-runner\actions-runner\externals\node24\bin\node.exe'
[2026-04-03 10:43:50Z INFO ProcessInvokerWrapper]   Arguments: '"D:\코딩\mlops_sentiment_api\actions-runner\actions-runner\_work\_actions\docker\login-action\v3\dist/index.js"'
[2026-04-03 10:43:50Z INFO ProcessInvokerWrapper]   Working directory: 'D:\코딩\mlops_sentiment_api\actions-runner\actions-runner\_work\opensource-hw2\opensource-hw2'
[2026-04-03 10:43:50Z INFO ProcessInvokerWrapper]   Require exit code zero: 'False'
[2026-04-03 10:43:50Z INFO ProcessInvokerWrapper]   Encoding web name: utf-8 ; code page: '65001'
[2026-04-03 10:43:50Z INFO ProcessInvokerWrapper]   Force kill process on cancellation: 'False'
[2026-04-03 10:43:50Z INFO ProcessInvokerWrapper]   Redirected STDIN: 'False'
[2026-04-03 10:43:50Z INFO ProcessInvokerWrapper]   Persist current code page: 'True'
[2026-04-03 10:43:50Z INFO ProcessInvokerWrapper]   Keep redirected STDIN open: 'False'
[2026-04-03 10:43:50Z INFO ProcessInvokerWrapper]   High priority process: 'False'
[2026-04-03 10:43:50Z INFO ProcessInvokerWrapper] Process started with process id 2920, waiting for process exit.
[2026-04-03 10:43:50Z INFO JobServerQueue] Try to append 1 batches web console lines for record 'cb60e2f2-e915-4970-b19e-e4ac7a7ccbcc', success rate: 1/1.
[2026-04-03 10:43:50Z INFO JobServerQueue] Try to append 1 batches web console lines for record 'c8408622-663f-44af-a20d-2c2a79cf38a8', success rate: 1/1.
[2026-04-03 10:43:50Z INFO JobServerQueue] Got a step log file to send to results service.
[2026-04-03 10:43:50Z INFO JobServerQueue] Starting upload of step log file to results service ResultsLog, D:\코딩\mlops_sentiment_api\actions-runner\actions-runner\_diag\blocks\0d7fe58e-15e7-4c7c-a976-dc55a507b46e_cb60e2f2-e915-4970-b19e-e4ac7a7ccbcc.1
[2026-04-03 10:43:50Z INFO JobServerQueue] Try to upload 1 log files or attachments, success rate: 1/1.
[2026-04-03 10:43:50Z INFO JobServerQueue] Try to append 1 batches web console lines for record 'c8408622-663f-44af-a20d-2c2a79cf38a8', success rate: 1/1.
[2026-04-03 10:43:51Z INFO JobServerQueue] Tried to upload 1 file(s) to results, success rate: 1/1.
[2026-04-03 10:43:53Z INFO ProcessInvokerWrapper] STDOUT/STDERR stream read finished.
[2026-04-03 10:43:53Z INFO ProcessInvokerWrapper] STDOUT/STDERR stream read finished.
[2026-04-03 10:43:53Z INFO ProcessInvokerWrapper] Finished process 2920 with exit code 0, and elapsed time 00:00:02.9858590.
[2026-04-03 10:43:53Z INFO CreateStepSummaryCommand] Step Summary file (D:\코딩\mlops_sentiment_api\actions-runner\actions-runner\_work\_temp\_runner_file_commands\step_summary_06895c8a-edc4-4bf6-8dcc-b5ff73188f41) is empty; skipping attachment upload
[2026-04-03 10:43:53Z INFO StepsRunner] Step result: 
[2026-04-03 10:43:53Z INFO ExecutionContext] Publish step telemetry for current step {
  "action": "docker/login-action",
  "ref": "v3",
  "type": "node24",
  "stage": "Main",
  "stepId": "c8408622-663f-44af-a20d-2c2a79cf38a8",
  "stepContextName": "__docker_login-action",
  "hasPreStep": false,
  "hasPostStep": true,
  "result": "succeeded",
  "errorMessages": [],
  "executionTimeInSeconds": 4,
  "startTime": "2026-04-03T10:43:50.2236857Z",
  "finishTime": "2026-04-03T10:43:53.2817361Z"
}.
[2026-04-03 10:43:53Z INFO StepsRunner] No need for updating job result with current step result 'Succeeded'.
[2026-04-03 10:43:53Z INFO StepsRunner] Current state: job state = ''
[2026-04-03 10:43:53Z INFO StepsRunner] Processing step: DisplayName='Check Docker is running'
[2026-04-03 10:43:53Z INFO StepsRunner] Evaluating: success()
[2026-04-03 10:43:53Z INFO StepsRunner] Result: true
[2026-04-03 10:43:53Z INFO StepsRunner] Starting the step.
[2026-04-03 10:43:53Z INFO HostContext] Well known directory 'Bin': 'D:\코딩\mlops_sentiment_api\actions-runner\actions-runner\bin'
[2026-04-03 10:43:53Z INFO HostContext] Well known directory 'Root': 'D:\코딩\mlops_sentiment_api\actions-runner\actions-runner'
[2026-04-03 10:43:53Z INFO HostContext] Well known directory 'Work': 'D:\코딩\mlops_sentiment_api\actions-runner\actions-runner\_work'
[2026-04-03 10:43:53Z INFO StepsRunner] Which2: 'chcp'
[2026-04-03 10:43:53Z INFO StepsRunner] Location: 'C:\WINDOWS\system32\chcp.COM'
[2026-04-03 10:43:53Z INFO ProcessInvokerWrapper] Starting process:
[2026-04-03 10:43:53Z INFO ProcessInvokerWrapper]   File name: 'C:\WINDOWS\system32\chcp.COM'
[2026-04-03 10:43:53Z INFO ProcessInvokerWrapper]   Arguments: '65001'
[2026-04-03 10:43:53Z INFO ProcessInvokerWrapper]   Working directory: 'D:\코딩\mlops_sentiment_api\actions-runner\actions-runner\_work'
[2026-04-03 10:43:53Z INFO ProcessInvokerWrapper]   Require exit code zero: 'False'
[2026-04-03 10:43:53Z INFO ProcessInvokerWrapper]   Encoding web name:  ; code page: ''
[2026-04-03 10:43:53Z INFO ProcessInvokerWrapper]   Force kill process on cancellation: 'False'
[2026-04-03 10:43:53Z INFO ProcessInvokerWrapper]   Redirected STDIN: 'False'
[2026-04-03 10:43:53Z INFO ProcessInvokerWrapper]   Persist current code page: 'True'
[2026-04-03 10:43:53Z INFO ProcessInvokerWrapper]   Keep redirected STDIN open: 'False'
[2026-04-03 10:43:53Z INFO ProcessInvokerWrapper]   High priority process: 'False'
[2026-04-03 10:43:53Z INFO ProcessInvokerWrapper] Process started with process id 13332, waiting for process exit.
[2026-04-03 10:43:53Z INFO ProcessInvokerWrapper] STDOUT/STDERR stream read finished.
[2026-04-03 10:43:53Z INFO ProcessInvokerWrapper] STDOUT/STDERR stream read finished.
[2026-04-03 10:43:53Z INFO ProcessInvokerWrapper] Finished process 13332 with exit code 0, and elapsed time 00:00:00.0066468.
[2026-04-03 10:43:53Z INFO StepsRunner] Successfully returned to code page 65001 (UTF8)
[2026-04-03 10:43:53Z INFO HostContext] Well known directory 'Bin': 'D:\코딩\mlops_sentiment_api\actions-runner\actions-runner\bin'
[2026-04-03 10:43:53Z INFO HostContext] Well known directory 'Root': 'D:\코딩\mlops_sentiment_api\actions-runner\actions-runner'
[2026-04-03 10:43:53Z INFO HostContext] Well known directory 'Work': 'D:\코딩\mlops_sentiment_api\actions-runner\actions-runner\_work'
[2026-04-03 10:43:53Z INFO HostContext] Well known directory 'Temp': 'D:\코딩\mlops_sentiment_api\actions-runner\actions-runner\_work\_temp'
[2026-04-03 10:43:53Z INFO ExecutionContext] Write event payload to D:\코딩\mlops_sentiment_api\actions-runner\actions-runner\_work\_temp\_github_workflow\event.json
[2026-04-03 10:43:53Z INFO HostContext] Well known directory 'Bin': 'D:\코딩\mlops_sentiment_api\actions-runner\actions-runner\bin'
[2026-04-03 10:43:53Z INFO HostContext] Well known directory 'Root': 'D:\코딩\mlops_sentiment_api\actions-runner\actions-runner'
[2026-04-03 10:43:53Z INFO HostContext] Well known directory 'Work': 'D:\코딩\mlops_sentiment_api\actions-runner\actions-runner\_work'
[2026-04-03 10:43:53Z INFO HostContext] Well known directory 'Temp': 'D:\코딩\mlops_sentiment_api\actions-runner\actions-runner\_work\_temp'
[2026-04-03 10:43:53Z INFO ExtensionManager] Getting extensions for interface: 'GitHub.Runner.Worker.IFileCommandExtension'
[2026-04-03 10:43:53Z INFO ExtensionManager] Getting extensions for interface: 'GitHub.Runner.Worker.IActionCommandExtension'
[2026-04-03 10:43:53Z INFO ActionCommandManager] Register action command extension for command internal-set-repo-path
[2026-04-03 10:43:53Z INFO ActionCommandManager] Register action command extension for command set-env
[2026-04-03 10:43:53Z INFO ActionCommandManager] Register action command extension for command set-output
[2026-04-03 10:43:53Z INFO ActionCommandManager] Register action command extension for command save-state
[2026-04-03 10:43:53Z INFO ActionCommandManager] Register action command extension for command add-path
[2026-04-03 10:43:53Z INFO ActionCommandManager] Register action command extension for command add-mask
[2026-04-03 10:43:53Z INFO ActionCommandManager] Register action command extension for command add-matcher
[2026-04-03 10:43:53Z INFO ActionCommandManager] Register action command extension for command remove-matcher
[2026-04-03 10:43:53Z INFO ActionCommandManager] Register action command extension for command warning
[2026-04-03 10:43:53Z INFO ActionCommandManager] Register action command extension for command error
[2026-04-03 10:43:53Z INFO ActionCommandManager] Register action command extension for command notice
[2026-04-03 10:43:53Z INFO ActionCommandManager] Register action command extension for command debug
[2026-04-03 10:43:53Z INFO ActionCommandManager] Register action command extension for command group
[2026-04-03 10:43:53Z INFO ActionCommandManager] Register action command extension for command endgroup
[2026-04-03 10:43:53Z INFO ActionCommandManager] Register action command extension for command echo
[2026-04-03 10:43:53Z INFO ScriptHandler] Which2: 'cmd'
[2026-04-03 10:43:53Z INFO ScriptHandler] Location: 'C:\WINDOWS\system32\cmd.EXE'
[2026-04-03 10:43:53Z INFO HostContext] Well known directory 'Bin': 'D:\코딩\mlops_sentiment_api\actions-runner\actions-runner\bin'
[2026-04-03 10:43:53Z INFO HostContext] Well known directory 'Root': 'D:\코딩\mlops_sentiment_api\actions-runner\actions-runner'
[2026-04-03 10:43:53Z INFO HostContext] Well known directory 'Work': 'D:\코딩\mlops_sentiment_api\actions-runner\actions-runner\_work'
[2026-04-03 10:43:53Z INFO HostContext] Well known directory 'Temp': 'D:\코딩\mlops_sentiment_api\actions-runner\actions-runner\_work\_temp'
[2026-04-03 10:43:53Z INFO ScriptHandler] Which2: 'cmd'
[2026-04-03 10:43:53Z INFO ScriptHandler] Location: 'C:\WINDOWS\system32\cmd.EXE'
[2026-04-03 10:43:53Z INFO ProcessInvokerWrapper] Starting process:
[2026-04-03 10:43:53Z INFO ProcessInvokerWrapper]   File name: 'C:\WINDOWS\system32\cmd.EXE'
[2026-04-03 10:43:53Z INFO ProcessInvokerWrapper]   Arguments: '/D /E:ON /V:OFF /S /C "CALL "D:\코딩\mlops_sentiment_api\actions-runner\actions-runner\_work\_temp\cd7f51f6-718f-4e2d-989d-07bc89933426.cmd""'
[2026-04-03 10:43:53Z INFO ProcessInvokerWrapper]   Working directory: 'D:\코딩\mlops_sentiment_api\actions-runner\actions-runner\_work\opensource-hw2\opensource-hw2'
[2026-04-03 10:43:53Z INFO ProcessInvokerWrapper]   Require exit code zero: 'False'
[2026-04-03 10:43:53Z INFO ProcessInvokerWrapper]   Encoding web name:  ; code page: ''
[2026-04-03 10:43:53Z INFO ProcessInvokerWrapper]   Force kill process on cancellation: 'False'
[2026-04-03 10:43:53Z INFO ProcessInvokerWrapper]   Redirected STDIN: 'False'
[2026-04-03 10:43:53Z INFO ProcessInvokerWrapper]   Persist current code page: 'True'
[2026-04-03 10:43:53Z INFO ProcessInvokerWrapper]   Keep redirected STDIN open: 'False'
[2026-04-03 10:43:53Z INFO ProcessInvokerWrapper]   High priority process: 'False'
[2026-04-03 10:43:53Z INFO JobServerQueue] Try to append 1 batches web console lines for record 'c8408622-663f-44af-a20d-2c2a79cf38a8', success rate: 1/1.
[2026-04-03 10:43:53Z INFO JobServerQueue] Try to append 1 batches web console lines for record 'ea2e67ce-beb0-4bca-8bc2-6730f7ba9322', success rate: 1/1.
[2026-04-03 10:43:53Z INFO ProcessInvokerWrapper] Process started with process id 31512, waiting for process exit.
[2026-04-03 10:43:53Z INFO ProcessInvokerWrapper] STDOUT/STDERR stream read finished.
[2026-04-03 10:43:53Z INFO ProcessInvokerWrapper] STDOUT/STDERR stream read finished.
[2026-04-03 10:43:53Z INFO ProcessInvokerWrapper] Finished process 31512 with exit code 0, and elapsed time 00:00:00.2541360.
[2026-04-03 10:43:53Z INFO CreateStepSummaryCommand] Step Summary file (D:\코딩\mlops_sentiment_api\actions-runner\actions-runner\_work\_temp\_runner_file_commands\step_summary_547716fb-e700-4555-8902-1ef394818e70) is empty; skipping attachment upload
[2026-04-03 10:43:53Z INFO StepsRunner] Step result: 
[2026-04-03 10:43:53Z INFO ExecutionContext] Publish step telemetry for current step {
  "action": "cmd",
  "type": "run",
  "stage": "Main",
  "stepId": "ea2e67ce-beb0-4bca-8bc2-6730f7ba9322",
  "stepContextName": "__run",
  "result": "succeeded",
  "errorMessages": [],
  "executionTimeInSeconds": 1,
  "startTime": "2026-04-03T10:43:53.2824271Z",
  "finishTime": "2026-04-03T10:43:53.5538028Z"
}.
[2026-04-03 10:43:53Z INFO StepsRunner] No need for updating job result with current step result 'Succeeded'.
[2026-04-03 10:43:53Z INFO StepsRunner] Current state: job state = ''
[2026-04-03 10:43:53Z INFO StepsRunner] Processing step: DisplayName='Pull latest image from Docker Hub'
[2026-04-03 10:43:53Z INFO StepsRunner] Evaluating: success()
[2026-04-03 10:43:53Z INFO StepsRunner] Result: true
[2026-04-03 10:43:53Z INFO StepsRunner] Starting the step.
[2026-04-03 10:43:53Z INFO HostContext] Well known directory 'Bin': 'D:\코딩\mlops_sentiment_api\actions-runner\actions-runner\bin'
[2026-04-03 10:43:53Z INFO HostContext] Well known directory 'Root': 'D:\코딩\mlops_sentiment_api\actions-runner\actions-runner'
[2026-04-03 10:43:53Z INFO HostContext] Well known directory 'Work': 'D:\코딩\mlops_sentiment_api\actions-runner\actions-runner\_work'
[2026-04-03 10:43:53Z INFO StepsRunner] Which2: 'chcp'
[2026-04-03 10:43:53Z INFO StepsRunner] Location: 'C:\WINDOWS\system32\chcp.COM'
[2026-04-03 10:43:53Z INFO ProcessInvokerWrapper] Starting process:
[2026-04-03 10:43:53Z INFO ProcessInvokerWrapper]   File name: 'C:\WINDOWS\system32\chcp.COM'
[2026-04-03 10:43:53Z INFO ProcessInvokerWrapper]   Arguments: '65001'
[2026-04-03 10:43:53Z INFO ProcessInvokerWrapper]   Working directory: 'D:\코딩\mlops_sentiment_api\actions-runner\actions-runner\_work'
[2026-04-03 10:43:53Z INFO ProcessInvokerWrapper]   Require exit code zero: 'False'
[2026-04-03 10:43:53Z INFO ProcessInvokerWrapper]   Encoding web name:  ; code page: ''
[2026-04-03 10:43:53Z INFO ProcessInvokerWrapper]   Force kill process on cancellation: 'False'
[2026-04-03 10:43:53Z INFO ProcessInvokerWrapper]   Redirected STDIN: 'False'
[2026-04-03 10:43:53Z INFO ProcessInvokerWrapper]   Persist current code page: 'True'
[2026-04-03 10:43:53Z INFO ProcessInvokerWrapper]   Keep redirected STDIN open: 'False'
[2026-04-03 10:43:53Z INFO ProcessInvokerWrapper]   High priority process: 'False'
[2026-04-03 10:43:53Z INFO ProcessInvokerWrapper] Process started with process id 32052, waiting for process exit.
[2026-04-03 10:43:53Z INFO ProcessInvokerWrapper] STDOUT/STDERR stream read finished.
[2026-04-03 10:43:53Z INFO ProcessInvokerWrapper] STDOUT/STDERR stream read finished.
[2026-04-03 10:43:53Z INFO ProcessInvokerWrapper] Finished process 32052 with exit code 0, and elapsed time 00:00:00.0067494.
[2026-04-03 10:43:53Z INFO StepsRunner] Successfully returned to code page 65001 (UTF8)
[2026-04-03 10:43:53Z INFO HostContext] Well known directory 'Bin': 'D:\코딩\mlops_sentiment_api\actions-runner\actions-runner\bin'
[2026-04-03 10:43:53Z INFO HostContext] Well known directory 'Root': 'D:\코딩\mlops_sentiment_api\actions-runner\actions-runner'
[2026-04-03 10:43:53Z INFO HostContext] Well known directory 'Work': 'D:\코딩\mlops_sentiment_api\actions-runner\actions-runner\_work'
[2026-04-03 10:43:53Z INFO HostContext] Well known directory 'Temp': 'D:\코딩\mlops_sentiment_api\actions-runner\actions-runner\_work\_temp'
[2026-04-03 10:43:53Z INFO JobServerQueue] Try to upload 2 log files or attachments, success rate: 2/2.
[2026-04-03 10:43:53Z INFO ExecutionContext] Write event payload to D:\코딩\mlops_sentiment_api\actions-runner\actions-runner\_work\_temp\_github_workflow\event.json
[2026-04-03 10:43:53Z INFO JobServerQueue] Try to append 2 batches web console lines for record 'ea2e67ce-beb0-4bca-8bc2-6730f7ba9322', success rate: 2/2.
[2026-04-03 10:43:53Z INFO HostContext] Well known directory 'Bin': 'D:\코딩\mlops_sentiment_api\actions-runner\actions-runner\bin'
[2026-04-03 10:43:53Z INFO HostContext] Well known directory 'Root': 'D:\코딩\mlops_sentiment_api\actions-runner\actions-runner'
[2026-04-03 10:43:53Z INFO HostContext] Well known directory 'Work': 'D:\코딩\mlops_sentiment_api\actions-runner\actions-runner\_work'
[2026-04-03 10:43:53Z INFO HostContext] Well known directory 'Temp': 'D:\코딩\mlops_sentiment_api\actions-runner\actions-runner\_work\_temp'
[2026-04-03 10:43:53Z INFO ExtensionManager] Getting extensions for interface: 'GitHub.Runner.Worker.IFileCommandExtension'
[2026-04-03 10:43:53Z INFO ExtensionManager] Getting extensions for interface: 'GitHub.Runner.Worker.IActionCommandExtension'
[2026-04-03 10:43:53Z INFO ActionCommandManager] Register action command extension for command internal-set-repo-path
[2026-04-03 10:43:53Z INFO ActionCommandManager] Register action command extension for command set-env
[2026-04-03 10:43:53Z INFO ActionCommandManager] Register action command extension for command set-output
[2026-04-03 10:43:53Z INFO ActionCommandManager] Register action command extension for command save-state
[2026-04-03 10:43:53Z INFO ActionCommandManager] Register action command extension for command add-path
[2026-04-03 10:43:53Z INFO ActionCommandManager] Register action command extension for command add-mask
[2026-04-03 10:43:53Z INFO ActionCommandManager] Register action command extension for command add-matcher
[2026-04-03 10:43:53Z INFO ActionCommandManager] Register action command extension for command remove-matcher
[2026-04-03 10:43:53Z INFO ActionCommandManager] Register action command extension for command warning
[2026-04-03 10:43:53Z INFO ActionCommandManager] Register action command extension for command error
[2026-04-03 10:43:53Z INFO ActionCommandManager] Register action command extension for command notice
[2026-04-03 10:43:53Z INFO ActionCommandManager] Register action command extension for command debug
[2026-04-03 10:43:53Z INFO ActionCommandManager] Register action command extension for command group
[2026-04-03 10:43:53Z INFO ActionCommandManager] Register action command extension for command endgroup
[2026-04-03 10:43:53Z INFO ActionCommandManager] Register action command extension for command echo
[2026-04-03 10:43:53Z INFO ScriptHandler] Which2: 'cmd'
[2026-04-03 10:43:53Z INFO ScriptHandler] Location: 'C:\WINDOWS\system32\cmd.EXE'
[2026-04-03 10:43:53Z INFO HostContext] Well known directory 'Bin': 'D:\코딩\mlops_sentiment_api\actions-runner\actions-runner\bin'
[2026-04-03 10:43:53Z INFO HostContext] Well known directory 'Root': 'D:\코딩\mlops_sentiment_api\actions-runner\actions-runner'
[2026-04-03 10:43:53Z INFO HostContext] Well known directory 'Work': 'D:\코딩\mlops_sentiment_api\actions-runner\actions-runner\_work'
[2026-04-03 10:43:53Z INFO HostContext] Well known directory 'Temp': 'D:\코딩\mlops_sentiment_api\actions-runner\actions-runner\_work\_temp'
[2026-04-03 10:43:53Z INFO ScriptHandler] Which2: 'cmd'
[2026-04-03 10:43:53Z INFO ScriptHandler] Location: 'C:\WINDOWS\system32\cmd.EXE'
[2026-04-03 10:43:53Z INFO ProcessInvokerWrapper] Starting process:
[2026-04-03 10:43:53Z INFO ProcessInvokerWrapper]   File name: 'C:\WINDOWS\system32\cmd.EXE'
[2026-04-03 10:43:53Z INFO ProcessInvokerWrapper]   Arguments: '/D /E:ON /V:OFF /S /C "CALL "D:\코딩\mlops_sentiment_api\actions-runner\actions-runner\_work\_temp\c18599e7-5168-42d8-bcaa-34cfdb3a65b6.cmd""'
[2026-04-03 10:43:53Z INFO ProcessInvokerWrapper]   Working directory: 'D:\코딩\mlops_sentiment_api\actions-runner\actions-runner\_work\opensource-hw2\opensource-hw2'
[2026-04-03 10:43:53Z INFO ProcessInvokerWrapper]   Require exit code zero: 'False'
[2026-04-03 10:43:53Z INFO ProcessInvokerWrapper]   Encoding web name:  ; code page: ''
[2026-04-03 10:43:53Z INFO ProcessInvokerWrapper]   Force kill process on cancellation: 'False'
[2026-04-03 10:43:53Z INFO ProcessInvokerWrapper]   Redirected STDIN: 'False'
[2026-04-03 10:43:53Z INFO ProcessInvokerWrapper]   Persist current code page: 'True'
[2026-04-03 10:43:53Z INFO ProcessInvokerWrapper]   Keep redirected STDIN open: 'False'
[2026-04-03 10:43:53Z INFO ProcessInvokerWrapper]   High priority process: 'False'
[2026-04-03 10:43:53Z INFO ProcessInvokerWrapper] Process started with process id 12080, waiting for process exit.
[2026-04-03 10:43:53Z INFO JobServerQueue] Got a step log file to send to results service.
[2026-04-03 10:43:53Z INFO JobServerQueue] Starting upload of step log file to results service ResultsLog, D:\코딩\mlops_sentiment_api\actions-runner\actions-runner\_diag\blocks\0d7fe58e-15e7-4c7c-a976-dc55a507b46e_c8408622-663f-44af-a20d-2c2a79cf38a8.1
[2026-04-03 10:43:53Z INFO JobServerQueue] Try to append 1 batches web console lines for record '0ceda88b-1312-4d10-94c7-5b9f15b36e79', success rate: 1/1.
[2026-04-03 10:43:54Z INFO JobServerQueue] Got a step log file to send to results service.
[2026-04-03 10:43:54Z INFO JobServerQueue] Starting upload of step log file to results service ResultsLog, D:\코딩\mlops_sentiment_api\actions-runner\actions-runner\_diag\blocks\0d7fe58e-15e7-4c7c-a976-dc55a507b46e_ea2e67ce-beb0-4bca-8bc2-6730f7ba9322.1
[2026-04-03 10:43:55Z INFO JobServerQueue] Tried to upload 2 file(s) to results, success rate: 2/2.
[2026-04-03 10:43:55Z INFO JobServerQueue] Try to append 1 batches web console lines for record '0ceda88b-1312-4d10-94c7-5b9f15b36e79', success rate: 1/1.
[2026-04-03 10:43:56Z INFO JobServerQueue] Try to append 1 batches web console lines for record '0ceda88b-1312-4d10-94c7-5b9f15b36e79', success rate: 1/1.
[2026-04-03 10:43:57Z INFO JobServerQueue] Try to append 1 batches web console lines for record '0ceda88b-1312-4d10-94c7-5b9f15b36e79', success rate: 1/1.
[2026-04-03 10:43:57Z INFO JobServerQueue] Try to append 1 batches web console lines for record '0ceda88b-1312-4d10-94c7-5b9f15b36e79', success rate: 1/1.
[2026-04-03 10:43:58Z INFO JobServerQueue] Try to append 1 batches web console lines for record '0ceda88b-1312-4d10-94c7-5b9f15b36e79', success rate: 1/1.
[2026-04-03 10:44:00Z INFO HostContext] Well known directory 'Bin': 'D:\코딩\mlops_sentiment_api\actions-runner\actions-runner\bin'
[2026-04-03 10:44:00Z INFO HostContext] Well known directory 'Root': 'D:\코딩\mlops_sentiment_api\actions-runner\actions-runner'
[2026-04-03 10:44:00Z INFO HostContext] Well known directory 'Work': 'D:\코딩\mlops_sentiment_api\actions-runner\actions-runner\_work'
[2026-04-03 10:44:10Z INFO HostContext] Well known directory 'Bin': 'D:\코딩\mlops_sentiment_api\actions-runner\actions-runner\bin'
[2026-04-03 10:44:10Z INFO HostContext] Well known directory 'Root': 'D:\코딩\mlops_sentiment_api\actions-runner\actions-runner'
[2026-04-03 10:44:10Z INFO HostContext] Well known directory 'Work': 'D:\코딩\mlops_sentiment_api\actions-runner\actions-runner\_work'
[2026-04-03 10:44:16Z INFO JobServerQueue] Try to append 1 batches web console lines for record '0ceda88b-1312-4d10-94c7-5b9f15b36e79', success rate: 1/1.
[2026-04-03 10:44:20Z INFO HostContext] Well known directory 'Bin': 'D:\코딩\mlops_sentiment_api\actions-runner\actions-runner\bin'
[2026-04-03 10:44:20Z INFO HostContext] Well known directory 'Root': 'D:\코딩\mlops_sentiment_api\actions-runner\actions-runner'
[2026-04-03 10:44:20Z INFO HostContext] Well known directory 'Work': 'D:\코딩\mlops_sentiment_api\actions-runner\actions-runner\_work'
[2026-04-03 10:44:30Z INFO HostContext] Well known directory 'Bin': 'D:\코딩\mlops_sentiment_api\actions-runner\actions-runner\bin'
[2026-04-03 10:44:30Z INFO HostContext] Well known directory 'Root': 'D:\코딩\mlops_sentiment_api\actions-runner\actions-runner'
[2026-04-03 10:44:30Z INFO HostContext] Well known directory 'Work': 'D:\코딩\mlops_sentiment_api\actions-runner\actions-runner\_work'
[2026-04-03 10:44:40Z INFO HostContext] Well known directory 'Bin': 'D:\코딩\mlops_sentiment_api\actions-runner\actions-runner\bin'
[2026-04-03 10:44:40Z INFO HostContext] Well known directory 'Root': 'D:\코딩\mlops_sentiment_api\actions-runner\actions-runner'
[2026-04-03 10:44:40Z INFO HostContext] Well known directory 'Work': 'D:\코딩\mlops_sentiment_api\actions-runner\actions-runner\_work'
[2026-04-03 10:44:50Z INFO HostContext] Well known directory 'Bin': 'D:\코딩\mlops_sentiment_api\actions-runner\actions-runner\bin'
[2026-04-03 10:44:50Z INFO HostContext] Well known directory 'Root': 'D:\코딩\mlops_sentiment_api\actions-runner\actions-runner'
[2026-04-03 10:44:50Z INFO HostContext] Well known directory 'Work': 'D:\코딩\mlops_sentiment_api\actions-runner\actions-runner\_work'
[2026-04-03 10:44:51Z INFO JobServerQueue] Stop aggressive process web console line queue.
[2026-04-03 10:45:00Z INFO HostContext] Well known directory 'Bin': 'D:\코딩\mlops_sentiment_api\actions-runner\actions-runner\bin'
[2026-04-03 10:45:00Z INFO HostContext] Well known directory 'Root': 'D:\코딩\mlops_sentiment_api\actions-runner\actions-runner'
[2026-04-03 10:45:00Z INFO HostContext] Well known directory 'Work': 'D:\코딩\mlops_sentiment_api\actions-runner\actions-runner\_work'
[2026-04-03 10:45:10Z INFO HostContext] Well known directory 'Bin': 'D:\코딩\mlops_sentiment_api\actions-runner\actions-runner\bin'
[2026-04-03 10:45:10Z INFO HostContext] Well known directory 'Root': 'D:\코딩\mlops_sentiment_api\actions-runner\actions-runner'
[2026-04-03 10:45:10Z INFO HostContext] Well known directory 'Work': 'D:\코딩\mlops_sentiment_api\actions-runner\actions-runner\_work'
[2026-04-03 10:45:20Z INFO HostContext] Well known directory 'Bin': 'D:\코딩\mlops_sentiment_api\actions-runner\actions-runner\bin'
[2026-04-03 10:45:20Z INFO HostContext] Well known directory 'Root': 'D:\코딩\mlops_sentiment_api\actions-runner\actions-runner'
[2026-04-03 10:45:20Z INFO HostContext] Well known directory 'Work': 'D:\코딩\mlops_sentiment_api\actions-runner\actions-runner\_work'
[2026-04-03 10:45:30Z INFO HostContext] Well known directory 'Bin': 'D:\코딩\mlops_sentiment_api\actions-runner\actions-runner\bin'
[2026-04-03 10:45:30Z INFO HostContext] Well known directory 'Root': 'D:\코딩\mlops_sentiment_api\actions-runner\actions-runner'
[2026-04-03 10:45:30Z INFO HostContext] Well known directory 'Work': 'D:\코딩\mlops_sentiment_api\actions-runner\actions-runner\_work'
[2026-04-03 10:45:40Z INFO HostContext] Well known directory 'Bin': 'D:\코딩\mlops_sentiment_api\actions-runner\actions-runner\bin'
[2026-04-03 10:45:40Z INFO HostContext] Well known directory 'Root': 'D:\코딩\mlops_sentiment_api\actions-runner\actions-runner'
[2026-04-03 10:45:40Z INFO HostContext] Well known directory 'Work': 'D:\코딩\mlops_sentiment_api\actions-runner\actions-runner\_work'
[2026-04-03 10:45:50Z INFO HostContext] Well known directory 'Bin': 'D:\코딩\mlops_sentiment_api\actions-runner\actions-runner\bin'
[2026-04-03 10:45:50Z INFO HostContext] Well known directory 'Root': 'D:\코딩\mlops_sentiment_api\actions-runner\actions-runner'
[2026-04-03 10:45:50Z INFO HostContext] Well known directory 'Work': 'D:\코딩\mlops_sentiment_api\actions-runner\actions-runner\_work'
[2026-04-03 10:46:00Z INFO HostContext] Well known directory 'Bin': 'D:\코딩\mlops_sentiment_api\actions-runner\actions-runner\bin'
[2026-04-03 10:46:00Z INFO HostContext] Well known directory 'Root': 'D:\코딩\mlops_sentiment_api\actions-runner\actions-runner'
[2026-04-03 10:46:00Z INFO HostContext] Well known directory 'Work': 'D:\코딩\mlops_sentiment_api\actions-runner\actions-runner\_work'
[2026-04-03 10:46:10Z INFO HostContext] Well known directory 'Bin': 'D:\코딩\mlops_sentiment_api\actions-runner\actions-runner\bin'
[2026-04-03 10:46:10Z INFO HostContext] Well known directory 'Root': 'D:\코딩\mlops_sentiment_api\actions-runner\actions-runner'
[2026-04-03 10:46:10Z INFO HostContext] Well known directory 'Work': 'D:\코딩\mlops_sentiment_api\actions-runner\actions-runner\_work'
[2026-04-03 10:46:20Z INFO HostContext] Well known directory 'Bin': 'D:\코딩\mlops_sentiment_api\actions-runner\actions-runner\bin'
[2026-04-03 10:46:20Z INFO HostContext] Well known directory 'Root': 'D:\코딩\mlops_sentiment_api\actions-runner\actions-runner'
[2026-04-03 10:46:20Z INFO HostContext] Well known directory 'Work': 'D:\코딩\mlops_sentiment_api\actions-runner\actions-runner\_work'
[2026-04-03 10:46:30Z INFO HostContext] Well known directory 'Bin': 'D:\코딩\mlops_sentiment_api\actions-runner\actions-runner\bin'
[2026-04-03 10:46:30Z INFO HostContext] Well known directory 'Root': 'D:\코딩\mlops_sentiment_api\actions-runner\actions-runner'
[2026-04-03 10:46:30Z INFO HostContext] Well known directory 'Work': 'D:\코딩\mlops_sentiment_api\actions-runner\actions-runner\_work'
[2026-04-03 10:46:40Z INFO HostContext] Well known directory 'Bin': 'D:\코딩\mlops_sentiment_api\actions-runner\actions-runner\bin'
[2026-04-03 10:46:40Z INFO HostContext] Well known directory 'Root': 'D:\코딩\mlops_sentiment_api\actions-runner\actions-runner'
[2026-04-03 10:46:40Z INFO HostContext] Well known directory 'Work': 'D:\코딩\mlops_sentiment_api\actions-runner\actions-runner\_work'
[2026-04-03 10:46:50Z INFO HostContext] Well known directory 'Bin': 'D:\코딩\mlops_sentiment_api\actions-runner\actions-runner\bin'
[2026-04-03 10:46:50Z INFO HostContext] Well known directory 'Root': 'D:\코딩\mlops_sentiment_api\actions-runner\actions-runner'
[2026-04-03 10:46:50Z INFO HostContext] Well known directory 'Work': 'D:\코딩\mlops_sentiment_api\actions-runner\actions-runner\_work'
[2026-04-03 10:47:00Z INFO HostContext] Well known directory 'Bin': 'D:\코딩\mlops_sentiment_api\actions-runner\actions-runner\bin'
[2026-04-03 10:47:00Z INFO HostContext] Well known directory 'Root': 'D:\코딩\mlops_sentiment_api\actions-runner\actions-runner'
[2026-04-03 10:47:00Z INFO HostContext] Well known directory 'Work': 'D:\코딩\mlops_sentiment_api\actions-runner\actions-runner\_work'
[2026-04-03 10:47:10Z INFO HostContext] Well known directory 'Bin': 'D:\코딩\mlops_sentiment_api\actions-runner\actions-runner\bin'
[2026-04-03 10:47:10Z INFO HostContext] Well known directory 'Root': 'D:\코딩\mlops_sentiment_api\actions-runner\actions-runner'
[2026-04-03 10:47:10Z INFO HostContext] Well known directory 'Work': 'D:\코딩\mlops_sentiment_api\actions-runner\actions-runner\_work'
[2026-04-03 10:47:20Z INFO HostContext] Well known directory 'Bin': 'D:\코딩\mlops_sentiment_api\actions-runner\actions-runner\bin'
[2026-04-03 10:47:20Z INFO HostContext] Well known directory 'Root': 'D:\코딩\mlops_sentiment_api\actions-runner\actions-runner'
[2026-04-03 10:47:20Z INFO HostContext] Well known directory 'Work': 'D:\코딩\mlops_sentiment_api\actions-runner\actions-runner\_work'
[2026-04-03 10:47:23Z INFO JobServerQueue] Try to append 1 batches web console lines for record '0ceda88b-1312-4d10-94c7-5b9f15b36e79', success rate: 1/1.
[2026-04-03 10:47:30Z INFO HostContext] Well known directory 'Bin': 'D:\코딩\mlops_sentiment_api\actions-runner\actions-runner\bin'
[2026-04-03 10:47:30Z INFO HostContext] Well known directory 'Root': 'D:\코딩\mlops_sentiment_api\actions-runner\actions-runner'
[2026-04-03 10:47:30Z INFO HostContext] Well known directory 'Work': 'D:\코딩\mlops_sentiment_api\actions-runner\actions-runner\_work'
[2026-04-03 10:47:37Z INFO JobServerQueue] Try to append 1 batches web console lines for record '0ceda88b-1312-4d10-94c7-5b9f15b36e79', success rate: 1/1.
[2026-04-03 10:47:37Z INFO JobServerQueue] Try to append 1 batches web console lines for record '0ceda88b-1312-4d10-94c7-5b9f15b36e79', success rate: 1/1.
[2026-04-03 10:47:39Z INFO ProcessInvokerWrapper] STDOUT/STDERR stream read finished.
[2026-04-03 10:47:39Z INFO ProcessInvokerWrapper] STDOUT/STDERR stream read finished.
[2026-04-03 10:47:39Z INFO ProcessInvokerWrapper] Finished process 12080 with exit code 0, and elapsed time 00:03:45.7072289.
[2026-04-03 10:47:39Z INFO CreateStepSummaryCommand] Step Summary file (D:\코딩\mlops_sentiment_api\actions-runner\actions-runner\_work\_temp\_runner_file_commands\step_summary_233f91d6-b797-412c-a181-b367cd333a99) is empty; skipping attachment upload
[2026-04-03 10:47:39Z INFO StepsRunner] Step result: 
[2026-04-03 10:47:39Z INFO ExecutionContext] Publish step telemetry for current step {
  "action": "cmd",
  "type": "run",
  "stage": "Main",
  "stepId": "0ceda88b-1312-4d10-94c7-5b9f15b36e79",
  "stepContextName": "__run_2",
  "result": "succeeded",
  "errorMessages": [],
  "executionTimeInSeconds": 226,
  "startTime": "2026-04-03T10:43:53.5544134Z",
  "finishTime": "2026-04-03T10:47:39.2808264Z"
}.
[2026-04-03 10:47:39Z INFO StepsRunner] No need for updating job result with current step result 'Succeeded'.
[2026-04-03 10:47:39Z INFO StepsRunner] Current state: job state = ''
[2026-04-03 10:47:39Z INFO StepsRunner] Processing step: DisplayName='Stop existing container'
[2026-04-03 10:47:39Z INFO StepsRunner] Evaluating: success()
[2026-04-03 10:47:39Z INFO StepsRunner] Result: true
[2026-04-03 10:47:39Z INFO StepsRunner] Starting the step.
[2026-04-03 10:47:39Z INFO HostContext] Well known directory 'Bin': 'D:\코딩\mlops_sentiment_api\actions-runner\actions-runner\bin'
[2026-04-03 10:47:39Z INFO HostContext] Well known directory 'Root': 'D:\코딩\mlops_sentiment_api\actions-runner\actions-runner'
[2026-04-03 10:47:39Z INFO HostContext] Well known directory 'Work': 'D:\코딩\mlops_sentiment_api\actions-runner\actions-runner\_work'
[2026-04-03 10:47:39Z INFO StepsRunner] Which2: 'chcp'
[2026-04-03 10:47:39Z INFO StepsRunner] Location: 'C:\WINDOWS\system32\chcp.COM'
[2026-04-03 10:47:39Z INFO ProcessInvokerWrapper] Starting process:
[2026-04-03 10:47:39Z INFO ProcessInvokerWrapper]   File name: 'C:\WINDOWS\system32\chcp.COM'
[2026-04-03 10:47:39Z INFO ProcessInvokerWrapper]   Arguments: '65001'
[2026-04-03 10:47:39Z INFO ProcessInvokerWrapper]   Working directory: 'D:\코딩\mlops_sentiment_api\actions-runner\actions-runner\_work'
[2026-04-03 10:47:39Z INFO ProcessInvokerWrapper]   Require exit code zero: 'False'
[2026-04-03 10:47:39Z INFO ProcessInvokerWrapper]   Encoding web name:  ; code page: ''
[2026-04-03 10:47:39Z INFO ProcessInvokerWrapper]   Force kill process on cancellation: 'False'
[2026-04-03 10:47:39Z INFO ProcessInvokerWrapper]   Redirected STDIN: 'False'
[2026-04-03 10:47:39Z INFO ProcessInvokerWrapper]   Persist current code page: 'True'
[2026-04-03 10:47:39Z INFO ProcessInvokerWrapper]   Keep redirected STDIN open: 'False'
[2026-04-03 10:47:39Z INFO ProcessInvokerWrapper]   High priority process: 'False'
[2026-04-03 10:47:39Z INFO ProcessInvokerWrapper] Process started with process id 31668, waiting for process exit.
[2026-04-03 10:47:39Z INFO ProcessInvokerWrapper] STDOUT/STDERR stream read finished.
[2026-04-03 10:47:39Z INFO ProcessInvokerWrapper] STDOUT/STDERR stream read finished.
[2026-04-03 10:47:39Z INFO ProcessInvokerWrapper] Finished process 31668 with exit code 0, and elapsed time 00:00:00.0086728.
[2026-04-03 10:47:39Z INFO StepsRunner] Successfully returned to code page 65001 (UTF8)
[2026-04-03 10:47:39Z INFO HostContext] Well known directory 'Bin': 'D:\코딩\mlops_sentiment_api\actions-runner\actions-runner\bin'
[2026-04-03 10:47:39Z INFO HostContext] Well known directory 'Root': 'D:\코딩\mlops_sentiment_api\actions-runner\actions-runner'
[2026-04-03 10:47:39Z INFO HostContext] Well known directory 'Work': 'D:\코딩\mlops_sentiment_api\actions-runner\actions-runner\_work'
[2026-04-03 10:47:39Z INFO HostContext] Well known directory 'Temp': 'D:\코딩\mlops_sentiment_api\actions-runner\actions-runner\_work\_temp'
[2026-04-03 10:47:39Z INFO ExecutionContext] Write event payload to D:\코딩\mlops_sentiment_api\actions-runner\actions-runner\_work\_temp\_github_workflow\event.json
[2026-04-03 10:47:39Z INFO HostContext] Well known directory 'Bin': 'D:\코딩\mlops_sentiment_api\actions-runner\actions-runner\bin'
[2026-04-03 10:47:39Z INFO HostContext] Well known directory 'Root': 'D:\코딩\mlops_sentiment_api\actions-runner\actions-runner'
[2026-04-03 10:47:39Z INFO HostContext] Well known directory 'Work': 'D:\코딩\mlops_sentiment_api\actions-runner\actions-runner\_work'
[2026-04-03 10:47:39Z INFO HostContext] Well known directory 'Temp': 'D:\코딩\mlops_sentiment_api\actions-runner\actions-runner\_work\_temp'
[2026-04-03 10:47:39Z INFO ExtensionManager] Getting extensions for interface: 'GitHub.Runner.Worker.IFileCommandExtension'
[2026-04-03 10:47:39Z INFO ExtensionManager] Getting extensions for interface: 'GitHub.Runner.Worker.IActionCommandExtension'
[2026-04-03 10:47:39Z INFO ActionCommandManager] Register action command extension for command internal-set-repo-path
[2026-04-03 10:47:39Z INFO ActionCommandManager] Register action command extension for command set-env
[2026-04-03 10:47:39Z INFO ActionCommandManager] Register action command extension for command set-output
[2026-04-03 10:47:39Z INFO ActionCommandManager] Register action command extension for command save-state
[2026-04-03 10:47:39Z INFO ActionCommandManager] Register action command extension for command add-path
[2026-04-03 10:47:39Z INFO ActionCommandManager] Register action command extension for command add-mask
[2026-04-03 10:47:39Z INFO ActionCommandManager] Register action command extension for command add-matcher
[2026-04-03 10:47:39Z INFO ActionCommandManager] Register action command extension for command remove-matcher
[2026-04-03 10:47:39Z INFO ActionCommandManager] Register action command extension for command warning
[2026-04-03 10:47:39Z INFO ActionCommandManager] Register action command extension for command error
[2026-04-03 10:47:39Z INFO ActionCommandManager] Register action command extension for command notice
[2026-04-03 10:47:39Z INFO ActionCommandManager] Register action command extension for command debug
[2026-04-03 10:47:39Z INFO ActionCommandManager] Register action command extension for command group
[2026-04-03 10:47:39Z INFO ActionCommandManager] Register action command extension for command endgroup
[2026-04-03 10:47:39Z INFO ActionCommandManager] Register action command extension for command echo
[2026-04-03 10:47:39Z INFO ScriptHandler] Which2: 'cmd'
[2026-04-03 10:47:39Z INFO ScriptHandler] Location: 'C:\WINDOWS\system32\cmd.EXE'
[2026-04-03 10:47:39Z INFO HostContext] Well known directory 'Bin': 'D:\코딩\mlops_sentiment_api\actions-runner\actions-runner\bin'
[2026-04-03 10:47:39Z INFO HostContext] Well known directory 'Root': 'D:\코딩\mlops_sentiment_api\actions-runner\actions-runner'
[2026-04-03 10:47:39Z INFO HostContext] Well known directory 'Work': 'D:\코딩\mlops_sentiment_api\actions-runner\actions-runner\_work'
[2026-04-03 10:47:39Z INFO HostContext] Well known directory 'Temp': 'D:\코딩\mlops_sentiment_api\actions-runner\actions-runner\_work\_temp'
[2026-04-03 10:47:39Z INFO ScriptHandler] Which2: 'cmd'
[2026-04-03 10:47:39Z INFO ScriptHandler] Location: 'C:\WINDOWS\system32\cmd.EXE'
[2026-04-03 10:47:39Z INFO ProcessInvokerWrapper] Starting process:
[2026-04-03 10:47:39Z INFO ProcessInvokerWrapper]   File name: 'C:\WINDOWS\system32\cmd.EXE'
[2026-04-03 10:47:39Z INFO ProcessInvokerWrapper]   Arguments: '/D /E:ON /V:OFF /S /C "CALL "D:\코딩\mlops_sentiment_api\actions-runner\actions-runner\_work\_temp\1c92dd12-c9ef-461a-a750-9732170f7ce5.cmd""'
[2026-04-03 10:47:39Z INFO ProcessInvokerWrapper]   Working directory: 'D:\코딩\mlops_sentiment_api\actions-runner\actions-runner\_work\opensource-hw2\opensource-hw2'
[2026-04-03 10:47:39Z INFO ProcessInvokerWrapper]   Require exit code zero: 'False'
[2026-04-03 10:47:39Z INFO ProcessInvokerWrapper]   Encoding web name:  ; code page: ''
[2026-04-03 10:47:39Z INFO ProcessInvokerWrapper]   Force kill process on cancellation: 'False'
[2026-04-03 10:47:39Z INFO ProcessInvokerWrapper]   Redirected STDIN: 'False'
[2026-04-03 10:47:39Z INFO ProcessInvokerWrapper]   Persist current code page: 'True'
[2026-04-03 10:47:39Z INFO ProcessInvokerWrapper]   Keep redirected STDIN open: 'False'
[2026-04-03 10:47:39Z INFO ProcessInvokerWrapper]   High priority process: 'False'
[2026-04-03 10:47:39Z INFO ProcessInvokerWrapper] Process started with process id 32248, waiting for process exit.
[2026-04-03 10:47:39Z INFO JobServerQueue] Try to append 1 batches web console lines for record '0ceda88b-1312-4d10-94c7-5b9f15b36e79', success rate: 1/1.
[2026-04-03 10:47:39Z INFO JobServerQueue] Try to append 1 batches web console lines for record 'b0d63d88-cd70-422e-88ed-cac5b7ea1c49', success rate: 1/1.
[2026-04-03 10:47:39Z INFO JobServerQueue] Try to upload 1 log files or attachments, success rate: 1/1.
[2026-04-03 10:47:40Z INFO JobServerQueue] Got a step log file to send to results service.
[2026-04-03 10:47:40Z INFO JobServerQueue] Starting upload of step log file to results service ResultsLog, D:\코딩\mlops_sentiment_api\actions-runner\actions-runner\_diag\blocks\0d7fe58e-15e7-4c7c-a976-dc55a507b46e_0ceda88b-1312-4d10-94c7-5b9f15b36e79.1
[2026-04-03 10:47:40Z INFO HostContext] Well known directory 'Bin': 'D:\코딩\mlops_sentiment_api\actions-runner\actions-runner\bin'
[2026-04-03 10:47:40Z INFO HostContext] Well known directory 'Root': 'D:\코딩\mlops_sentiment_api\actions-runner\actions-runner'
[2026-04-03 10:47:40Z INFO HostContext] Well known directory 'Work': 'D:\코딩\mlops_sentiment_api\actions-runner\actions-runner\_work'
[2026-04-03 10:47:40Z INFO ProcessInvokerWrapper] STDOUT/STDERR stream read finished.
[2026-04-03 10:47:40Z INFO ProcessInvokerWrapper] STDOUT/STDERR stream read finished.
[2026-04-03 10:47:40Z INFO ProcessInvokerWrapper] Finished process 32248 with exit code 0, and elapsed time 00:00:01.4958711.
[2026-04-03 10:47:40Z INFO CreateStepSummaryCommand] Step Summary file (D:\코딩\mlops_sentiment_api\actions-runner\actions-runner\_work\_temp\_runner_file_commands\step_summary_86eacbec-595c-454f-8263-330edfffa045) is empty; skipping attachment upload
[2026-04-03 10:47:40Z INFO StepsRunner] Step result: 
[2026-04-03 10:47:40Z INFO ExecutionContext] Publish step telemetry for current step {
  "action": "cmd",
  "type": "run",
  "stage": "Main",
  "stepId": "b0d63d88-cd70-422e-88ed-cac5b7ea1c49",
  "stepContextName": "__run_3",
  "result": "succeeded",
  "errorMessages": [],
  "executionTimeInSeconds": 2,
  "startTime": "2026-04-03T10:47:39.281446Z",
  "finishTime": "2026-04-03T10:47:40.7938492Z"
}.
[2026-04-03 10:47:40Z INFO StepsRunner] No need for updating job result with current step result 'Succeeded'.
[2026-04-03 10:47:40Z INFO StepsRunner] Current state: job state = ''
[2026-04-03 10:47:40Z INFO StepsRunner] Processing step: DisplayName='Remove existing container'
[2026-04-03 10:47:40Z INFO StepsRunner] Evaluating: success()
[2026-04-03 10:47:40Z INFO StepsRunner] Result: true
[2026-04-03 10:47:40Z INFO StepsRunner] Starting the step.
[2026-04-03 10:47:40Z INFO HostContext] Well known directory 'Bin': 'D:\코딩\mlops_sentiment_api\actions-runner\actions-runner\bin'
[2026-04-03 10:47:40Z INFO HostContext] Well known directory 'Root': 'D:\코딩\mlops_sentiment_api\actions-runner\actions-runner'
[2026-04-03 10:47:40Z INFO HostContext] Well known directory 'Work': 'D:\코딩\mlops_sentiment_api\actions-runner\actions-runner\_work'
[2026-04-03 10:47:40Z INFO StepsRunner] Which2: 'chcp'
[2026-04-03 10:47:40Z INFO StepsRunner] Location: 'C:\WINDOWS\system32\chcp.COM'
[2026-04-03 10:47:40Z INFO ProcessInvokerWrapper] Starting process:
[2026-04-03 10:47:40Z INFO ProcessInvokerWrapper]   File name: 'C:\WINDOWS\system32\chcp.COM'
[2026-04-03 10:47:40Z INFO ProcessInvokerWrapper]   Arguments: '65001'
[2026-04-03 10:47:40Z INFO ProcessInvokerWrapper]   Working directory: 'D:\코딩\mlops_sentiment_api\actions-runner\actions-runner\_work'
[2026-04-03 10:47:40Z INFO ProcessInvokerWrapper]   Require exit code zero: 'False'
[2026-04-03 10:47:40Z INFO ProcessInvokerWrapper]   Encoding web name:  ; code page: ''
[2026-04-03 10:47:40Z INFO ProcessInvokerWrapper]   Force kill process on cancellation: 'False'
[2026-04-03 10:47:40Z INFO ProcessInvokerWrapper]   Redirected STDIN: 'False'
[2026-04-03 10:47:40Z INFO ProcessInvokerWrapper]   Persist current code page: 'True'
[2026-04-03 10:47:40Z INFO ProcessInvokerWrapper]   Keep redirected STDIN open: 'False'
[2026-04-03 10:47:40Z INFO ProcessInvokerWrapper]   High priority process: 'False'
[2026-04-03 10:47:40Z INFO ProcessInvokerWrapper] Process started with process id 32180, waiting for process exit.
[2026-04-03 10:47:40Z INFO ProcessInvokerWrapper] STDOUT/STDERR stream read finished.
[2026-04-03 10:47:40Z INFO ProcessInvokerWrapper] STDOUT/STDERR stream read finished.
[2026-04-03 10:47:40Z INFO ProcessInvokerWrapper] Finished process 32180 with exit code 0, and elapsed time 00:00:00.0056621.
[2026-04-03 10:47:40Z INFO StepsRunner] Successfully returned to code page 65001 (UTF8)
[2026-04-03 10:47:40Z INFO HostContext] Well known directory 'Bin': 'D:\코딩\mlops_sentiment_api\actions-runner\actions-runner\bin'
[2026-04-03 10:47:40Z INFO HostContext] Well known directory 'Root': 'D:\코딩\mlops_sentiment_api\actions-runner\actions-runner'
[2026-04-03 10:47:40Z INFO HostContext] Well known directory 'Work': 'D:\코딩\mlops_sentiment_api\actions-runner\actions-runner\_work'
[2026-04-03 10:47:40Z INFO HostContext] Well known directory 'Temp': 'D:\코딩\mlops_sentiment_api\actions-runner\actions-runner\_work\_temp'
[2026-04-03 10:47:40Z INFO ExecutionContext] Write event payload to D:\코딩\mlops_sentiment_api\actions-runner\actions-runner\_work\_temp\_github_workflow\event.json
[2026-04-03 10:47:40Z INFO HostContext] Well known directory 'Bin': 'D:\코딩\mlops_sentiment_api\actions-runner\actions-runner\bin'
[2026-04-03 10:47:40Z INFO HostContext] Well known directory 'Root': 'D:\코딩\mlops_sentiment_api\actions-runner\actions-runner'
[2026-04-03 10:47:40Z INFO HostContext] Well known directory 'Work': 'D:\코딩\mlops_sentiment_api\actions-runner\actions-runner\_work'
[2026-04-03 10:47:40Z INFO HostContext] Well known directory 'Temp': 'D:\코딩\mlops_sentiment_api\actions-runner\actions-runner\_work\_temp'
[2026-04-03 10:47:40Z INFO ExtensionManager] Getting extensions for interface: 'GitHub.Runner.Worker.IFileCommandExtension'
[2026-04-03 10:47:40Z INFO ExtensionManager] Getting extensions for interface: 'GitHub.Runner.Worker.IActionCommandExtension'
[2026-04-03 10:47:40Z INFO ActionCommandManager] Register action command extension for command internal-set-repo-path
[2026-04-03 10:47:40Z INFO ActionCommandManager] Register action command extension for command set-env
[2026-04-03 10:47:40Z INFO ActionCommandManager] Register action command extension for command set-output
[2026-04-03 10:47:40Z INFO ActionCommandManager] Register action command extension for command save-state
[2026-04-03 10:47:40Z INFO ActionCommandManager] Register action command extension for command add-path
[2026-04-03 10:47:40Z INFO ActionCommandManager] Register action command extension for command add-mask
[2026-04-03 10:47:40Z INFO ActionCommandManager] Register action command extension for command add-matcher
[2026-04-03 10:47:40Z INFO ActionCommandManager] Register action command extension for command remove-matcher
[2026-04-03 10:47:40Z INFO ActionCommandManager] Register action command extension for command warning
[2026-04-03 10:47:40Z INFO ActionCommandManager] Register action command extension for command error
[2026-04-03 10:47:40Z INFO ActionCommandManager] Register action command extension for command notice
[2026-04-03 10:47:40Z INFO ActionCommandManager] Register action command extension for command debug
[2026-04-03 10:47:40Z INFO ActionCommandManager] Register action command extension for command group
[2026-04-03 10:47:40Z INFO ActionCommandManager] Register action command extension for command endgroup
[2026-04-03 10:47:40Z INFO ActionCommandManager] Register action command extension for command echo
[2026-04-03 10:47:40Z INFO ScriptHandler] Which2: 'cmd'
[2026-04-03 10:47:40Z INFO ScriptHandler] Location: 'C:\WINDOWS\system32\cmd.EXE'
[2026-04-03 10:47:40Z INFO HostContext] Well known directory 'Bin': 'D:\코딩\mlops_sentiment_api\actions-runner\actions-runner\bin'
[2026-04-03 10:47:40Z INFO HostContext] Well known directory 'Root': 'D:\코딩\mlops_sentiment_api\actions-runner\actions-runner'
[2026-04-03 10:47:40Z INFO HostContext] Well known directory 'Work': 'D:\코딩\mlops_sentiment_api\actions-runner\actions-runner\_work'
[2026-04-03 10:47:40Z INFO HostContext] Well known directory 'Temp': 'D:\코딩\mlops_sentiment_api\actions-runner\actions-runner\_work\_temp'
[2026-04-03 10:47:40Z INFO ScriptHandler] Which2: 'cmd'
[2026-04-03 10:47:40Z INFO ScriptHandler] Location: 'C:\WINDOWS\system32\cmd.EXE'
[2026-04-03 10:47:40Z INFO ProcessInvokerWrapper] Starting process:
[2026-04-03 10:47:40Z INFO ProcessInvokerWrapper]   File name: 'C:\WINDOWS\system32\cmd.EXE'
[2026-04-03 10:47:40Z INFO ProcessInvokerWrapper]   Arguments: '/D /E:ON /V:OFF /S /C "CALL "D:\코딩\mlops_sentiment_api\actions-runner\actions-runner\_work\_temp\2b19fdc3-95ca-4687-8141-7759f13eb182.cmd""'
[2026-04-03 10:47:40Z INFO ProcessInvokerWrapper]   Working directory: 'D:\코딩\mlops_sentiment_api\actions-runner\actions-runner\_work\opensource-hw2\opensource-hw2'
[2026-04-03 10:47:40Z INFO ProcessInvokerWrapper]   Require exit code zero: 'False'
[2026-04-03 10:47:40Z INFO ProcessInvokerWrapper]   Encoding web name:  ; code page: ''
[2026-04-03 10:47:40Z INFO ProcessInvokerWrapper]   Force kill process on cancellation: 'False'
[2026-04-03 10:47:40Z INFO ProcessInvokerWrapper]   Redirected STDIN: 'False'
[2026-04-03 10:47:40Z INFO ProcessInvokerWrapper]   Persist current code page: 'True'
[2026-04-03 10:47:40Z INFO ProcessInvokerWrapper]   Keep redirected STDIN open: 'False'
[2026-04-03 10:47:40Z INFO ProcessInvokerWrapper]   High priority process: 'False'
[2026-04-03 10:47:40Z INFO ProcessInvokerWrapper] Process started with process id 25536, waiting for process exit.
[2026-04-03 10:47:40Z INFO ProcessInvokerWrapper] STDOUT/STDERR stream read finished.
[2026-04-03 10:47:40Z INFO ProcessInvokerWrapper] STDOUT/STDERR stream read finished.
[2026-04-03 10:47:40Z INFO ProcessInvokerWrapper] Finished process 25536 with exit code 0, and elapsed time 00:00:00.0635094.
[2026-04-03 10:47:40Z INFO CreateStepSummaryCommand] Step Summary file (D:\코딩\mlops_sentiment_api\actions-runner\actions-runner\_work\_temp\_runner_file_commands\step_summary_58996905-1bcc-44ba-8586-d79f477aab59) is empty; skipping attachment upload
[2026-04-03 10:47:40Z INFO StepsRunner] Step result: 
[2026-04-03 10:47:40Z INFO ExecutionContext] Publish step telemetry for current step {
  "action": "cmd",
  "type": "run",
  "stage": "Main",
  "stepId": "e1fc7fcc-55f3-4492-a95d-7b2efad5fbea",
  "stepContextName": "__run_4",
  "result": "succeeded",
  "errorMessages": [],
  "executionTimeInSeconds": 1,
  "startTime": "2026-04-03T10:47:40.7944111Z",
  "finishTime": "2026-04-03T10:47:40.8687022Z"
}.
[2026-04-03 10:47:40Z INFO StepsRunner] No need for updating job result with current step result 'Succeeded'.
[2026-04-03 10:47:40Z INFO StepsRunner] Current state: job state = ''
[2026-04-03 10:47:40Z INFO StepsRunner] Processing step: DisplayName='Run new container'
[2026-04-03 10:47:40Z INFO StepsRunner] Evaluating: success()
[2026-04-03 10:47:40Z INFO StepsRunner] Result: true
[2026-04-03 10:47:40Z INFO StepsRunner] Starting the step.
[2026-04-03 10:47:40Z INFO HostContext] Well known directory 'Bin': 'D:\코딩\mlops_sentiment_api\actions-runner\actions-runner\bin'
[2026-04-03 10:47:40Z INFO HostContext] Well known directory 'Root': 'D:\코딩\mlops_sentiment_api\actions-runner\actions-runner'
[2026-04-03 10:47:40Z INFO HostContext] Well known directory 'Work': 'D:\코딩\mlops_sentiment_api\actions-runner\actions-runner\_work'
[2026-04-03 10:47:40Z INFO StepsRunner] Which2: 'chcp'
[2026-04-03 10:47:40Z INFO StepsRunner] Location: 'C:\WINDOWS\system32\chcp.COM'
[2026-04-03 10:47:40Z INFO ProcessInvokerWrapper] Starting process:
[2026-04-03 10:47:40Z INFO ProcessInvokerWrapper]   File name: 'C:\WINDOWS\system32\chcp.COM'
[2026-04-03 10:47:40Z INFO ProcessInvokerWrapper]   Arguments: '65001'
[2026-04-03 10:47:40Z INFO ProcessInvokerWrapper]   Working directory: 'D:\코딩\mlops_sentiment_api\actions-runner\actions-runner\_work'
[2026-04-03 10:47:40Z INFO ProcessInvokerWrapper]   Require exit code zero: 'False'
[2026-04-03 10:47:40Z INFO ProcessInvokerWrapper]   Encoding web name:  ; code page: ''
[2026-04-03 10:47:40Z INFO ProcessInvokerWrapper]   Force kill process on cancellation: 'False'
[2026-04-03 10:47:40Z INFO ProcessInvokerWrapper]   Redirected STDIN: 'False'
[2026-04-03 10:47:40Z INFO ProcessInvokerWrapper]   Persist current code page: 'True'
[2026-04-03 10:47:40Z INFO ProcessInvokerWrapper]   Keep redirected STDIN open: 'False'
[2026-04-03 10:47:40Z INFO ProcessInvokerWrapper]   High priority process: 'False'
[2026-04-03 10:47:40Z INFO ProcessInvokerWrapper] Process started with process id 9356, waiting for process exit.
[2026-04-03 10:47:40Z INFO ProcessInvokerWrapper] STDOUT/STDERR stream read finished.
[2026-04-03 10:47:40Z INFO ProcessInvokerWrapper] STDOUT/STDERR stream read finished.
[2026-04-03 10:47:40Z INFO ProcessInvokerWrapper] Finished process 9356 with exit code 0, and elapsed time 00:00:00.0059125.
[2026-04-03 10:47:40Z INFO StepsRunner] Successfully returned to code page 65001 (UTF8)
[2026-04-03 10:47:40Z INFO HostContext] Well known directory 'Bin': 'D:\코딩\mlops_sentiment_api\actions-runner\actions-runner\bin'
[2026-04-03 10:47:40Z INFO HostContext] Well known directory 'Root': 'D:\코딩\mlops_sentiment_api\actions-runner\actions-runner'
[2026-04-03 10:47:40Z INFO HostContext] Well known directory 'Work': 'D:\코딩\mlops_sentiment_api\actions-runner\actions-runner\_work'
[2026-04-03 10:47:40Z INFO HostContext] Well known directory 'Temp': 'D:\코딩\mlops_sentiment_api\actions-runner\actions-runner\_work\_temp'
[2026-04-03 10:47:40Z INFO ExecutionContext] Write event payload to D:\코딩\mlops_sentiment_api\actions-runner\actions-runner\_work\_temp\_github_workflow\event.json
[2026-04-03 10:47:40Z INFO HostContext] Well known directory 'Bin': 'D:\코딩\mlops_sentiment_api\actions-runner\actions-runner\bin'
[2026-04-03 10:47:40Z INFO HostContext] Well known directory 'Root': 'D:\코딩\mlops_sentiment_api\actions-runner\actions-runner'
[2026-04-03 10:47:40Z INFO HostContext] Well known directory 'Work': 'D:\코딩\mlops_sentiment_api\actions-runner\actions-runner\_work'
[2026-04-03 10:47:40Z INFO HostContext] Well known directory 'Temp': 'D:\코딩\mlops_sentiment_api\actions-runner\actions-runner\_work\_temp'
[2026-04-03 10:47:40Z INFO ExtensionManager] Getting extensions for interface: 'GitHub.Runner.Worker.IFileCommandExtension'
[2026-04-03 10:47:40Z INFO ExtensionManager] Getting extensions for interface: 'GitHub.Runner.Worker.IActionCommandExtension'
[2026-04-03 10:47:40Z INFO ActionCommandManager] Register action command extension for command internal-set-repo-path
[2026-04-03 10:47:40Z INFO ActionCommandManager] Register action command extension for command set-env
[2026-04-03 10:47:40Z INFO ActionCommandManager] Register action command extension for command set-output
[2026-04-03 10:47:40Z INFO ActionCommandManager] Register action command extension for command save-state
[2026-04-03 10:47:40Z INFO ActionCommandManager] Register action command extension for command add-path
[2026-04-03 10:47:40Z INFO ActionCommandManager] Register action command extension for command add-mask
[2026-04-03 10:47:40Z INFO ActionCommandManager] Register action command extension for command add-matcher
[2026-04-03 10:47:40Z INFO ActionCommandManager] Register action command extension for command remove-matcher
[2026-04-03 10:47:40Z INFO ActionCommandManager] Register action command extension for command warning
[2026-04-03 10:47:40Z INFO ActionCommandManager] Register action command extension for command error
[2026-04-03 10:47:40Z INFO ActionCommandManager] Register action command extension for command notice
[2026-04-03 10:47:40Z INFO ActionCommandManager] Register action command extension for command debug
[2026-04-03 10:47:40Z INFO ActionCommandManager] Register action command extension for command group
[2026-04-03 10:47:40Z INFO ActionCommandManager] Register action command extension for command endgroup
[2026-04-03 10:47:40Z INFO ActionCommandManager] Register action command extension for command echo
[2026-04-03 10:47:40Z INFO ScriptHandler] Which2: 'cmd'
[2026-04-03 10:47:40Z INFO ScriptHandler] Location: 'C:\WINDOWS\system32\cmd.EXE'
[2026-04-03 10:47:40Z INFO HostContext] Well known directory 'Bin': 'D:\코딩\mlops_sentiment_api\actions-runner\actions-runner\bin'
[2026-04-03 10:47:40Z INFO HostContext] Well known directory 'Root': 'D:\코딩\mlops_sentiment_api\actions-runner\actions-runner'
[2026-04-03 10:47:40Z INFO HostContext] Well known directory 'Work': 'D:\코딩\mlops_sentiment_api\actions-runner\actions-runner\_work'
[2026-04-03 10:47:40Z INFO HostContext] Well known directory 'Temp': 'D:\코딩\mlops_sentiment_api\actions-runner\actions-runner\_work\_temp'
[2026-04-03 10:47:40Z INFO ScriptHandler] Which2: 'cmd'
[2026-04-03 10:47:40Z INFO ScriptHandler] Location: 'C:\WINDOWS\system32\cmd.EXE'
[2026-04-03 10:47:40Z INFO ProcessInvokerWrapper] Starting process:
[2026-04-03 10:47:40Z INFO ProcessInvokerWrapper]   File name: 'C:\WINDOWS\system32\cmd.EXE'
[2026-04-03 10:47:40Z INFO ProcessInvokerWrapper]   Arguments: '/D /E:ON /V:OFF /S /C "CALL "D:\코딩\mlops_sentiment_api\actions-runner\actions-runner\_work\_temp\b7b34700-f986-452f-a688-27e167cb1f12.cmd""'
[2026-04-03 10:47:40Z INFO ProcessInvokerWrapper]   Working directory: 'D:\코딩\mlops_sentiment_api\actions-runner\actions-runner\_work\opensource-hw2\opensource-hw2'
[2026-04-03 10:47:40Z INFO ProcessInvokerWrapper]   Require exit code zero: 'False'
[2026-04-03 10:47:40Z INFO ProcessInvokerWrapper]   Encoding web name:  ; code page: ''
[2026-04-03 10:47:40Z INFO ProcessInvokerWrapper]   Force kill process on cancellation: 'False'
[2026-04-03 10:47:40Z INFO ProcessInvokerWrapper]   Redirected STDIN: 'False'
[2026-04-03 10:47:40Z INFO ProcessInvokerWrapper]   Persist current code page: 'True'
[2026-04-03 10:47:40Z INFO ProcessInvokerWrapper]   Keep redirected STDIN open: 'False'
[2026-04-03 10:47:40Z INFO ProcessInvokerWrapper]   High priority process: 'False'
[2026-04-03 10:47:40Z INFO ProcessInvokerWrapper] Process started with process id 29032, waiting for process exit.
[2026-04-03 10:47:40Z INFO JobServerQueue] Try to append 1 batches web console lines for record 'b0d63d88-cd70-422e-88ed-cac5b7ea1c49', success rate: 1/1.
[2026-04-03 10:47:40Z INFO JobServerQueue] Try to append 1 batches web console lines for record 'e1fc7fcc-55f3-4492-a95d-7b2efad5fbea', success rate: 1/1.
[2026-04-03 10:47:40Z INFO JobServerQueue] Try to append 1 batches web console lines for record '204f7e13-8a38-4d00-b2d2-5acef779d565', success rate: 1/1.
[2026-04-03 10:47:41Z INFO ProcessInvokerWrapper] STDOUT/STDERR stream read finished.
[2026-04-03 10:47:41Z INFO ProcessInvokerWrapper] STDOUT/STDERR stream read finished.
[2026-04-03 10:47:41Z INFO ProcessInvokerWrapper] Finished process 29032 with exit code 0, and elapsed time 00:00:00.2449759.
[2026-04-03 10:47:41Z INFO CreateStepSummaryCommand] Step Summary file (D:\코딩\mlops_sentiment_api\actions-runner\actions-runner\_work\_temp\_runner_file_commands\step_summary_f5419e7c-09fa-445c-9072-7ed3eaab4a2f) is empty; skipping attachment upload
[2026-04-03 10:47:41Z INFO StepsRunner] Step result: 
[2026-04-03 10:47:41Z INFO ExecutionContext] Publish step telemetry for current step {
  "action": "cmd",
  "type": "run",
  "stage": "Main",
  "stepId": "204f7e13-8a38-4d00-b2d2-5acef779d565",
  "stepContextName": "__run_5",
  "result": "succeeded",
  "errorMessages": [],
  "executionTimeInSeconds": 1,
  "startTime": "2026-04-03T10:47:40.8691469Z",
  "finishTime": "2026-04-03T10:47:41.1263236Z"
}.
[2026-04-03 10:47:41Z INFO StepsRunner] No need for updating job result with current step result 'Succeeded'.
[2026-04-03 10:47:41Z INFO StepsRunner] Current state: job state = ''
[2026-04-03 10:47:41Z INFO StepsRunner] Processing step: DisplayName='Verify deployment'
[2026-04-03 10:47:41Z INFO StepsRunner] Evaluating: success()
[2026-04-03 10:47:41Z INFO StepsRunner] Result: true
[2026-04-03 10:47:41Z INFO StepsRunner] Starting the step.
[2026-04-03 10:47:41Z INFO HostContext] Well known directory 'Bin': 'D:\코딩\mlops_sentiment_api\actions-runner\actions-runner\bin'
[2026-04-03 10:47:41Z INFO HostContext] Well known directory 'Root': 'D:\코딩\mlops_sentiment_api\actions-runner\actions-runner'
[2026-04-03 10:47:41Z INFO HostContext] Well known directory 'Work': 'D:\코딩\mlops_sentiment_api\actions-runner\actions-runner\_work'
[2026-04-03 10:47:41Z INFO StepsRunner] Which2: 'chcp'
[2026-04-03 10:47:41Z INFO StepsRunner] Location: 'C:\WINDOWS\system32\chcp.COM'
[2026-04-03 10:47:41Z INFO ProcessInvokerWrapper] Starting process:
[2026-04-03 10:47:41Z INFO ProcessInvokerWrapper]   File name: 'C:\WINDOWS\system32\chcp.COM'
[2026-04-03 10:47:41Z INFO ProcessInvokerWrapper]   Arguments: '65001'
[2026-04-03 10:47:41Z INFO ProcessInvokerWrapper]   Working directory: 'D:\코딩\mlops_sentiment_api\actions-runner\actions-runner\_work'
[2026-04-03 10:47:41Z INFO ProcessInvokerWrapper]   Require exit code zero: 'False'
[2026-04-03 10:47:41Z INFO ProcessInvokerWrapper]   Encoding web name:  ; code page: ''
[2026-04-03 10:47:41Z INFO ProcessInvokerWrapper]   Force kill process on cancellation: 'False'
[2026-04-03 10:47:41Z INFO ProcessInvokerWrapper]   Redirected STDIN: 'False'
[2026-04-03 10:47:41Z INFO ProcessInvokerWrapper]   Persist current code page: 'True'
[2026-04-03 10:47:41Z INFO ProcessInvokerWrapper]   Keep redirected STDIN open: 'False'
[2026-04-03 10:47:41Z INFO ProcessInvokerWrapper]   High priority process: 'False'
[2026-04-03 10:47:41Z INFO ProcessInvokerWrapper] Process started with process id 5720, waiting for process exit.
[2026-04-03 10:47:41Z INFO ProcessInvokerWrapper] STDOUT/STDERR stream read finished.
[2026-04-03 10:47:41Z INFO ProcessInvokerWrapper] STDOUT/STDERR stream read finished.
[2026-04-03 10:47:41Z INFO ProcessInvokerWrapper] Finished process 5720 with exit code 0, and elapsed time 00:00:00.0071232.
[2026-04-03 10:47:41Z INFO StepsRunner] Successfully returned to code page 65001 (UTF8)
[2026-04-03 10:47:41Z INFO HostContext] Well known directory 'Bin': 'D:\코딩\mlops_sentiment_api\actions-runner\actions-runner\bin'
[2026-04-03 10:47:41Z INFO HostContext] Well known directory 'Root': 'D:\코딩\mlops_sentiment_api\actions-runner\actions-runner'
[2026-04-03 10:47:41Z INFO HostContext] Well known directory 'Work': 'D:\코딩\mlops_sentiment_api\actions-runner\actions-runner\_work'
[2026-04-03 10:47:41Z INFO HostContext] Well known directory 'Temp': 'D:\코딩\mlops_sentiment_api\actions-runner\actions-runner\_work\_temp'
[2026-04-03 10:47:41Z INFO ExecutionContext] Write event payload to D:\코딩\mlops_sentiment_api\actions-runner\actions-runner\_work\_temp\_github_workflow\event.json
[2026-04-03 10:47:41Z INFO HostContext] Well known directory 'Bin': 'D:\코딩\mlops_sentiment_api\actions-runner\actions-runner\bin'
[2026-04-03 10:47:41Z INFO HostContext] Well known directory 'Root': 'D:\코딩\mlops_sentiment_api\actions-runner\actions-runner'
[2026-04-03 10:47:41Z INFO HostContext] Well known directory 'Work': 'D:\코딩\mlops_sentiment_api\actions-runner\actions-runner\_work'
[2026-04-03 10:47:41Z INFO HostContext] Well known directory 'Temp': 'D:\코딩\mlops_sentiment_api\actions-runner\actions-runner\_work\_temp'
[2026-04-03 10:47:41Z INFO ExtensionManager] Getting extensions for interface: 'GitHub.Runner.Worker.IFileCommandExtension'
[2026-04-03 10:47:41Z INFO ExtensionManager] Getting extensions for interface: 'GitHub.Runner.Worker.IActionCommandExtension'
[2026-04-03 10:47:41Z INFO ActionCommandManager] Register action command extension for command internal-set-repo-path
[2026-04-03 10:47:41Z INFO ActionCommandManager] Register action command extension for command set-env
[2026-04-03 10:47:41Z INFO ActionCommandManager] Register action command extension for command set-output
[2026-04-03 10:47:41Z INFO ActionCommandManager] Register action command extension for command save-state
[2026-04-03 10:47:41Z INFO ActionCommandManager] Register action command extension for command add-path
[2026-04-03 10:47:41Z INFO ActionCommandManager] Register action command extension for command add-mask
[2026-04-03 10:47:41Z INFO ActionCommandManager] Register action command extension for command add-matcher
[2026-04-03 10:47:41Z INFO ActionCommandManager] Register action command extension for command remove-matcher
[2026-04-03 10:47:41Z INFO ActionCommandManager] Register action command extension for command warning
[2026-04-03 10:47:41Z INFO ActionCommandManager] Register action command extension for command error
[2026-04-03 10:47:41Z INFO ActionCommandManager] Register action command extension for command notice
[2026-04-03 10:47:41Z INFO ActionCommandManager] Register action command extension for command debug
[2026-04-03 10:47:41Z INFO ActionCommandManager] Register action command extension for command group
[2026-04-03 10:47:41Z INFO ActionCommandManager] Register action command extension for command endgroup
[2026-04-03 10:47:41Z INFO ActionCommandManager] Register action command extension for command echo
[2026-04-03 10:47:41Z INFO ScriptHandler] Which2: 'cmd'
[2026-04-03 10:47:41Z INFO ScriptHandler] Location: 'C:\WINDOWS\system32\cmd.EXE'
[2026-04-03 10:47:41Z INFO HostContext] Well known directory 'Bin': 'D:\코딩\mlops_sentiment_api\actions-runner\actions-runner\bin'
[2026-04-03 10:47:41Z INFO HostContext] Well known directory 'Root': 'D:\코딩\mlops_sentiment_api\actions-runner\actions-runner'
[2026-04-03 10:47:41Z INFO HostContext] Well known directory 'Work': 'D:\코딩\mlops_sentiment_api\actions-runner\actions-runner\_work'
[2026-04-03 10:47:41Z INFO HostContext] Well known directory 'Temp': 'D:\코딩\mlops_sentiment_api\actions-runner\actions-runner\_work\_temp'
[2026-04-03 10:47:41Z INFO ScriptHandler] Which2: 'cmd'
[2026-04-03 10:47:41Z INFO ScriptHandler] Location: 'C:\WINDOWS\system32\cmd.EXE'
[2026-04-03 10:47:41Z INFO ProcessInvokerWrapper] Starting process:
[2026-04-03 10:47:41Z INFO ProcessInvokerWrapper]   File name: 'C:\WINDOWS\system32\cmd.EXE'
[2026-04-03 10:47:41Z INFO ProcessInvokerWrapper]   Arguments: '/D /E:ON /V:OFF /S /C "CALL "D:\코딩\mlops_sentiment_api\actions-runner\actions-runner\_work\_temp\b53f7885-1e6b-4f58-9482-c22f61adad5c.cmd""'
[2026-04-03 10:47:41Z INFO ProcessInvokerWrapper]   Working directory: 'D:\코딩\mlops_sentiment_api\actions-runner\actions-runner\_work\opensource-hw2\opensource-hw2'
[2026-04-03 10:47:41Z INFO ProcessInvokerWrapper]   Require exit code zero: 'False'
[2026-04-03 10:47:41Z INFO ProcessInvokerWrapper]   Encoding web name:  ; code page: ''
[2026-04-03 10:47:41Z INFO ProcessInvokerWrapper]   Force kill process on cancellation: 'False'
[2026-04-03 10:47:41Z INFO ProcessInvokerWrapper]   Redirected STDIN: 'False'
[2026-04-03 10:47:41Z INFO ProcessInvokerWrapper]   Persist current code page: 'True'
[2026-04-03 10:47:41Z INFO ProcessInvokerWrapper]   Keep redirected STDIN open: 'False'
[2026-04-03 10:47:41Z INFO ProcessInvokerWrapper]   High priority process: 'False'
[2026-04-03 10:47:41Z INFO ProcessInvokerWrapper] Process started with process id 28132, waiting for process exit.
[2026-04-03 10:47:41Z INFO ProcessInvokerWrapper] STDOUT/STDERR stream read finished.
[2026-04-03 10:47:41Z INFO ProcessInvokerWrapper] STDOUT/STDERR stream read finished.
[2026-04-03 10:47:41Z INFO ProcessInvokerWrapper] Finished process 28132 with exit code 0, and elapsed time 00:00:00.0565664.
[2026-04-03 10:47:41Z INFO CreateStepSummaryCommand] Step Summary file (D:\코딩\mlops_sentiment_api\actions-runner\actions-runner\_work\_temp\_runner_file_commands\step_summary_b6df7f9d-f51c-4995-955a-9022080123a1) is empty; skipping attachment upload
[2026-04-03 10:47:41Z INFO StepsRunner] Step result: 
[2026-04-03 10:47:41Z INFO ExecutionContext] Publish step telemetry for current step {
  "action": "cmd",
  "type": "run",
  "stage": "Main",
  "stepId": "c1562b5e-7c5f-4b2d-aa0e-e72bced7cfda",
  "stepContextName": "__run_6",
  "result": "succeeded",
  "errorMessages": [],
  "executionTimeInSeconds": 1,
  "startTime": "2026-04-03T10:47:41.1271218Z",
  "finishTime": "2026-04-03T10:47:41.1991037Z"
}.
[2026-04-03 10:47:41Z INFO StepsRunner] No need for updating job result with current step result 'Succeeded'.
[2026-04-03 10:47:41Z INFO StepsRunner] Current state: job state = ''
[2026-04-03 10:47:41Z INFO StepsRunner] Processing step: DisplayName='Post Log in to Docker Hub'
[2026-04-03 10:47:41Z INFO StepsRunner] Evaluating: always()
[2026-04-03 10:47:41Z INFO StepsRunner] Result: true
[2026-04-03 10:47:41Z INFO StepsRunner] Starting the step.
[2026-04-03 10:47:41Z INFO HostContext] Well known directory 'Bin': 'D:\코딩\mlops_sentiment_api\actions-runner\actions-runner\bin'
[2026-04-03 10:47:41Z INFO HostContext] Well known directory 'Root': 'D:\코딩\mlops_sentiment_api\actions-runner\actions-runner'
[2026-04-03 10:47:41Z INFO HostContext] Well known directory 'Work': 'D:\코딩\mlops_sentiment_api\actions-runner\actions-runner\_work'
[2026-04-03 10:47:41Z INFO StepsRunner] Which2: 'chcp'
[2026-04-03 10:47:41Z INFO StepsRunner] Location: 'C:\WINDOWS\system32\chcp.COM'
[2026-04-03 10:47:41Z INFO ProcessInvokerWrapper] Starting process:
[2026-04-03 10:47:41Z INFO ProcessInvokerWrapper]   File name: 'C:\WINDOWS\system32\chcp.COM'
[2026-04-03 10:47:41Z INFO ProcessInvokerWrapper]   Arguments: '65001'
[2026-04-03 10:47:41Z INFO ProcessInvokerWrapper]   Working directory: 'D:\코딩\mlops_sentiment_api\actions-runner\actions-runner\_work'
[2026-04-03 10:47:41Z INFO ProcessInvokerWrapper]   Require exit code zero: 'False'
[2026-04-03 10:47:41Z INFO ProcessInvokerWrapper]   Encoding web name:  ; code page: ''
[2026-04-03 10:47:41Z INFO ProcessInvokerWrapper]   Force kill process on cancellation: 'False'
[2026-04-03 10:47:41Z INFO ProcessInvokerWrapper]   Redirected STDIN: 'False'
[2026-04-03 10:47:41Z INFO ProcessInvokerWrapper]   Persist current code page: 'True'
[2026-04-03 10:47:41Z INFO ProcessInvokerWrapper]   Keep redirected STDIN open: 'False'
[2026-04-03 10:47:41Z INFO ProcessInvokerWrapper]   High priority process: 'False'
[2026-04-03 10:47:41Z INFO ProcessInvokerWrapper] Process started with process id 31420, waiting for process exit.
[2026-04-03 10:47:41Z INFO ProcessInvokerWrapper] STDOUT/STDERR stream read finished.
[2026-04-03 10:47:41Z INFO ProcessInvokerWrapper] STDOUT/STDERR stream read finished.
[2026-04-03 10:47:41Z INFO ProcessInvokerWrapper] Finished process 31420 with exit code 0, and elapsed time 00:00:00.0058386.
[2026-04-03 10:47:41Z INFO StepsRunner] Successfully returned to code page 65001 (UTF8)
[2026-04-03 10:47:41Z INFO HostContext] Well known directory 'Bin': 'D:\코딩\mlops_sentiment_api\actions-runner\actions-runner\bin'
[2026-04-03 10:47:41Z INFO HostContext] Well known directory 'Root': 'D:\코딩\mlops_sentiment_api\actions-runner\actions-runner'
[2026-04-03 10:47:41Z INFO HostContext] Well known directory 'Work': 'D:\코딩\mlops_sentiment_api\actions-runner\actions-runner\_work'
[2026-04-03 10:47:41Z INFO HostContext] Well known directory 'Actions': 'D:\코딩\mlops_sentiment_api\actions-runner\actions-runner\_work\_actions'
[2026-04-03 10:47:41Z INFO ActionManager] Load action that reference repository from 'D:\코딩\mlops_sentiment_api\actions-runner\actions-runner\_work\_actions\docker\login-action\v3'
[2026-04-03 10:47:41Z INFO HostContext] Well known directory 'Bin': 'D:\코딩\mlops_sentiment_api\actions-runner\actions-runner\bin'
[2026-04-03 10:47:41Z INFO HostContext] Well known directory 'Root': 'D:\코딩\mlops_sentiment_api\actions-runner\actions-runner'
[2026-04-03 10:47:41Z INFO HostContext] Well known directory 'Work': 'D:\코딩\mlops_sentiment_api\actions-runner\actions-runner\_work'
[2026-04-03 10:47:41Z INFO HostContext] Well known directory 'Actions': 'D:\코딩\mlops_sentiment_api\actions-runner\actions-runner\_work\_actions'
[2026-04-03 10:47:41Z INFO ActionManifestManagerLegacy] Ignore action property author.
[2026-04-03 10:47:41Z INFO ActionManifestManagerLegacy] Ignore action property branding.
[2026-04-03 10:47:41Z INFO ActionManifestManagerLegacy] Loaded action.yml file: {
  "name": "Docker Login",
  "description": "GitHub Action to login against a Docker registry",
  "inputs": {
    "type": 2,
    "map": [
      {
        "key": {
          "type": 0,
          "file": 2,
          "line": 10,
          "col": 3,
          "lit": "registry"
        },
        "value": ""
      },
      {
        "key": {
          "type": 0,
          "file": 2,
          "line": 13,
          "col": 3,
          "lit": "username"
        },
        "value": ""
      },
      {
        "key": {
          "type": 0,
          "file": 2,
          "line": 16,
          "col": 3,
          "lit": "password"
        },
        "value": ""
      },
      {
        "key": {
          "type": 0,
          "file": 2,
          "line": 19,
          "col": 3,
          "lit": "ecr"
        },
        "value": ""
      },
      {
        "key": {
          "type": 0,
          "file": 2,
          "line": 22,
          "col": 3,
          "lit": "scope"
        },
        "value": ""
      },
      {
        "key": {
          "type": 0,
          "file": 2,
          "line": 25,
          "col": 3,
          "lit": "logout"
        },
        "value": {
          "type": 0,
          "file": 2,
          "line": 27,
          "col": 14,
          "lit": "true"
        }
      },
      {
        "key": {
          "type": 0,
          "file": 2,
          "line": 29,
          "col": 3,
          "lit": "registry-auth"
        },
        "value": ""
      }
    ]
  },
  "execution": {
    "executionType": "nodeJS",
    "hasPre": false,
    "hasPost": true,
    "script": "dist/index.js",
    "pre": null,
    "post": "dist/index.js",
    "nodeVersion": "node20",
    "cleanupCondition": "always()",
    "initCondition": "always()"
  },
  "deprecated": null
}
[2026-04-03 10:47:41Z INFO ActionManager] Action pre node.js file: N/A.
[2026-04-03 10:47:41Z INFO ActionManager] Action node.js file: dist/index.js.
[2026-04-03 10:47:41Z INFO ActionManager] Action post node.js file: dist/index.js.
[2026-04-03 10:47:41Z INFO HostContext] Well known directory 'Bin': 'D:\코딩\mlops_sentiment_api\actions-runner\actions-runner\bin'
[2026-04-03 10:47:41Z INFO HostContext] Well known directory 'Root': 'D:\코딩\mlops_sentiment_api\actions-runner\actions-runner'
[2026-04-03 10:47:41Z INFO HostContext] Well known directory 'Work': 'D:\코딩\mlops_sentiment_api\actions-runner\actions-runner\_work'
[2026-04-03 10:47:41Z INFO HostContext] Well known directory 'Temp': 'D:\코딩\mlops_sentiment_api\actions-runner\actions-runner\_work\_temp'
[2026-04-03 10:47:41Z INFO ExecutionContext] Write event payload to D:\코딩\mlops_sentiment_api\actions-runner\actions-runner\_work\_temp\_github_workflow\event.json
[2026-04-03 10:47:41Z INFO HostContext] Well known directory 'Bin': 'D:\코딩\mlops_sentiment_api\actions-runner\actions-runner\bin'
[2026-04-03 10:47:41Z INFO HostContext] Well known directory 'Root': 'D:\코딩\mlops_sentiment_api\actions-runner\actions-runner'
[2026-04-03 10:47:41Z INFO HostContext] Well known directory 'Work': 'D:\코딩\mlops_sentiment_api\actions-runner\actions-runner\_work'
[2026-04-03 10:47:41Z INFO HostContext] Well known directory 'Temp': 'D:\코딩\mlops_sentiment_api\actions-runner\actions-runner\_work\_temp'
[2026-04-03 10:47:41Z INFO ExtensionManager] Getting extensions for interface: 'GitHub.Runner.Worker.IFileCommandExtension'
[2026-04-03 10:47:41Z INFO ActionManifestManagerLegacy] Input 'registry': default value evaluate result: ""
[2026-04-03 10:47:41Z INFO ActionManifestManagerLegacy] Input 'ecr': default value evaluate result: ""
[2026-04-03 10:47:41Z INFO ActionManifestManagerLegacy] Input 'scope': default value evaluate result: ""
[2026-04-03 10:47:41Z INFO ActionManifestManagerLegacy] Input 'logout': default value evaluate result: {
  "type": 0,
  "file": 2,
  "line": 27,
  "col": 14,
  "lit": "true"
}
[2026-04-03 10:47:41Z INFO ActionManifestManagerLegacy] Input 'registry-auth': default value evaluate result: ""
[2026-04-03 10:47:41Z INFO ExtensionManager] Getting extensions for interface: 'GitHub.Runner.Worker.IActionCommandExtension'
[2026-04-03 10:47:41Z INFO ActionCommandManager] Register action command extension for command internal-set-repo-path
[2026-04-03 10:47:41Z INFO ActionCommandManager] Register action command extension for command set-env
[2026-04-03 10:47:41Z INFO ActionCommandManager] Register action command extension for command set-output
[2026-04-03 10:47:41Z INFO ActionCommandManager] Register action command extension for command save-state
[2026-04-03 10:47:41Z INFO ActionCommandManager] Register action command extension for command add-path
[2026-04-03 10:47:41Z INFO ActionCommandManager] Register action command extension for command add-mask
[2026-04-03 10:47:41Z INFO ActionCommandManager] Register action command extension for command add-matcher
[2026-04-03 10:47:41Z INFO ActionCommandManager] Register action command extension for command remove-matcher
[2026-04-03 10:47:41Z INFO ActionCommandManager] Register action command extension for command warning
[2026-04-03 10:47:41Z INFO ActionCommandManager] Register action command extension for command error
[2026-04-03 10:47:41Z INFO ActionCommandManager] Register action command extension for command notice
[2026-04-03 10:47:41Z INFO ActionCommandManager] Register action command extension for command debug
[2026-04-03 10:47:41Z INFO ActionCommandManager] Register action command extension for command group
[2026-04-03 10:47:41Z INFO ActionCommandManager] Register action command extension for command endgroup
[2026-04-03 10:47:41Z INFO ActionCommandManager] Register action command extension for command echo
[2026-04-03 10:47:41Z INFO HostContext] Well known directory 'Bin': 'D:\코딩\mlops_sentiment_api\actions-runner\actions-runner\bin'
[2026-04-03 10:47:41Z INFO HostContext] Well known directory 'Root': 'D:\코딩\mlops_sentiment_api\actions-runner\actions-runner'
[2026-04-03 10:47:41Z INFO HostContext] Well known directory 'Externals': 'D:\코딩\mlops_sentiment_api\actions-runner\actions-runner\externals'
[2026-04-03 10:47:41Z INFO ProcessInvokerWrapper] Starting process:
[2026-04-03 10:47:41Z INFO ProcessInvokerWrapper]   File name: 'D:\코딩\mlops_sentiment_api\actions-runner\actions-runner\externals\node24\bin\node.exe'
[2026-04-03 10:47:41Z INFO ProcessInvokerWrapper]   Arguments: '"D:\코딩\mlops_sentiment_api\actions-runner\actions-runner\_work\_actions\docker\login-action\v3\dist/index.js"'
[2026-04-03 10:47:41Z INFO ProcessInvokerWrapper]   Working directory: 'D:\코딩\mlops_sentiment_api\actions-runner\actions-runner\_work\opensource-hw2\opensource-hw2'
[2026-04-03 10:47:41Z INFO ProcessInvokerWrapper]   Require exit code zero: 'False'
[2026-04-03 10:47:41Z INFO ProcessInvokerWrapper]   Encoding web name: utf-8 ; code page: '65001'
[2026-04-03 10:47:41Z INFO ProcessInvokerWrapper]   Force kill process on cancellation: 'False'
[2026-04-03 10:47:41Z INFO ProcessInvokerWrapper]   Redirected STDIN: 'False'
[2026-04-03 10:47:41Z INFO ProcessInvokerWrapper]   Persist current code page: 'True'
[2026-04-03 10:47:41Z INFO ProcessInvokerWrapper]   Keep redirected STDIN open: 'False'
[2026-04-03 10:47:41Z INFO ProcessInvokerWrapper]   High priority process: 'False'
[2026-04-03 10:47:41Z INFO ProcessInvokerWrapper] Process started with process id 32656, waiting for process exit.
[2026-04-03 10:47:41Z INFO JobServerQueue] Tried to upload 1 file(s) to results, success rate: 1/1.
[2026-04-03 10:47:41Z INFO JobServerQueue] Try to append 1 batches web console lines for record 'c1562b5e-7c5f-4b2d-aa0e-e72bced7cfda', success rate: 1/1.
[2026-04-03 10:47:41Z INFO JobServerQueue] Try to append 1 batches web console lines for record '55096e00-4298-4256-86b0-b5456ea2c612', success rate: 1/1.
[2026-04-03 10:47:41Z INFO JobServerQueue] Try to upload 4 log files or attachments, success rate: 4/4.
[2026-04-03 10:47:42Z INFO JobServerQueue] Got a step log file to send to results service.
[2026-04-03 10:47:42Z INFO JobServerQueue] Starting upload of step log file to results service ResultsLog, D:\코딩\mlops_sentiment_api\actions-runner\actions-runner\_diag\blocks\0d7fe58e-15e7-4c7c-a976-dc55a507b46e_b0d63d88-cd70-422e-88ed-cac5b7ea1c49.1
[2026-04-03 10:47:43Z INFO JobServerQueue] Got a step log file to send to results service.
[2026-04-03 10:47:43Z INFO JobServerQueue] Starting upload of step log file to results service ResultsLog, D:\코딩\mlops_sentiment_api\actions-runner\actions-runner\_diag\blocks\0d7fe58e-15e7-4c7c-a976-dc55a507b46e_e1fc7fcc-55f3-4492-a95d-7b2efad5fbea.1
[2026-04-03 10:47:43Z INFO JobServerQueue] Got a step log file to send to results service.
[2026-04-03 10:47:43Z INFO JobServerQueue] Starting upload of step log file to results service ResultsLog, D:\코딩\mlops_sentiment_api\actions-runner\actions-runner\_diag\blocks\0d7fe58e-15e7-4c7c-a976-dc55a507b46e_204f7e13-8a38-4d00-b2d2-5acef779d565.1
[2026-04-03 10:47:44Z INFO JobServerQueue] Got a step log file to send to results service.
[2026-04-03 10:47:44Z INFO JobServerQueue] Starting upload of step log file to results service ResultsLog, D:\코딩\mlops_sentiment_api\actions-runner\actions-runner\_diag\blocks\0d7fe58e-15e7-4c7c-a976-dc55a507b46e_c1562b5e-7c5f-4b2d-aa0e-e72bced7cfda.1
[2026-04-03 10:47:45Z INFO JobServerQueue] Tried to upload 4 file(s) to results, success rate: 4/4.
[2026-04-03 10:47:45Z INFO ProcessInvokerWrapper] STDOUT/STDERR stream read finished.
[2026-04-03 10:47:45Z INFO ProcessInvokerWrapper] STDOUT/STDERR stream read finished.
[2026-04-03 10:47:45Z INFO ProcessInvokerWrapper] Finished process 32656 with exit code 0, and elapsed time 00:00:04.4694051.
[2026-04-03 10:47:45Z INFO CreateStepSummaryCommand] Step Summary file (D:\코딩\mlops_sentiment_api\actions-runner\actions-runner\_work\_temp\_runner_file_commands\step_summary_f51ae5db-7173-4e09-8d3e-04977002baa9) is empty; skipping attachment upload
[2026-04-03 10:47:45Z INFO StepsRunner] Step result: 
[2026-04-03 10:47:45Z INFO ExecutionContext] Publish step telemetry for current step {
  "action": "docker/login-action",
  "ref": "v3",
  "type": "node24",
  "stage": "Post",
  "stepId": "55096e00-4298-4256-86b0-b5456ea2c612",
  "result": "succeeded",
  "errorMessages": [],
  "executionTimeInSeconds": 5,
  "startTime": "2026-04-03T10:47:41.1999245Z",
  "finishTime": "2026-04-03T10:47:45.6812216Z"
}.
[2026-04-03 10:47:45Z INFO StepsRunner] No need for updating job result with current step result 'Succeeded'.
[2026-04-03 10:47:45Z INFO StepsRunner] Current state: job state = ''
[2026-04-03 10:47:45Z INFO JobRunner] Finalize job.
[2026-04-03 10:47:45Z INFO HostContext] Well known directory 'Bin': 'D:\코딩\mlops_sentiment_api\actions-runner\actions-runner\bin'
[2026-04-03 10:47:45Z INFO HostContext] Well known directory 'Root': 'D:\코딩\mlops_sentiment_api\actions-runner\actions-runner'
[2026-04-03 10:47:45Z INFO HostContext] Well known directory 'Diag': 'D:\코딩\mlops_sentiment_api\actions-runner\actions-runner\_diag'
[2026-04-03 10:47:45Z INFO HostContext] Well known directory 'Bin': 'D:\코딩\mlops_sentiment_api\actions-runner\actions-runner\bin'
[2026-04-03 10:47:45Z INFO HostContext] Well known directory 'Root': 'D:\코딩\mlops_sentiment_api\actions-runner\actions-runner'
[2026-04-03 10:47:45Z INFO HostContext] Well known directory 'Diag': 'D:\코딩\mlops_sentiment_api\actions-runner\actions-runner\_diag'
[2026-04-03 10:47:45Z INFO JobExtension] Initialize Env context
[2026-04-03 10:47:45Z INFO JobExtension] Initialize steps context
[2026-04-03 10:47:45Z INFO JobExtension] Total accessible running process: 368.
[2026-04-03 10:47:45Z INFO JobExtension] Wait for all connectivity checks to finish.
[2026-04-03 10:47:45Z INFO JobExtension] Connectivity check result: GitHub.Runner.Worker.JobExtension+CheckResult
[2026-04-03 10:47:45Z INFO JobExtension] Connectivity check result: GitHub.Runner.Worker.JobExtension+CheckResult
[2026-04-03 10:47:45Z INFO JobExtension] Connectivity check result: GitHub.Runner.Worker.JobExtension+CheckResult
[2026-04-03 10:47:45Z INFO ExecutionContext] Publish step telemetry for current step {
  "action": "complete_job",
  "type": "runner",
  "stage": "Post",
  "stepId": "4958a4eb-72a0-40c0-b147-c315122fb379",
  "result": "succeeded",
  "errorMessages": [
    "Node.js 20 is deprecated. The following actions target Node.js 20 but are being forced to run on Node.js 24: docker/login-action@v3. For more information see: https://github.blog/changelog/2025-09-19-deprecation-of-node-20-on-github-actions-runners/"
  ],
  "executionTimeInSeconds": 1,
  "startTime": "2026-04-03T10:47:45.6839618Z",
  "finishTime": "2026-04-03T10:47:45.6911755Z"
}.
[2026-04-03 10:47:45Z INFO JobRunner] Job result after all job steps finish: Succeeded
[2026-04-03 10:47:45Z INFO JobRunner] Completing the job execution context.
[2026-04-03 10:47:45Z INFO JobRunner] Shutting down the job server queue.
[2026-04-03 10:47:45Z INFO JobServerQueue] Fire signal to shutdown all queues.
[2026-04-03 10:47:46Z INFO JobServerQueue] All queue process task stopped.
[2026-04-03 10:47:46Z INFO JobServerQueue] Try to append 1 batches web console lines for record '55096e00-4298-4256-86b0-b5456ea2c612', success rate: 1/1.
[2026-04-03 10:47:46Z INFO JobServerQueue] Try to append 1 batches web console lines for record '4958a4eb-72a0-40c0-b147-c315122fb379', success rate: 1/1.
[2026-04-03 10:47:46Z INFO JobServerQueue] Web console line queue drained.
[2026-04-03 10:47:46Z INFO JobServerQueue] Uploading 3 files in one shot.
[2026-04-03 10:47:46Z INFO JobServerQueue] Try to upload 3 log files or attachments, success rate: 3/3.
[2026-04-03 10:47:46Z INFO JobServerQueue] File upload queue drained.
[2026-04-03 10:47:46Z INFO JobServerQueue] Starting results-based upload queue...
[2026-04-03 10:47:46Z INFO JobServerQueue] Uploading 3 file(s) in one shot through results service.
[2026-04-03 10:47:46Z INFO JobServerQueue] Got a step log file to send to results service.
[2026-04-03 10:47:46Z INFO JobServerQueue] Starting upload of step log file to results service ResultsLog, D:\코딩\mlops_sentiment_api\actions-runner\actions-runner\_diag\blocks\0d7fe58e-15e7-4c7c-a976-dc55a507b46e_55096e00-4298-4256-86b0-b5456ea2c612.1
[2026-04-03 10:47:46Z INFO JobServerQueue] Got a step log file to send to results service.
[2026-04-03 10:47:46Z INFO JobServerQueue] Starting upload of step log file to results service ResultsLog, D:\코딩\mlops_sentiment_api\actions-runner\actions-runner\_diag\blocks\0d7fe58e-15e7-4c7c-a976-dc55a507b46e_4958a4eb-72a0-40c0-b147-c315122fb379.1
[2026-04-03 10:47:47Z INFO JobServerQueue] Got a job log file to send to results service.
[2026-04-03 10:47:47Z INFO JobServerQueue] Starting upload of job log file to results service ResultsLog, D:\코딩\mlops_sentiment_api\actions-runner\actions-runner\_diag\blocks\0d7fe58e-15e7-4c7c-a976-dc55a507b46e_5ce3bf49-9fa2-5f7d-8624-84ea8f1343c4.1
[2026-04-03 10:47:48Z INFO JobServerQueue] Tried to upload 3 file(s) to results, success rate: 3/3.
[2026-04-03 10:47:48Z INFO JobServerQueue] Results upload queue drained.
[2026-04-03 10:47:48Z INFO JobServerQueue] Timeline update queue drained.
[2026-04-03 10:47:48Z INFO JobServerQueue] Disposing job server ...
[2026-04-03 10:47:48Z INFO JobServerQueue] Disposing results server ...
[2026-04-03 10:47:48Z INFO JobServerQueue] All queue process tasks have been stopped, and all queues are drained.
[2026-04-03 10:47:48Z INFO TempDirectoryManager] Cleaning runner temp folder: D:\코딩\mlops_sentiment_api\actions-runner\actions-runner\_work\_temp
[2026-04-03 10:47:48Z INFO HostContext] Well known directory 'Bin': 'D:\코딩\mlops_sentiment_api\actions-runner\actions-runner\bin'
[2026-04-03 10:47:48Z INFO HostContext] Well known directory 'Root': 'D:\코딩\mlops_sentiment_api\actions-runner\actions-runner'
[2026-04-03 10:47:48Z INFO HostContext] Well known directory 'Diag': 'D:\코딩\mlops_sentiment_api\actions-runner\actions-runner\_diag'
[2026-04-03 10:47:48Z INFO HostContext] Well known config file 'Telemetry': 'D:\코딩\mlops_sentiment_api\actions-runner\actions-runner\_diag\.telemetry'
[2026-04-03 10:47:48Z INFO JobRunner] Raising job completed against run service
[2026-04-03 10:47:49Z INFO Worker] Job completed.
