[2026-04-03 10:18:52Z INFO HostContext] No proxy settings were found based on environmental variables (http_proxy/https_proxy/HTTP_PROXY/HTTPS_PROXY)
[2026-04-03 10:18:52Z INFO HostContext] Well known directory 'Bin': 'D:\코딩\mlops_sentiment_api\actions-runner\actions-runner\bin'
[2026-04-03 10:18:52Z INFO HostContext] Well known directory 'Root': 'D:\코딩\mlops_sentiment_api\actions-runner\actions-runner'
[2026-04-03 10:18:52Z INFO HostContext] Well known config file 'Credentials': 'D:\코딩\mlops_sentiment_api\actions-runner\actions-runner\.credentials'
[2026-04-03 10:18:52Z INFO HostContext] Well known directory 'Bin': 'D:\코딩\mlops_sentiment_api\actions-runner\actions-runner\bin'
[2026-04-03 10:18:52Z INFO HostContext] Well known directory 'Root': 'D:\코딩\mlops_sentiment_api\actions-runner\actions-runner'
[2026-04-03 10:18:52Z INFO HostContext] Well known config file 'Runner': 'D:\코딩\mlops_sentiment_api\actions-runner\actions-runner\.runner'
[2026-04-03 10:18:52Z INFO Worker] Version: 2.333.1
[2026-04-03 10:18:52Z INFO Worker] Commit: 6792966801e8925346735b68c03bf9f347af4646
[2026-04-03 10:18:52Z INFO Worker] Culture: ko-KR
[2026-04-03 10:18:52Z INFO Worker] UI Culture: ko-KR
[2026-04-03 10:18:52Z INFO Worker] Waiting to receive the job message from the channel.
[2026-04-03 10:18:52Z INFO ProcessChannel] Receiving message of length 23523, with hash 'd150dd1301b78e7b8277f80d2f4a55f21327c346b64fd20126f62775cac04e1a'
[2026-04-03 10:18:52Z INFO Worker] Message received.
[2026-04-03 10:18:52Z INFO Worker] Job message:
 {
  "environmentVariables": [
    {
      "type": 2,
      "file": 1,
      "line": 10,
      "col": 3,
      "map": [
        {
          "key": {
            "type": 0,
            "file": 1,
            "line": 10,
            "col": 3,
            "lit": "FORCE_JAVASCRIPT_ACTIONS_TO_NODE24"
          },
          "value": {
            "type": 0,
            "file": 1,
            "line": 10,
            "col": 39,
            "lit": "true"
          }
        }
      ]
    }
  ],
  "fileTable": [
    ".github/workflows/ci.yml"
  ],
  "mask": [
    {
      "type": "regex",
      "value": "***"
    },
    {
      "type": "regex",
      "value": "***"
    },
    {
      "type": "regex",
      "value": "***"
    },
    {
      "type": "regex",
      "value": "***"
    },
    {
      "type": "regex",
      "value": "***"
    },
    {
      "type": "regex",
      "value": "***"
    },
    {
      "type": "regex",
      "value": "***"
    },
    {
      "type": "regex",
      "value": "***"
    },
    {
      "type": "regex",
      "value": "***"
    },
    {
      "type": "regex",
      "value": "***"
    },
    {
      "type": "regex",
      "value": "***"
    },
    {
      "type": "regex",
      "value": "***"
    },
    {
      "type": "regex",
      "value": "***"
    },
    {
      "type": "regex",
      "value": "***"
    },
    {
      "type": "regex",
      "value": "***"
    },
    {
      "type": "regex",
      "value": "***"
    },
    {
      "type": "regex",
      "value": "***"
    },
    {
      "type": "regex",
      "value": "***"
    }
  ],
  "steps": [
    {
      "type": "action",
      "reference": {
        "type": "repository",
        "name": "docker/login-action",
        "ref": "v3",
        "repositoryType": "GitHub"
      },
      "displayNameToken": {
        "type": 0,
        "file": 1,
        "line": 52,
        "col": 15,
        "lit": "Log in to Docker Hub"
      },
      "contextName": "__docker_login-action",
      "inputs": {
        "type": 2,
        "file": 1,
        "line": 55,
        "col": 11,
        "map": [
          {
            "key": {
              "type": 0,
              "file": 1,
              "line": 55,
              "col": 11,
              "lit": "username"
            },
            "value": {
              "type": 3,
              "file": 1,
              "line": 55,
              "col": 21,
              "expr": "secrets.DOCKERHUB_USERNAME"
            }
          },
          {
            "key": {
              "type": 0,
              "file": 1,
              "line": 56,
              "col": 11,
              "lit": "password"
            },
            "value": {
              "type": 3,
              "file": 1,
              "line": 56,
              "col": 21,
              "expr": "secrets.DOCKERHUB_TOKEN"
            }
          }
        ]
      },
      "condition": "success()",
      "id": "798b0997-c894-44e7-b86b-700160638ee2",
      "name": "__docker_login-action"
    },
    {
      "type": "action",
      "reference": {
        "type": "script"
      },
      "displayNameToken": {
        "type": 0,
        "file": 1,
        "line": 59,
        "col": 15,
        "lit": "Check Docker is running"
      },
      "contextName": "__run",
      "inputs": {
        "type": 2,
        "map": [
          {
            "key": "script",
            "value": {
              "type": 0,
              "file": 1,
              "line": 61,
              "col": 14,
              "lit": "docker info"
            }
          },
          {
            "key": "shell",
            "value": {
              "type": 0,
              "file": 1,
              "line": 60,
              "col": 16,
              "lit": "cmd"
            }
          }
        ]
      },
      "condition": "success()",
      "id": "468e057a-d74d-4d74-b2df-dfcfa7debfa8",
      "name": "__run"
    },
    {
      "type": "action",
      "reference": {
        "type": "script"
      },
      "displayNameToken": {
        "type": 0,
        "file": 1,
        "line": 64,
        "col": 15,
        "lit": "Pull latest image from Docker Hub"
      },
      "contextName": "__run_2",
      "inputs": {
        "type": 2,
        "map": [
          {
            "key": "script",
            "value": {
              "type": 3,
              "file": 1,
              "line": 66,
              "col": 14,
              "expr": "format('docker pull {0}/mlops-sentiment-api:latest', secrets.DOCKERHUB_USERNAME)"
            }
          },
          {
            "key": "shell",
            "value": {
              "type": 0,
              "file": 1,
              "line": 65,
              "col": 16,
              "lit": "cmd"
            }
          }
        ]
      },
      "condition": "success()",
      "id": "8dfee62d-cfa8-40fa-9a83-0c52c4432231",
      "name": "__run_2"
    },
    {
      "type": "action",
      "reference": {
        "type": "script"
      },
      "displayNameToken": {
        "type": 0,
        "file": 1,
        "line": 69,
        "col": 15,
        "lit": "Stop existing container"
      },
      "contextName": "__run_3",
      "inputs": {
        "type": 2,
        "map": [
          {
            "key": "script",
            "value": {
              "type": 0,
              "file": 1,
              "line": 71,
              "col": 14,
              "lit": "docker stop mlops-api-container"
            }
          },
          {
            "key": "shell",
            "value": {
              "type": 0,
              "file": 1,
              "line": 70,
              "col": 16,
              "lit": "cmd"
            }
          }
        ]
      },
      "condition": "success()",
      "continueOnError": {
        "type": 5,
        "file": 1,
        "line": 72,
        "col": 28,
        "bool": true
      },
      "id": "02891168-fb51-45d9-a3de-d8ed053532e2",
      "name": "__run_3"
    },
    {
      "type": "action",
      "reference": {
        "type": "script"
      },
      "displayNameToken": {
        "type": 0,
        "file": 1,
        "line": 75,
        "col": 15,
        "lit": "Remove existing container"
      },
      "contextName": "__run_4",
      "inputs": {
        "type": 2,
        "map": [
          {
            "key": "script",
            "value": {
              "type": 0,
              "file": 1,
              "line": 77,
              "col": 14,
              "lit": "docker rm mlops-api-container"
            }
          },
          {
            "key": "shell",
            "value": {
              "type": 0,
              "file": 1,
              "line": 76,
              "col": 16,
              "lit": "cmd"
            }
          }
        ]
      },
      "condition": "success()",
      "continueOnError": {
        "type": 5,
        "file": 1,
        "line": 78,
        "col": 28,
        "bool": true
      },
      "id": "ed75ff7d-bf78-48ac-b9ff-d1bdd3021e2a",
      "name": "__run_4"
    },
    {
      "type": "action",
      "reference": {
        "type": "script"
      },
      "displayNameToken": {
        "type": 0,
        "file": 1,
        "line": 81,
        "col": 15,
        "lit": "Run new container"
      },
      "contextName": "__run_5",
      "inputs": {
        "type": 2,
        "map": [
          {
            "key": "script",
            "value": {
              "type": 3,
              "file": 1,
              "line": 83,
              "col": 14,
              "expr": "format('docker run -d --name mlops-api-container --restart unless-stopped -p 8000:8000 {0}/mlops-sentiment-api:latest', secrets.DOCKERHUB_USERNAME)"
            }
          },
          {
            "key": "shell",
            "value": {
              "type": 0,
              "file": 1,
              "line": 82,
              "col": 16,
              "lit": "cmd"
            }
          }
        ]
      },
      "condition": "success()",
      "id": "f7a39b4c-e94e-4a32-ab65-211316401b63",
      "name": "__run_5"
    },
    {
      "type": "action",
      "reference": {
        "type": "script"
      },
      "displayNameToken": {
        "type": 0,
        "file": 1,
        "line": 86,
        "col": 15,
        "lit": "Verify deployment"
      },
      "contextName": "__run_6",
      "inputs": {
        "type": 2,
        "map": [
          {
            "key": "script",
            "value": {
              "type": 0,
              "file": 1,
              "line": 88,
              "col": 14,
              "lit": "docker ps --filter \"name=mlops-api-container\" --format \"table {{.Names}}\\t{{.Status}}\\t{{.Ports}}\""
            }
          },
          {
            "key": "shell",
            "value": {
              "type": 0,
              "file": 1,
              "line": 87,
              "col": 16,
              "lit": "cmd"
            }
          }
        ]
      },
      "condition": "success()",
      "id": "038be218-48b8-4187-ad30-39f19ed14b88",
      "name": "__run_6"
    }
  ],
  "variables": {
    "Actions.EnableHttpRedirects": {
      "value": "true"
    },
    "DOCKERHUB_TOKEN": {
      "value": "***",
      "isSecret": true
    },
    "DOCKERHUB_USERNAME": {
      "value": "***",
      "isSecret": true
    },
    "DistributedTask.AddWarningToNode12Action": {
      "value": "true"
    },
    "DistributedTask.AddWarningToNode16Action": {
      "value": "true"
    },
    "DistributedTask.AllowRunnerContainerHooks": {
      "value": "true"
    },
    "DistributedTask.DeprecateStepOutputCommands": {
      "value": "true"
    },
    "DistributedTask.DetailUntarFailure": {
      "value": "true"
    },
    "DistributedTask.EnableCompositeActions": {
      "value": "true"
    },
    "DistributedTask.EnableJobServerQueueTelemetry": {
      "value": "true"
    },
    "DistributedTask.EnhancedAnnotations": {
      "value": "true"
    },
    "DistributedTask.ForceGithubJavascriptActionsToNode16": {
      "value": "true"
    },
    "DistributedTask.ForceGithubJavascriptActionsToNode20": {
      "value": "true"
    },
    "DistributedTask.LogTemplateErrorsAsDebugMessages": {
      "value": "true"
    },
    "DistributedTask.MarkJobAsFailedOnWorkerCrash": {
      "value": "true"
    },
    "DistributedTask.NewActionMetadata": {
      "value": "true"
    },
    "DistributedTask.UploadStepSummary": {
      "value": "true"
    },
    "DistributedTask.UseActionArchiveCache": {
      "value": "true"
    },
    "DistributedTask.UseWhich2": {
      "value": "true"
    },
    "RunService.FixEmbeddedIssues": {
      "value": "true"
    },
    "actions.runner.requirenode24": {
      "value": "false"
    },
    "actions.runner.usenode24bydefault": {
      "value": "false"
    },
    "actions.runner.warnonnode20": {
      "value": "true"
    },
    "actions_add_check_run_id_to_job_context": {
      "value": "true"
    },
    "actions_batch_action_resolution": {
      "value": "false"
    },
    "actions_container_action_runner_temp": {
      "value": "true"
    },
    "actions_display_helpful_actions_download_errors": {
      "value": "true"
    },
    "actions_runner_compare_workflow_parser": {
      "value": "false"
    },
    "actions_runner_deprecate_linux_arm32": {
      "value": "false"
    },
    "actions_runner_emit_composite_markers": {
      "value": "false"
    },
    "actions_runner_kill_linux_arm32": {
      "value": "false"
    },
    "actions_runner_node20_removal_date": {
      "value": ""
    },
    "actions_runner_node24_default_date": {
      "value": ""
    },
    "actions_service_container_command": {
      "value": "true"
    },
    "actions_set_orchestration_id_env_for_actions": {
      "value": "true"
    },
    "actions_skip_retry_complete_job_upon_known_errors": {
      "value": "true"
    },
    "actions_snapshot_preflight_hosted_runner_check": {
      "value": "false"
    },
    "actions_snapshot_preflight_image_gen_pool_check": {
      "value": "false"
    },
    "actions_use_bearer_token_for_codeload": {
      "value": "false"
    },
    "actions_uses_cache_service_v2": {
      "value": "true"
    },
    "github_token": {
      "value": "***",
      "isSecret": true
    },
    "system.from_run_service": {
      "value": "true"
    },
    "system.github.job": {
      "value": "deploy-to-local"
    },
    "system.github.launch_endpoint": {
      "value": "https://launch.actions.githubusercontent.com"
    },
    "system.github.results_endpoint": {
      "value": "https://results-receiver.actions.githubusercontent.com/"
    },
    "system.github.results_upload_with_sdk": {
      "value": "true"
    },
    "system.github.token": {
      "value": "***",
      "isSecret": true
    },
    "system.github.token.permissions": {
      "value": "{\"Contents\":\"read\",\"Metadata\":\"read\",\"Packages\":\"read\"}"
    },
    "system.orchestrationId": {
      "value": "60f42ac7-0a98-4dc0-aac3-34bb750008f6.deploy-to-local.__default"
    },
    "system.phaseDisplayName": {
      "value": "deploy-to-local"
    },
    "system.runner.lowdiskspacethreshold": {
      "value": "100"
    },
    "system.runnerEnvironment": {
      "value": "self-hosted"
    },
    "system.runnerGroupName": {
      "value": "Default"
    }
  },
  "messageType": "RunnerJobRequest",
  "plan": {
    "scopeIdentifier": "00000000-0000-0000-0000-000000000000",
    "planType": "actions",
    "version": 0,
    "planId": "60f42ac7-0a98-4dc0-aac3-34bb750008f6",
    "planGroup": null,
    "artifactUri": null,
    "artifactLocation": null,
    "definition": null,
    "owner": null
  },
  "timeline": {
    "id": "60f42ac7-0a98-4dc0-aac3-34bb750008f6",
    "changeId": 0,
    "location": null
  },
  "jobId": "78a13c02-a59f-5517-903f-711a6510c6a8",
  "jobDisplayName": "deploy-to-local",
  "jobName": "__default",
  "requestId": 0,
  "lockedUntil": "0001-01-01T00:00:00",
  "resources": {
    "endpoints": [
      {
        "data": {
          "ServerId": "",
          "ServerName": "",
          "CacheServerUrl": "https://artifactcache.actions.githubusercontent.com/z49N8K4gn7qMzcLyfyIpqMLYf9jT4Ucg5zUAjGS2CgmPKPzEWX/",
          "FeedStreamUrl": "wss://results-receiver.actions.githubusercontent.com/_ws/ingest.sock",
          "ResultsServiceUrl": "https://results-receiver.actions.githubusercontent.com/",
          "PipelinesServiceUrl": "https://pipelinesghubeus2.actions.githubusercontent.com/z49N8K4gn7qMzcLyfyIpqMLYf9jT4Ucg5zUAjGS2CgmPKPzEWX/",
          "GenerateIdTokenUrl": "",
          "ConnectivityChecks": "[\"https://broker.actions.githubusercontent.com/health\",\"https://token.actions.githubusercontent.com/ready\",\"https://run.actions.githubusercontent.com/health\"]"
        },
        "name": "SystemVssConnection",
        "url": "https://run-actions-3-azure-eastus.actions.githubusercontent.com/191/",
        "authorization": {
          "parameters": {
            "AccessToken": "***"
          },
          "scheme": "OAuth"
        },
        "isShared": false,
        "isReady": true
      }
    ]
  },
  "contextData": {
    "github": {
      "t": 2,
      "d": [
        {
          "k": "ref",
          "v": "refs/heads/main"
        },
        {
          "k": "sha",
          "v": "f3be701c2047bed19e0eccf76b361471f64e6b86"
        },
        {
          "k": "repository",
          "v": "minjik39/opensource-hw2"
        },
        {
          "k": "repository_owner",
          "v": "minjik39"
        },
        {
          "k": "repository_owner_id",
          "v": "139597629"
        },
        {
          "k": "repositoryUrl",
          "v": "git://github.com/minjik39/opensource-hw2.git"
        },
        {
          "k": "run_id",
          "v": "23942842800"
        },
        {
          "k": "run_number",
          "v": "4"
        },
        {
          "k": "retention_days",
          "v": "90"
        },
        {
          "k": "run_attempt",
          "v": "1"
        },
        {
          "k": "artifact_cache_size_limit",
          "v": "10"
        },
        {
          "k": "repository_visibility",
          "v": "public"
        },
        {
          "k": "actor_id",
          "v": "139597629"
        },
        {
          "k": "actor",
          "v": "minjik39"
        },
        {
          "k": "workflow",
          "v": "CI/CD Pipeline for ML API"
        },
        {
          "k": "head_ref",
          "v": ""
        },
        {
          "k": "base_ref",
          "v": ""
        },
        {
          "k": "event_name",
          "v": "push"
        },
        {
          "k": "server_url",
          "v": "https://github.com"
        },
        {
          "k": "api_url",
          "v": "https://api.github.com"
        },
        {
          "k": "graphql_url",
          "v": "https://api.github.com/graphql"
        },
        {
          "k": "ref_name",
          "v": "main"
        },
        {
          "k": "ref_protected",
          "v": false
        },
        {
          "k": "ref_type",
          "v": "branch"
        },
        {
          "k": "secret_source",
          "v": "Actions"
        },
        {
          "k": "event",
          "v": {
            "t": 2,
            "d": [
              {
                "k": "after",
                "v": "f3be701c2047bed19e0eccf76b361471f64e6b86"
              },
              {
                "k": "base_ref",
                "v": null
              },
              {
                "k": "before",
                "v": "d21fcfc372fc4a5f0d0d24b5678e10b360753110"
              },
              {
                "k": "commits",
                "v": {
                  "t": 1,
                  "a": [
                    {
                      "t": 2,
                      "d": [
                        {
                          "k": "author",
                          "v": {
                            "t": 2,
                            "d": [
                              {
                                "k": "email",
                                "v": "knight44014@gmail.com"
                              },
                              {
                                "k": "name",
                                "v": "minjik39"
                              },
                              {
                                "k": "username",
                                "v": "minjik39"
                              }
                            ]
                          }
                        },
                        {
                          "k": "committer",
                          "v": {
                            "t": 2,
                            "d": [
                              {
                                "k": "email",
                                "v": "knight44014@gmail.com"
                              },
                              {
                                "k": "name",
                                "v": "minjik39"
                              },
                              {
                                "k": "username",
                                "v": "minjik39"
                              }
                            ]
                          }
                        },
                        {
                          "k": "distinct",
                          "v": true
                        },
                        {
                          "k": "id",
                          "v": "f3be701c2047bed19e0eccf76b361471f64e6b86"
                        },
                        {
                          "k": "message",
                          "v": "fix: windows shell compatibility and node24 update"
                        },
                        {
                          "k": "timestamp",
                          "v": "2026-04-03T19:18:10+09:00"
                        },
                        {
                          "k": "tree_id",
                          "v": "8fdca34d24340dbf469ae56bfa4427a11231c331"
                        },
                        {
                          "k": "url",
                          "v": "https://github.com/minjik39/opensource-hw2/commit/f3be701c2047bed19e0eccf76b361471f64e6b86"
                        }
                      ]
                    }
                  ]
                }
              },
              {
                "k": "compare",
                "v": "https://github.com/minjik39/opensource-hw2/compare/d21fcfc372fc...f3be701c2047"
              },
              {
                "k": "created",
                "v": false
              },
              {
                "k": "deleted",
                "v": false
              },
              {
                "k": "forced",
                "v": false
              },
              {
                "k": "head_commit",
                "v": {
                  "t": 2,
                  "d": [
                    {
                      "k": "author",
                      "v": {
                        "t": 2,
                        "d": [
                          {
                            "k": "email",
                            "v": "knight44014@gmail.com"
                          },
                          {
                            "k": "name",
                            "v": "minjik39"
                          },
                          {
                            "k": "username",
                            "v": "minjik39"
                          }
                        ]
                      }
                    },
                    {
                      "k": "committer",
                      "v": {
                        "t": 2,
                        "d": [
                          {
                            "k": "email",
                            "v": "knight44014@gmail.com"
                          },
                          {
                            "k": "name",
                            "v": "minjik39"
                          },
                          {
                            "k": "username",
                            "v": "minjik39"
                          }
                        ]
                      }
                    },
                    {
                      "k": "distinct",
                      "v": true
                    },
                    {
                      "k": "id",
                      "v": "f3be701c2047bed19e0eccf76b361471f64e6b86"
                    },
                    {
                      "k": "message",
                      "v": "fix: windows shell compatibility and node24 update"
                    },
                    {
                      "k": "timestamp",
                      "v": "2026-04-03T19:18:10+09:00"
                    },
                    {
                      "k": "tree_id",
                      "v": "8fdca34d24340dbf469ae56bfa4427a11231c331"
                    },
                    {
                      "k": "url",
                      "v": "https://github.com/minjik39/opensource-hw2/commit/f3be701c2047bed19e0eccf76b361471f64e6b86"
                    }
                  ]
                }
              },
              {
                "k": "pusher",
                "v": {
                  "t": 2,
                  "d": [
                    {
                      "k": "email",
                      "v": "139597629+minjik39@users.noreply.github.com"
                    },
                    {
                      "k": "name",
                      "v": "minjik39"
                    }
                  ]
                }
              },
              {
                "k": "ref",
                "v": "refs/heads/main"
              },
              {
                "k": "repository",
                "v": {
                  "t": 2,
                  "d": [
                    {
                      "k": "allow_forking",
                      "v": true
                    },
                    {
                      "k": "archive_url",
                      "v": "https://api.github.com/repos/minjik39/opensource-hw2/{archive_format}{/ref}"
                    },
                    {
                      "k": "archived",
                      "v": false
                    },
                    {
                      "k": "assignees_url",
                      "v": "https://api.github.com/repos/minjik39/opensource-hw2/assignees{/user}"
                    },
                    {
                      "k": "blobs_url",
                      "v": "https://api.github.com/repos/minjik39/opensource-hw2/git/blobs{/sha}"
                    },
                    {
                      "k": "branches_url",
                      "v": "https://api.github.com/repos/minjik39/opensource-hw2/branches{/branch}"
                    },
                    {
                      "k": "clone_url",
                      "v": "https://github.com/minjik39/opensource-hw2.git"
                    },
                    {
                      "k": "collaborators_url",
                      "v": "https://api.github.com/repos/minjik39/opensource-hw2/collaborators{/collaborator}"
                    },
                    {
                      "k": "comments_url",
                      "v": "https://api.github.com/repos/minjik39/opensource-hw2/comments{/number}"
                    },
                    {
                      "k": "commits_url",
                      "v": "https://api.github.com/repos/minjik39/opensource-hw2/commits{/sha}"
                    },
                    {
                      "k": "compare_url",
                      "v": "https://api.github.com/repos/minjik39/opensource-hw2/compare/{base}...{head}"
                    },
                    {
                      "k": "contents_url",
                      "v": "https://api.github.com/repos/minjik39/opensource-hw2/contents/{+path}"
                    },
                    {
                      "k": "contributors_url",
                      "v": "https://api.github.com/repos/minjik39/opensource-hw2/contributors"
                    },
                    {
                      "k": "created_at",
                      "v": 1775196349.0
                    },
                    {
                      "k": "default_branch",
                      "v": "main"
                    },
                    {
                      "k": "deployments_url",
                      "v": "https://api.github.com/repos/minjik39/opensource-hw2/deployments"
                    },
                    {
                      "k": "description",
                      "v": null
                    },
                    {
                      "k": "disabled",
                      "v": false
                    },
                    {
                      "k": "downloads_url",
                      "v": "https://api.github.com/repos/minjik39/opensource-hw2/downloads"
                    },
                    {
                      "k": "events_url",
                      "v": "https://api.github.com/repos/minjik39/opensource-hw2/events"
                    },
                    {
                      "k": "fork",
                      "v": false
                    },
                    {
                      "k": "forks",
                      "v": 0.0
                    },
                    {
                      "k": "forks_count",
                      "v": 0.0
                    },
                    {
                      "k": "forks_url",
                      "v": "https://api.github.com/repos/minjik39/opensource-hw2/forks"
                    },
                    {
                      "k": "full_name",
                      "v": "minjik39/opensource-hw2"
                    },
                    {
                      "k": "git_commits_url",
                      "v": "https://api.github.com/repos/minjik39/opensource-hw2/git/commits{/sha}"
                    },
                    {
                      "k": "git_refs_url",
                      "v": "https://api.github.com/repos/minjik39/opensource-hw2/git/refs{/sha}"
                    },
                    {
                      "k": "git_tags_url",
                      "v": "https://api.github.com/repos/minjik39/opensource-hw2/git/tags{/sha}"
                    },
                    {
                      "k": "git_url",
                      "v": "git://github.com/minjik39/opensource-hw2.git"
                    },
                    {
                      "k": "has_discussions",
                      "v": false
                    },
                    {
                      "k": "has_downloads",
                      "v": true
                    },
                    {
                      "k": "has_issues",
                      "v": true
                    },
                    {
                      "k": "has_pages",
                      "v": false
                    },
                    {
                      "k": "has_projects",
                      "v": true
                    },
                    {
                      "k": "has_pull_requests",
                      "v": true
                    },
                    {
                      "k": "has_wiki",
                      "v": true
                    },
                    {
                      "k": "homepage",
                      "v": null
                    },
                    {
                      "k": "hooks_url",
                      "v": "https://api.github.com/repos/minjik39/opensource-hw2/hooks"
                    },
                    {
                      "k": "html_url",
                      "v": "https://github.com/minjik39/opensource-hw2"
                    },
                    {
                      "k": "id",
                      "v": 1200187896.0
                    },
                    {
                      "k": "is_template",
                      "v": false
                    },
                    {
                      "k": "issue_comment_url",
                      "v": "https://api.github.com/repos/minjik39/opensource-hw2/issues/comments{/number}"
                    },
                    {
                      "k": "issue_events_url",
                      "v": "https://api.github.com/repos/minjik39/opensource-hw2/issues/events{/number}"
                    },
                    {
                      "k": "issues_url",
                      "v": "https://api.github.com/repos/minjik39/opensource-hw2/issues{/number}"
                    },
                    {
                      "k": "keys_url",
                      "v": "https://api.github.com/repos/minjik39/opensource-hw2/keys{/key_id}"
                    },
                    {
                      "k": "labels_url",
                      "v": "https://api.github.com/repos/minjik39/opensource-hw2/labels{/name}"
                    },
                    {
                      "k": "language",
                      "v": "JavaScript"
                    },
                    {
                      "k": "languages_url",
                      "v": "https://api.github.com/repos/minjik39/opensource-hw2/languages"
                    },
                    {
                      "k": "license",
                      "v": null
                    },
                    {
                      "k": "master_branch",
                      "v": "main"
                    },
                    {
                      "k": "merges_url",
                      "v": "https://api.github.com/repos/minjik39/opensource-hw2/merges"
                    },
                    {
                      "k": "milestones_url",
                      "v": "https://api.github.com/repos/minjik39/opensource-hw2/milestones{/number}"
                    },
                    {
                      "k": "mirror_url",
                      "v": null
                    },
                    {
                      "k": "name",
                      "v": "opensource-hw2"
                    },
                    {
                      "k": "node_id",
                      "v": "R_kgDOR4lp-A"
                    },
                    {
                      "k": "notifications_url",
                      "v": "https://api.github.com/repos/minjik39/opensource-hw2/notifications{?since,all,participating}"
                    },
                    {
                      "k": "open_issues",
                      "v": 0.0
                    },
                    {
                      "k": "open_issues_count",
                      "v": 0.0
                    },
                    {
                      "k": "owner",
                      "v": {
                        "t": 2,
                        "d": [
                          {
                            "k": "avatar_url",
                            "v": "https://avatars.githubusercontent.com/u/139597629?v=4"
                          },
                          {
                            "k": "email",
                            "v": "139597629+minjik39@users.noreply.github.com"
                          },
                          {
                            "k": "events_url",
                            "v": "https://api.github.com/users/minjik39/events{/privacy}"
                          },
                          {
                            "k": "followers_url",
                            "v": "https://api.github.com/users/minjik39/followers"
                          },
                          {
                            "k": "following_url",
                            "v": "https://api.github.com/users/minjik39/following{/other_user}"
                          },
                          {
                            "k": "gists_url",
                            "v": "https://api.github.com/users/minjik39/gists{/gist_id}"
                          },
                          {
                            "k": "gravatar_id",
                            "v": ""
                          },
                          {
                            "k": "html_url",
                            "v": "https://github.com/minjik39"
                          },
                          {
                            "k": "id",
                            "v": 139597629.0
                          },
                          {
                            "k": "login",
                            "v": "minjik39"
                          },
                          {
                            "k": "name",
                            "v": "minjik39"
                          },
                          {
                            "k": "node_id",
                            "v": "U_kgDOCFIXPQ"
                          },
                          {
                            "k": "organizations_url",
                            "v": "https://api.github.com/users/minjik39/orgs"
                          },
                          {
                            "k": "received_events_url",
                            "v": "https://api.github.com/users/minjik39/received_events"
                          },
                          {
                            "k": "repos_url",
                            "v": "https://api.github.com/users/minjik39/repos"
                          },
                          {
                            "k": "site_admin",
                            "v": false
                          },
                          {
                            "k": "starred_url",
                            "v": "https://api.github.com/users/minjik39/starred{/owner}{/repo}"
                          },
                          {
                            "k": "subscriptions_url",
                            "v": "https://api.github.com/users/minjik39/subscriptions"
                          },
                          {
                            "k": "type",
                            "v": "User"
                          },
                          {
                            "k": "url",
                            "v": "https://api.github.com/users/minjik39"
                          },
                          {
                            "k": "user_view_type",
                            "v": "public"
                          }
                        ]
                      }
                    },
                    {
                      "k": "private",
                      "v": false
                    },
                    {
                      "k": "pull_request_creation_policy",
                      "v": "all"
                    },
                    {
                      "k": "pulls_url",
                      "v": "https://api.github.com/repos/minjik39/opensource-hw2/pulls{/number}"
                    },
                    {
                      "k": "pushed_at",
                      "v": 1775211363.0
                    },
                    {
                      "k": "releases_url",
                      "v": "https://api.github.com/repos/minjik39/opensource-hw2/releases{/id}"
                    },
                    {
                      "k": "size",
                      "v": 177171.0
                    },
                    {
                      "k": "ssh_url",
                      "v": "git@github.com:minjik39/opensource-hw2.git"
                    },
                    {
                      "k": "stargazers",
                      "v": 0.0
                    },
                    {
                      "k": "stargazers_count",
                      "v": 0.0
                    },
                    {
                      "k": "stargazers_url",
                      "v": "https://api.github.com/repos/minjik39/opensource-hw2/stargazers"
                    },
                    {
                      "k": "statuses_url",
                      "v": "https://api.github.com/repos/minjik39/opensource-hw2/statuses/{sha}"
                    },
                    {
                      "k": "subscribers_url",
                      "v": "https://api.github.com/repos/minjik39/opensource-hw2/subscribers"
                    },
                    {
                      "k": "subscription_url",
                      "v": "https://api.github.com/repos/minjik39/opensource-hw2/subscription"
                    },
                    {
                      "k": "svn_url",
                      "v": "https://github.com/minjik39/opensource-hw2"
                    },
                    {
                      "k": "tags_url",
                      "v": "https://api.github.com/repos/minjik39/opensource-hw2/tags"
                    },
                    {
                      "k": "teams_url",
                      "v": "https://api.github.com/repos/minjik39/opensource-hw2/teams"
                    },
                    {
                      "k": "topics",
                      "v": {
                        "t": 1
                      }
                    },
                    {
                      "k": "trees_url",
                      "v": "https://api.github.com/repos/minjik39/opensource-hw2/git/trees{/sha}"
                    },
                    {
                      "k": "updated_at",
                      "v": "2026-04-03T10:06:09Z"
                    },
                    {
                      "k": "url",
                      "v": "https://api.github.com/repos/minjik39/opensource-hw2"
                    },
                    {
                      "k": "visibility",
                      "v": "public"
                    },
                    {
                      "k": "watchers",
                      "v": 0.0
                    },
                    {
                      "k": "watchers_count",
                      "v": 0.0
                    },
                    {
                      "k": "web_commit_signoff_required",
                      "v": false
                    }
                  ]
                }
              },
              {
                "k": "sender",
                "v": {
                  "t": 2,
                  "d": [
                    {
                      "k": "avatar_url",
                      "v": "https://avatars.githubusercontent.com/u/139597629?v=4"
                    },
                    {
                      "k": "events_url",
                      "v": "https://api.github.com/users/minjik39/events{/privacy}"
                    },
                    {
                      "k": "followers_url",
                      "v": "https://api.github.com/users/minjik39/followers"
                    },
                    {
                      "k": "following_url",
                      "v": "https://api.github.com/users/minjik39/following{/other_user}"
                    },
                    {
                      "k": "gists_url",
                      "v": "https://api.github.com/users/minjik39/gists{/gist_id}"
                    },
                    {
                      "k": "gravatar_id",
                      "v": ""
                    },
                    {
                      "k": "html_url",
                      "v": "https://github.com/minjik39"
                    },
                    {
                      "k": "id",
                      "v": 139597629.0
                    },
                    {
                      "k": "login",
                      "v": "minjik39"
                    },
                    {
                      "k": "node_id",
                      "v": "U_kgDOCFIXPQ"
                    },
                    {
                      "k": "organizations_url",
                      "v": "https://api.github.com/users/minjik39/orgs"
                    },
                    {
                      "k": "received_events_url",
                      "v": "https://api.github.com/users/minjik39/received_events"
                    },
                    {
                      "k": "repos_url",
                      "v": "https://api.github.com/users/minjik39/repos"
                    },
                    {
                      "k": "site_admin",
                      "v": false
                    },
                    {
                      "k": "starred_url",
                      "v": "https://api.github.com/users/minjik39/starred{/owner}{/repo}"
                    },
                    {
                      "k": "subscriptions_url",
                      "v": "https://api.github.com/users/minjik39/subscriptions"
                    },
                    {
                      "k": "type",
                      "v": "User"
                    },
                    {
                      "k": "url",
                      "v": "https://api.github.com/users/minjik39"
                    },
                    {
                      "k": "user_view_type",
                      "v": "public"
                    }
                  ]
                }
              }
            ]
          }
        },
        {
          "k": "workflow_ref",
          "v": "minjik39/opensource-hw2/.github/workflows/ci.yml@refs/heads/main"
        },
        {
          "k": "workflow_sha",
          "v": "f3be701c2047bed19e0eccf76b361471f64e6b86"
        },
        {
          "k": "repository_id",
          "v": "1200187896"
        },
        {
          "k": "triggering_actor",
          "v": "minjik39"
        }
      ]
    },
    "inputs": {
      "t": 2
    },
    "job": {
      "t": 2,
      "d": [
        {
          "k": "check_run_id",
          "v": 69832746429.0
        }
      ]
    },
    "matrix": null,
    "needs": {
      "t": 2,
      "d": [
        {
          "k": "build-and-push",
          "v": {
            "t": 2,
            "d": [
              {
                "k": "result",
                "v": "success"
              },
              {
                "k": "outputs",
                "v": {
                  "t": 2
                }
              }
            ]
          }
        }
      ]
    },
    "strategy": {
      "t": 2,
      "d": [
        {
          "k": "fail-fast",
          "v": true
        },
        {
          "k": "job-index",
          "v": 0.0
        },
        {
          "k": "job-total",
          "v": 1.0
        },
        {
          "k": "max-parallel",
          "v": 1.0
        }
      ]
    },
    "vars": {
      "t": 2
    }
  },
  "billingOwnerId": "U_kgDOCFIXPQ"
}
[2026-04-03 10:18:52Z INFO JobRunner] Job ID 78a13c02-a59f-5517-903f-711a6510c6a8
[2026-04-03 10:18:52Z INFO ConfigurationStore] currentAssemblyLocation: D:\코딩\mlops_sentiment_api\actions-runner\actions-runner\bin\Runner.Worker.dll
[2026-04-03 10:18:52Z INFO HostContext] Well known directory 'Bin': 'D:\코딩\mlops_sentiment_api\actions-runner\actions-runner\bin'
[2026-04-03 10:18:52Z INFO ConfigurationStore] binPath: D:\코딩\mlops_sentiment_api\actions-runner\actions-runner\bin
[2026-04-03 10:18:52Z INFO HostContext] Well known directory 'Bin': 'D:\코딩\mlops_sentiment_api\actions-runner\actions-runner\bin'
[2026-04-03 10:18:52Z INFO HostContext] Well known directory 'Root': 'D:\코딩\mlops_sentiment_api\actions-runner\actions-runner'
[2026-04-03 10:18:52Z INFO ConfigurationStore] RootFolder: D:\코딩\mlops_sentiment_api\actions-runner\actions-runner
[2026-04-03 10:18:52Z INFO HostContext] Well known directory 'Bin': 'D:\코딩\mlops_sentiment_api\actions-runner\actions-runner\bin'
[2026-04-03 10:18:52Z INFO HostContext] Well known directory 'Root': 'D:\코딩\mlops_sentiment_api\actions-runner\actions-runner'
[2026-04-03 10:18:52Z INFO HostContext] Well known config file 'Runner': 'D:\코딩\mlops_sentiment_api\actions-runner\actions-runner\.runner'
[2026-04-03 10:18:52Z INFO ConfigurationStore] ConfigFilePath: D:\코딩\mlops_sentiment_api\actions-runner\actions-runner\.runner
[2026-04-03 10:18:52Z INFO HostContext] Well known directory 'Bin': 'D:\코딩\mlops_sentiment_api\actions-runner\actions-runner\bin'
[2026-04-03 10:18:52Z INFO HostContext] Well known directory 'Root': 'D:\코딩\mlops_sentiment_api\actions-runner\actions-runner'
[2026-04-03 10:18:52Z INFO HostContext] Well known config file 'MigratedRunner': 'D:\코딩\mlops_sentiment_api\actions-runner\actions-runner\.runner_migrated'
[2026-04-03 10:18:52Z INFO ConfigurationStore] MigratedConfigFilePath: D:\코딩\mlops_sentiment_api\actions-runner\actions-runner\.runner_migrated
[2026-04-03 10:18:52Z INFO HostContext] Well known directory 'Bin': 'D:\코딩\mlops_sentiment_api\actions-runner\actions-runner\bin'
[2026-04-03 10:18:52Z INFO HostContext] Well known directory 'Root': 'D:\코딩\mlops_sentiment_api\actions-runner\actions-runner'
[2026-04-03 10:18:52Z INFO HostContext] Well known config file 'Credentials': 'D:\코딩\mlops_sentiment_api\actions-runner\actions-runner\.credentials'
[2026-04-03 10:18:52Z INFO ConfigurationStore] CredFilePath: D:\코딩\mlops_sentiment_api\actions-runner\actions-runner\.credentials
[2026-04-03 10:18:52Z INFO HostContext] Well known directory 'Bin': 'D:\코딩\mlops_sentiment_api\actions-runner\actions-runner\bin'
[2026-04-03 10:18:52Z INFO HostContext] Well known directory 'Root': 'D:\코딩\mlops_sentiment_api\actions-runner\actions-runner'
[2026-04-03 10:18:52Z INFO HostContext] Well known config file 'MigratedCredentials': 'D:\코딩\mlops_sentiment_api\actions-runner\actions-runner\.credentials_migrated'
[2026-04-03 10:18:52Z INFO ConfigurationStore] MigratedCredFilePath: D:\코딩\mlops_sentiment_api\actions-runner\actions-runner\.credentials_migrated
[2026-04-03 10:18:52Z INFO HostContext] Well known directory 'Bin': 'D:\코딩\mlops_sentiment_api\actions-runner\actions-runner\bin'
[2026-04-03 10:18:52Z INFO HostContext] Well known directory 'Root': 'D:\코딩\mlops_sentiment_api\actions-runner\actions-runner'
[2026-04-03 10:18:52Z INFO HostContext] Well known config file 'Service': 'D:\코딩\mlops_sentiment_api\actions-runner\actions-runner\.service'
[2026-04-03 10:18:52Z INFO ConfigurationStore] ServiceConfigFilePath: D:\코딩\mlops_sentiment_api\actions-runner\actions-runner\.service
[2026-04-03 10:18:52Z INFO ConfigurationStore] Read setting file: 392 chars
[2026-04-03 10:18:52Z INFO JobRunner] Initializing launch client
[2026-04-03 10:18:52Z INFO JobServerQueue] Initializing results client
[2026-04-03 10:18:52Z INFO ResultServer] Creating websocket client ...wss://results-receiver.actions.githubusercontent.com/_ws/ingest.sock
[2026-04-03 10:18:52Z INFO ResultServer] Attempting to start websocket client with delay 00:00:00.
[2026-04-03 10:18:52Z INFO JobServerQueue] Start process web console line queue.
[2026-04-03 10:18:52Z INFO JobServerQueue] Start process file upload queue.
[2026-04-03 10:18:52Z INFO JobServerQueue] Start results file upload queue.
[2026-04-03 10:18:52Z INFO JobServerQueue] Starting results-based upload queue...
[2026-04-03 10:18:52Z INFO JobServerQueue] Start process timeline update queue.
[2026-04-03 10:18:52Z INFO ExecutionContext] Initializing Job context
[2026-04-03 10:18:52Z INFO ExecutionContext] Initialize GitHub context
[2026-04-03 10:18:52Z INFO ExecutionContext] Initialize Env context
[2026-04-03 10:18:52Z INFO HostContext] Well known directory 'Bin': 'D:\코딩\mlops_sentiment_api\actions-runner\actions-runner\bin'
[2026-04-03 10:18:52Z INFO HostContext] Well known directory 'Root': 'D:\코딩\mlops_sentiment_api\actions-runner\actions-runner'
[2026-04-03 10:18:52Z INFO HostContext] Well known directory 'Diag': 'D:\코딩\mlops_sentiment_api\actions-runner\actions-runner\_diag'
[2026-04-03 10:18:52Z INFO HostContext] Well known directory 'Bin': 'D:\코딩\mlops_sentiment_api\actions-runner\actions-runner\bin'
[2026-04-03 10:18:52Z INFO HostContext] Well known directory 'Root': 'D:\코딩\mlops_sentiment_api\actions-runner\actions-runner'
[2026-04-03 10:18:52Z INFO HostContext] Well known directory 'Diag': 'D:\코딩\mlops_sentiment_api\actions-runner\actions-runner\_diag'
[2026-04-03 10:18:52Z INFO JobRunner] Starting the job execution context.
[2026-04-03 10:18:52Z INFO HostContext] Well known directory 'Bin': 'D:\코딩\mlops_sentiment_api\actions-runner\actions-runner\bin'
[2026-04-03 10:18:52Z INFO HostContext] Well known directory 'Root': 'D:\코딩\mlops_sentiment_api\actions-runner\actions-runner'
[2026-04-03 10:18:52Z INFO HostContext] Well known directory 'Work': 'D:\코딩\mlops_sentiment_api\actions-runner\actions-runner\_work'
[2026-04-03 10:18:52Z INFO JobRunner] Validating directory permissions for: 'D:\코딩\mlops_sentiment_api\actions-runner\actions-runner\_work'
[2026-04-03 10:18:52Z INFO HostContext] Well known directory 'Bin': 'D:\코딩\mlops_sentiment_api\actions-runner\actions-runner\bin'
[2026-04-03 10:18:52Z INFO HostContext] Well known directory 'Root': 'D:\코딩\mlops_sentiment_api\actions-runner\actions-runner'
[2026-04-03 10:18:52Z INFO HostContext] Well known directory 'Work': 'D:\코딩\mlops_sentiment_api\actions-runner\actions-runner\_work'
[2026-04-03 10:18:52Z INFO HostContext] Well known directory 'Tools': 'D:\코딩\mlops_sentiment_api\actions-runner\actions-runner\_work\_tool'
[2026-04-03 10:18:52Z INFO HostContext] Well known directory 'Bin': 'D:\코딩\mlops_sentiment_api\actions-runner\actions-runner\bin'
[2026-04-03 10:18:52Z INFO HostContext] Well known directory 'Root': 'D:\코딩\mlops_sentiment_api\actions-runner\actions-runner'
[2026-04-03 10:18:52Z INFO HostContext] Well known directory 'Work': 'D:\코딩\mlops_sentiment_api\actions-runner\actions-runner\_work'
[2026-04-03 10:18:52Z INFO HostContext] Well known directory 'Temp': 'D:\코딩\mlops_sentiment_api\actions-runner\actions-runner\_work\_temp'
[2026-04-03 10:18:52Z INFO JobRunner] Getting job extension.
[2026-04-03 10:18:52Z INFO JobRunner] Initialize job. Getting all job steps.
[2026-04-03 10:18:52Z INFO HostContext] Well known directory 'Bin': 'D:\코딩\mlops_sentiment_api\actions-runner\actions-runner\bin'
[2026-04-03 10:18:52Z INFO HostContext] Well known directory 'Root': 'D:\코딩\mlops_sentiment_api\actions-runner\actions-runner'
[2026-04-03 10:18:52Z INFO HostContext] Well known directory 'Diag': 'D:\코딩\mlops_sentiment_api\actions-runner\actions-runner\_diag'
[2026-04-03 10:18:52Z INFO HostContext] Well known directory 'Bin': 'D:\코딩\mlops_sentiment_api\actions-runner\actions-runner\bin'
[2026-04-03 10:18:52Z INFO HostContext] Well known directory 'Root': 'D:\코딩\mlops_sentiment_api\actions-runner\actions-runner'
[2026-04-03 10:18:52Z INFO HostContext] Well known directory 'Diag': 'D:\코딩\mlops_sentiment_api\actions-runner\actions-runner\_diag'
[2026-04-03 10:18:52Z INFO HostContext] Well known directory 'Bin': 'D:\코딩\mlops_sentiment_api\actions-runner\actions-runner\bin'
[2026-04-03 10:18:52Z INFO HostContext] Well known directory 'Root': 'D:\코딩\mlops_sentiment_api\actions-runner\actions-runner'
[2026-04-03 10:18:52Z INFO HostContext] Well known config file 'Credentials': 'D:\코딩\mlops_sentiment_api\actions-runner\actions-runner\.credentials'
[2026-04-03 10:18:52Z INFO HostContext] Well known directory 'Bin': 'D:\코딩\mlops_sentiment_api\actions-runner\actions-runner\bin'
[2026-04-03 10:18:52Z INFO HostContext] Well known directory 'Root': 'D:\코딩\mlops_sentiment_api\actions-runner\actions-runner'
[2026-04-03 10:18:52Z INFO HostContext] Well known config file 'SetupInfo': 'D:\코딩\mlops_sentiment_api\actions-runner\actions-runner\.setup_info'
[2026-04-03 10:18:52Z INFO HostContext] Well known directory 'Bin': 'D:\코딩\mlops_sentiment_api\actions-runner\actions-runner\bin'
[2026-04-03 10:18:52Z INFO HostContext] Well known directory 'Root': 'D:\코딩\mlops_sentiment_api\actions-runner\actions-runner'
[2026-04-03 10:18:52Z INFO HostContext] Well known directory 'Work': 'D:\코딩\mlops_sentiment_api\actions-runner\actions-runner\_work'
[2026-04-03 10:18:52Z INFO PipelineDirectoryManager] Loading tracking config if exists: D:\코딩\mlops_sentiment_api\actions-runner\actions-runner\_work\_PipelineMapping\minjik39/opensource-hw2\PipelineFolder.json
[2026-04-03 10:18:52Z INFO PipelineDirectoryManager] Updating job run properties.
[2026-04-03 10:18:52Z INFO HostContext] Well known directory 'Bin': 'D:\코딩\mlops_sentiment_api\actions-runner\actions-runner\bin'
[2026-04-03 10:18:52Z INFO HostContext] Well known directory 'Root': 'D:\코딩\mlops_sentiment_api\actions-runner\actions-runner'
[2026-04-03 10:18:52Z INFO HostContext] Well known directory 'Work': 'D:\코딩\mlops_sentiment_api\actions-runner\actions-runner\_work'
[2026-04-03 10:18:52Z INFO HostContext] Well known directory 'Bin': 'D:\코딩\mlops_sentiment_api\actions-runner\actions-runner\bin'
[2026-04-03 10:18:52Z INFO HostContext] Well known directory 'Root': 'D:\코딩\mlops_sentiment_api\actions-runner\actions-runner'
[2026-04-03 10:18:52Z INFO HostContext] Well known directory 'Work': 'D:\코딩\mlops_sentiment_api\actions-runner\actions-runner\_work'
[2026-04-03 10:18:52Z INFO HostContext] Well known directory 'Bin': 'D:\코딩\mlops_sentiment_api\actions-runner\actions-runner\bin'
[2026-04-03 10:18:52Z INFO HostContext] Well known directory 'Root': 'D:\코딩\mlops_sentiment_api\actions-runner\actions-runner'
[2026-04-03 10:18:52Z INFO HostContext] Well known directory 'Work': 'D:\코딩\mlops_sentiment_api\actions-runner\actions-runner\_work'
[2026-04-03 10:18:52Z INFO JobExtension] Downloading actions
[2026-04-03 10:18:52Z INFO HostContext] Well known directory 'Bin': 'D:\코딩\mlops_sentiment_api\actions-runner\actions-runner\bin'
[2026-04-03 10:18:52Z INFO HostContext] Well known directory 'Root': 'D:\코딩\mlops_sentiment_api\actions-runner\actions-runner'
[2026-04-03 10:18:52Z INFO HostContext] Well known directory 'Work': 'D:\코딩\mlops_sentiment_api\actions-runner\actions-runner\_work'
[2026-04-03 10:18:52Z INFO HostContext] Well known directory 'Actions': 'D:\코딩\mlops_sentiment_api\actions-runner\actions-runner\_work\_actions'
[2026-04-03 10:18:52Z INFO Worker] Listening for cancel message from the channel.
[2026-04-03 10:18:52Z INFO Worker] Waiting for the job to complete or for a cancel message from the channel.
[2026-04-03 10:18:53Z INFO ResultServer] Successfully started websocket client.
[2026-04-03 10:18:53Z INFO JobServerQueue] Try to append 1 batches web console lines for record 'e1d35f07-9c46-47d5-8741-6c0c25120aeb', success rate: 1/1.
[2026-04-03 10:18:53Z INFO HostContext] Well known directory 'Bin': 'D:\코딩\mlops_sentiment_api\actions-runner\actions-runner\bin'
[2026-04-03 10:18:53Z INFO HostContext] Well known directory 'Root': 'D:\코딩\mlops_sentiment_api\actions-runner\actions-runner'
[2026-04-03 10:18:53Z INFO HostContext] Well known directory 'Work': 'D:\코딩\mlops_sentiment_api\actions-runner\actions-runner\_work'
[2026-04-03 10:18:53Z INFO HostContext] Well known directory 'Actions': 'D:\코딩\mlops_sentiment_api\actions-runner\actions-runner\_work\_actions'
[2026-04-03 10:18:53Z INFO HostContext] Well known directory 'Bin': 'D:\코딩\mlops_sentiment_api\actions-runner\actions-runner\bin'
[2026-04-03 10:18:53Z INFO HostContext] Well known directory 'Root': 'D:\코딩\mlops_sentiment_api\actions-runner\actions-runner'
[2026-04-03 10:18:53Z INFO HostContext] Well known directory 'Work': 'D:\코딩\mlops_sentiment_api\actions-runner\actions-runner\_work'
[2026-04-03 10:18:53Z INFO HostContext] Well known directory 'Actions': 'D:\코딩\mlops_sentiment_api\actions-runner\actions-runner\_work\_actions'
[2026-04-03 10:18:53Z INFO ActionManager] Save archive 'https://api.github.com/repos/docker/login-action/zipball/c94ce9fb468520275223c153574b00df6fe4bcc9' into D:\코딩\mlops_sentiment_api\actions-runner\actions-runner\_work\_actions\_temp_ff7a8753-bc8f-4c2e-8ac1-95120bcd76d5\bbe8b86e-2dad-44e9-b834-f799d4f65c27.zip.
[2026-04-03 10:18:53Z INFO JobServerQueue] Try to append 1 batches web console lines for record 'e1d35f07-9c46-47d5-8741-6c0c25120aeb', success rate: 1/1.
[2026-04-03 10:18:53Z INFO JobServerQueue] Job timeline record has been updated for the first time.
[2026-04-03 10:18:54Z INFO ActionManager] Request URL: https://api.github.com/repos/docker/login-action/zipball/c94ce9fb468520275223c153574b00df6fe4bcc9 X-GitHub-Request-Id: 0D6E:28176E:BA4D:53D60:69CF9388 Http Status: OK
[2026-04-03 10:18:54Z INFO ActionManager] Finished getting action repository.
[2026-04-03 10:18:54Z INFO HostContext] Well known directory 'Bin': 'D:\코딩\mlops_sentiment_api\actions-runner\actions-runner\bin'
[2026-04-03 10:18:54Z INFO HostContext] Well known directory 'Root': 'D:\코딩\mlops_sentiment_api\actions-runner\actions-runner'
[2026-04-03 10:18:54Z INFO HostContext] Well known directory 'Work': 'D:\코딩\mlops_sentiment_api\actions-runner\actions-runner\_work'
[2026-04-03 10:18:54Z INFO HostContext] Well known directory 'Actions': 'D:\코딩\mlops_sentiment_api\actions-runner\actions-runner\_work\_actions'
[2026-04-03 10:18:54Z INFO ActionManifestManagerLegacy] Load schema file with definitions: [
  "null",
  "boolean",
  "number",
  "string",
  "sequence",
  "mapping",
  "any",
  "action-root",
  "inputs",
  "input",
  "outputs",
  "output-definition",
  "runs",
  "container-runs",
  "container-runs-args",
  "container-runs-env",
  "node-runs",
  "plugin-runs",
  "composite-runs",
  "composite-steps",
  "composite-step",
  "run-step",
  "uses-step",
  "container-runs-context",
  "output-value",
  "input-default-context",
  "non-empty-string",
  "string-steps-context",
  "boolean-steps-context",
  "step-env",
  "step-if",
  "step-with"
]
[2026-04-03 10:18:54Z INFO ActionManifestManager] Load schema file with definitions: [
  "null",
  "boolean",
  "number",
  "string",
  "sequence",
  "mapping",
  "any",
  "action-root",
  "inputs",
  "input",
  "outputs",
  "output-definition",
  "runs",
  "container-runs",
  "container-runs-args",
  "container-runs-env",
  "node-runs",
  "plugin-runs",
  "composite-runs",
  "composite-steps",
  "composite-step",
  "run-step",
  "uses-step",
  "container-runs-context",
  "output-value",
  "input-default-context",
  "non-empty-string",
  "string-steps-context",
  "boolean-steps-context",
  "step-env",
  "step-if",
  "step-with"
]
[2026-04-03 10:18:54Z INFO HostContext] Well known directory 'Bin': 'D:\코딩\mlops_sentiment_api\actions-runner\actions-runner\bin'
[2026-04-03 10:18:54Z INFO HostContext] Well known directory 'Root': 'D:\코딩\mlops_sentiment_api\actions-runner\actions-runner'
[2026-04-03 10:18:54Z INFO HostContext] Well known directory 'Work': 'D:\코딩\mlops_sentiment_api\actions-runner\actions-runner\_work'
[2026-04-03 10:18:54Z INFO HostContext] Well known directory 'Actions': 'D:\코딩\mlops_sentiment_api\actions-runner\actions-runner\_work\_actions'
[2026-04-03 10:18:54Z INFO ActionManifestManagerLegacy] Ignore action property author.
[2026-04-03 10:18:54Z INFO ActionManifestManagerLegacy] Ignore action property branding.
[2026-04-03 10:18:54Z INFO ActionManifestManagerLegacy] Loaded action.yml file: {
  "name": "Docker Login",
  "description": "GitHub Action to login against a Docker registry",
  "inputs": {
    "type": 2,
    "map": [
      {
        "key": {
          "type": 0,
          "file": 2,
          "line": 10,
          "col": 3,
          "lit": "registry"
        },
        "value": ""
      },
      {
        "key": {
          "type": 0,
          "file": 2,
          "line": 13,
          "col": 3,
          "lit": "username"
        },
        "value": ""
      },
      {
        "key": {
          "type": 0,
          "file": 2,
          "line": 16,
          "col": 3,
          "lit": "password"
        },
        "value": ""
      },
      {
        "key": {
          "type": 0,
          "file": 2,
          "line": 19,
          "col": 3,
          "lit": "ecr"
        },
        "value": ""
      },
      {
        "key": {
          "type": 0,
          "file": 2,
          "line": 22,
          "col": 3,
          "lit": "scope"
        },
        "value": ""
      },
      {
        "key": {
          "type": 0,
          "file": 2,
          "line": 25,
          "col": 3,
          "lit": "logout"
        },
        "value": {
          "type": 0,
          "file": 2,
          "line": 27,
          "col": 14,
          "lit": "true"
        }
      },
      {
        "key": {
          "type": 0,
          "file": 2,
          "line": 29,
          "col": 3,
          "lit": "registry-auth"
        },
        "value": ""
      }
    ]
  },
  "execution": {
    "executionType": "nodeJS",
    "hasPre": false,
    "hasPost": true,
    "script": "dist/index.js",
    "pre": null,
    "post": "dist/index.js",
    "nodeVersion": "node20",
    "cleanupCondition": "always()",
    "initCondition": "always()"
  },
  "deprecated": null
}
[2026-04-03 10:18:54Z INFO ActionManager] Action node.js file: dist/index.js, no more preparation.
[2026-04-03 10:18:54Z INFO HostContext] Well known directory 'Bin': 'D:\코딩\mlops_sentiment_api\actions-runner\actions-runner\bin'
[2026-04-03 10:18:54Z INFO HostContext] Well known directory 'Root': 'D:\코딩\mlops_sentiment_api\actions-runner\actions-runner'
[2026-04-03 10:18:54Z INFO HostContext] Well known directory 'Work': 'D:\코딩\mlops_sentiment_api\actions-runner\actions-runner\_work'
[2026-04-03 10:18:54Z INFO HostContext] Well known directory 'Actions': 'D:\코딩\mlops_sentiment_api\actions-runner\actions-runner\_work\_actions'
[2026-04-03 10:18:54Z INFO ActionManager] Load action that reference repository from 'D:\코딩\mlops_sentiment_api\actions-runner\actions-runner\_work\_actions\docker\login-action\v3'
[2026-04-03 10:18:54Z INFO HostContext] Well known directory 'Bin': 'D:\코딩\mlops_sentiment_api\actions-runner\actions-runner\bin'
[2026-04-03 10:18:54Z INFO HostContext] Well known directory 'Root': 'D:\코딩\mlops_sentiment_api\actions-runner\actions-runner'
[2026-04-03 10:18:54Z INFO HostContext] Well known directory 'Work': 'D:\코딩\mlops_sentiment_api\actions-runner\actions-runner\_work'
[2026-04-03 10:18:54Z INFO HostContext] Well known directory 'Actions': 'D:\코딩\mlops_sentiment_api\actions-runner\actions-runner\_work\_actions'
[2026-04-03 10:18:54Z INFO ActionManifestManagerLegacy] Ignore action property author.
[2026-04-03 10:18:54Z INFO ActionManifestManagerLegacy] Ignore action property branding.
[2026-04-03 10:18:54Z INFO ActionManifestManagerLegacy] Loaded action.yml file: {
  "name": "Docker Login",
  "description": "GitHub Action to login against a Docker registry",
  "inputs": {
    "type": 2,
    "map": [
      {
        "key": {
          "type": 0,
          "file": 2,
          "line": 10,
          "col": 3,
          "lit": "registry"
        },
        "value": ""
      },
      {
        "key": {
          "type": 0,
          "file": 2,
          "line": 13,
          "col": 3,
          "lit": "username"
        },
        "value": ""
      },
      {
        "key": {
          "type": 0,
          "file": 2,
          "line": 16,
          "col": 3,
          "lit": "password"
        },
        "value": ""
      },
      {
        "key": {
          "type": 0,
          "file": 2,
          "line": 19,
          "col": 3,
          "lit": "ecr"
        },
        "value": ""
      },
      {
        "key": {
          "type": 0,
          "file": 2,
          "line": 22,
          "col": 3,
          "lit": "scope"
        },
        "value": ""
      },
      {
        "key": {
          "type": 0,
          "file": 2,
          "line": 25,
          "col": 3,
          "lit": "logout"
        },
        "value": {
          "type": 0,
          "file": 2,
          "line": 27,
          "col": 14,
          "lit": "true"
        }
      },
      {
        "key": {
          "type": 0,
          "file": 2,
          "line": 29,
          "col": 3,
          "lit": "registry-auth"
        },
        "value": ""
      }
    ]
  },
  "execution": {
    "executionType": "nodeJS",
    "hasPre": false,
    "hasPost": true,
    "script": "dist/index.js",
    "pre": null,
    "post": "dist/index.js",
    "nodeVersion": "node20",
    "cleanupCondition": "always()",
    "initCondition": "always()"
  },
  "deprecated": null
}
[2026-04-03 10:18:54Z INFO ActionManager] Action pre node.js file: N/A.
[2026-04-03 10:18:54Z INFO ActionManager] Action node.js file: dist/index.js.
[2026-04-03 10:18:54Z INFO ActionManager] Action post node.js file: dist/index.js.
[2026-04-03 10:18:54Z INFO JobExtension] Adding .
[2026-04-03 10:18:54Z INFO JobExtension] Adding .
[2026-04-03 10:18:54Z INFO JobExtension] Adding .
[2026-04-03 10:18:54Z INFO JobExtension] Adding .
[2026-04-03 10:18:54Z INFO JobExtension] Adding .
[2026-04-03 10:18:54Z INFO JobExtension] Adding .
[2026-04-03 10:18:54Z INFO JobExtension] Adding .
[2026-04-03 10:18:54Z INFO HostContext] Well known directory 'Bin': 'D:\코딩\mlops_sentiment_api\actions-runner\actions-runner\bin'
[2026-04-03 10:18:54Z INFO HostContext] Well known directory 'Root': 'D:\코딩\mlops_sentiment_api\actions-runner\actions-runner'
[2026-04-03 10:18:54Z INFO HostContext] Well known directory 'Diag': 'D:\코딩\mlops_sentiment_api\actions-runner\actions-runner\_diag'
[2026-04-03 10:18:54Z INFO HostContext] Well known directory 'Bin': 'D:\코딩\mlops_sentiment_api\actions-runner\actions-runner\bin'
[2026-04-03 10:18:54Z INFO HostContext] Well known directory 'Root': 'D:\코딩\mlops_sentiment_api\actions-runner\actions-runner'
[2026-04-03 10:18:54Z INFO HostContext] Well known directory 'Diag': 'D:\코딩\mlops_sentiment_api\actions-runner\actions-runner\_diag'
[2026-04-03 10:18:54Z INFO HostContext] Well known directory 'Bin': 'D:\코딩\mlops_sentiment_api\actions-runner\actions-runner\bin'
[2026-04-03 10:18:54Z INFO HostContext] Well known directory 'Root': 'D:\코딩\mlops_sentiment_api\actions-runner\actions-runner'
[2026-04-03 10:18:54Z INFO HostContext] Well known directory 'Diag': 'D:\코딩\mlops_sentiment_api\actions-runner\actions-runner\_diag'
[2026-04-03 10:18:54Z INFO HostContext] Well known directory 'Bin': 'D:\코딩\mlops_sentiment_api\actions-runner\actions-runner\bin'
[2026-04-03 10:18:54Z INFO HostContext] Well known directory 'Root': 'D:\코딩\mlops_sentiment_api\actions-runner\actions-runner'
[2026-04-03 10:18:54Z INFO HostContext] Well known directory 'Diag': 'D:\코딩\mlops_sentiment_api\actions-runner\actions-runner\_diag'
[2026-04-03 10:18:54Z INFO HostContext] Well known directory 'Bin': 'D:\코딩\mlops_sentiment_api\actions-runner\actions-runner\bin'
[2026-04-03 10:18:54Z INFO HostContext] Well known directory 'Root': 'D:\코딩\mlops_sentiment_api\actions-runner\actions-runner'
[2026-04-03 10:18:54Z INFO HostContext] Well known directory 'Diag': 'D:\코딩\mlops_sentiment_api\actions-runner\actions-runner\_diag'
[2026-04-03 10:18:54Z INFO HostContext] Well known directory 'Bin': 'D:\코딩\mlops_sentiment_api\actions-runner\actions-runner\bin'
[2026-04-03 10:18:54Z INFO HostContext] Well known directory 'Root': 'D:\코딩\mlops_sentiment_api\actions-runner\actions-runner'
[2026-04-03 10:18:54Z INFO HostContext] Well known directory 'Diag': 'D:\코딩\mlops_sentiment_api\actions-runner\actions-runner\_diag'
[2026-04-03 10:18:54Z INFO HostContext] Well known directory 'Bin': 'D:\코딩\mlops_sentiment_api\actions-runner\actions-runner\bin'
[2026-04-03 10:18:54Z INFO HostContext] Well known directory 'Root': 'D:\코딩\mlops_sentiment_api\actions-runner\actions-runner'
[2026-04-03 10:18:54Z INFO HostContext] Well known directory 'Diag': 'D:\코딩\mlops_sentiment_api\actions-runner\actions-runner\_diag'
[2026-04-03 10:18:54Z INFO HostContext] Well known directory 'Bin': 'D:\코딩\mlops_sentiment_api\actions-runner\actions-runner\bin'
[2026-04-03 10:18:54Z INFO HostContext] Well known directory 'Root': 'D:\코딩\mlops_sentiment_api\actions-runner\actions-runner'
[2026-04-03 10:18:54Z INFO HostContext] Well known directory 'Diag': 'D:\코딩\mlops_sentiment_api\actions-runner\actions-runner\_diag'
[2026-04-03 10:18:54Z INFO HostContext] Well known directory 'Bin': 'D:\코딩\mlops_sentiment_api\actions-runner\actions-runner\bin'
[2026-04-03 10:18:54Z INFO HostContext] Well known directory 'Root': 'D:\코딩\mlops_sentiment_api\actions-runner\actions-runner'
[2026-04-03 10:18:54Z INFO HostContext] Well known directory 'Diag': 'D:\코딩\mlops_sentiment_api\actions-runner\actions-runner\_diag'
[2026-04-03 10:18:54Z INFO HostContext] Well known directory 'Bin': 'D:\코딩\mlops_sentiment_api\actions-runner\actions-runner\bin'
[2026-04-03 10:18:54Z INFO HostContext] Well known directory 'Root': 'D:\코딩\mlops_sentiment_api\actions-runner\actions-runner'
[2026-04-03 10:18:54Z INFO HostContext] Well known directory 'Diag': 'D:\코딩\mlops_sentiment_api\actions-runner\actions-runner\_diag'
[2026-04-03 10:18:54Z INFO HostContext] Well known directory 'Bin': 'D:\코딩\mlops_sentiment_api\actions-runner\actions-runner\bin'
[2026-04-03 10:18:54Z INFO HostContext] Well known directory 'Root': 'D:\코딩\mlops_sentiment_api\actions-runner\actions-runner'
[2026-04-03 10:18:54Z INFO HostContext] Well known directory 'Diag': 'D:\코딩\mlops_sentiment_api\actions-runner\actions-runner\_diag'
[2026-04-03 10:18:54Z INFO HostContext] Well known directory 'Bin': 'D:\코딩\mlops_sentiment_api\actions-runner\actions-runner\bin'
[2026-04-03 10:18:54Z INFO HostContext] Well known directory 'Root': 'D:\코딩\mlops_sentiment_api\actions-runner\actions-runner'
[2026-04-03 10:18:54Z INFO HostContext] Well known directory 'Diag': 'D:\코딩\mlops_sentiment_api\actions-runner\actions-runner\_diag'
[2026-04-03 10:18:54Z INFO HostContext] Well known directory 'Bin': 'D:\코딩\mlops_sentiment_api\actions-runner\actions-runner\bin'
[2026-04-03 10:18:54Z INFO HostContext] Well known directory 'Root': 'D:\코딩\mlops_sentiment_api\actions-runner\actions-runner'
[2026-04-03 10:18:54Z INFO HostContext] Well known directory 'Diag': 'D:\코딩\mlops_sentiment_api\actions-runner\actions-runner\_diag'
[2026-04-03 10:18:54Z INFO HostContext] Well known directory 'Bin': 'D:\코딩\mlops_sentiment_api\actions-runner\actions-runner\bin'
[2026-04-03 10:18:54Z INFO HostContext] Well known directory 'Root': 'D:\코딩\mlops_sentiment_api\actions-runner\actions-runner'
[2026-04-03 10:18:54Z INFO HostContext] Well known directory 'Diag': 'D:\코딩\mlops_sentiment_api\actions-runner\actions-runner\_diag'
[2026-04-03 10:18:54Z INFO JobExtension] Total accessible running process: 372.
[2026-04-03 10:18:54Z INFO HostContext] Well known directory 'Bin': 'D:\코딩\mlops_sentiment_api\actions-runner\actions-runner\bin'
[2026-04-03 10:18:54Z INFO HostContext] Well known directory 'Root': 'D:\코딩\mlops_sentiment_api\actions-runner\actions-runner'
[2026-04-03 10:18:54Z INFO HostContext] Well known directory 'Work': 'D:\코딩\mlops_sentiment_api\actions-runner\actions-runner\_work'
[2026-04-03 10:18:54Z INFO JobExtension] Start checking server connectivity.
[2026-04-03 10:18:54Z INFO JobExtension] Check server connectivity for https://broker.actions.githubusercontent.com/health.
[2026-04-03 10:18:54Z INFO JobExtension] Check server connectivity for https://token.actions.githubusercontent.com/ready.
[2026-04-03 10:18:54Z INFO JobExtension] Check server connectivity for https://run.actions.githubusercontent.com/health.
[2026-04-03 10:18:54Z INFO JobExtension] Start checking service connectivity in background.
[2026-04-03 10:18:54Z INFO ExecutionContext] Publish step telemetry for current step {
  "action": "setup_job",
  "type": "runner",
  "stage": "Pre",
  "stepId": "e1d35f07-9c46-47d5-8741-6c0c25120aeb",
  "result": "succeeded",
  "errorMessages": [],
  "executionTimeInSeconds": 2,
  "startTime": "2026-04-03T10:18:52.4512149Z",
  "finishTime": "2026-04-03T10:18:54.1575698Z"
}.
[2026-04-03 10:18:54Z INFO JobRunner] Total job steps: 7.
[2026-04-03 10:18:54Z INFO JobRunner] Run all job steps.
[2026-04-03 10:18:54Z INFO StepsRunner] Processing step: DisplayName='Log in to Docker Hub'
[2026-04-03 10:18:54Z INFO StepsRunner] Evaluating: success()
[2026-04-03 10:18:54Z INFO StepsRunner] Result: true
[2026-04-03 10:18:54Z INFO StepsRunner] Starting the step.
[2026-04-03 10:18:54Z INFO HostContext] Well known directory 'Bin': 'D:\코딩\mlops_sentiment_api\actions-runner\actions-runner\bin'
[2026-04-03 10:18:54Z INFO HostContext] Well known directory 'Root': 'D:\코딩\mlops_sentiment_api\actions-runner\actions-runner'
[2026-04-03 10:18:54Z INFO HostContext] Well known directory 'Work': 'D:\코딩\mlops_sentiment_api\actions-runner\actions-runner\_work'
[2026-04-03 10:18:54Z INFO StepsRunner] Which2: 'chcp'
[2026-04-03 10:18:54Z INFO StepsRunner] Location: 'C:\WINDOWS\system32\chcp.COM'
[2026-04-03 10:18:54Z INFO ProcessInvokerWrapper] Starting process:
[2026-04-03 10:18:54Z INFO ProcessInvokerWrapper]   File name: 'C:\WINDOWS\system32\chcp.COM'
[2026-04-03 10:18:54Z INFO ProcessInvokerWrapper]   Arguments: '65001'
[2026-04-03 10:18:54Z INFO ProcessInvokerWrapper]   Working directory: 'D:\코딩\mlops_sentiment_api\actions-runner\actions-runner\_work'
[2026-04-03 10:18:54Z INFO ProcessInvokerWrapper]   Require exit code zero: 'False'
[2026-04-03 10:18:54Z INFO ProcessInvokerWrapper]   Encoding web name:  ; code page: ''
[2026-04-03 10:18:54Z INFO ProcessInvokerWrapper]   Force kill process on cancellation: 'False'
[2026-04-03 10:18:54Z INFO ProcessInvokerWrapper]   Redirected STDIN: 'False'
[2026-04-03 10:18:54Z INFO ProcessInvokerWrapper]   Persist current code page: 'True'
[2026-04-03 10:18:54Z INFO ProcessInvokerWrapper]   Keep redirected STDIN open: 'False'
[2026-04-03 10:18:54Z INFO ProcessInvokerWrapper]   High priority process: 'False'
[2026-04-03 10:18:54Z INFO ProcessInvokerWrapper] Process started with process id 4092, waiting for process exit.
[2026-04-03 10:18:54Z INFO ProcessInvokerWrapper] STDOUT/STDERR stream read finished.
[2026-04-03 10:18:54Z INFO ProcessInvokerWrapper] STDOUT/STDERR stream read finished.
[2026-04-03 10:18:54Z INFO ProcessInvokerWrapper] Finished process 4092 with exit code 0, and elapsed time 00:00:00.0296663.
[2026-04-03 10:18:54Z INFO StepsRunner] Successfully returned to code page 65001 (UTF8)
[2026-04-03 10:18:54Z INFO HostContext] Well known directory 'Bin': 'D:\코딩\mlops_sentiment_api\actions-runner\actions-runner\bin'
[2026-04-03 10:18:54Z INFO HostContext] Well known directory 'Root': 'D:\코딩\mlops_sentiment_api\actions-runner\actions-runner'
[2026-04-03 10:18:54Z INFO HostContext] Well known directory 'Work': 'D:\코딩\mlops_sentiment_api\actions-runner\actions-runner\_work'
[2026-04-03 10:18:54Z INFO HostContext] Well known directory 'Actions': 'D:\코딩\mlops_sentiment_api\actions-runner\actions-runner\_work\_actions'
[2026-04-03 10:18:54Z INFO ActionManager] Load action that reference repository from 'D:\코딩\mlops_sentiment_api\actions-runner\actions-runner\_work\_actions\docker\login-action\v3'
[2026-04-03 10:18:54Z INFO HostContext] Well known directory 'Bin': 'D:\코딩\mlops_sentiment_api\actions-runner\actions-runner\bin'
[2026-04-03 10:18:54Z INFO HostContext] Well known directory 'Root': 'D:\코딩\mlops_sentiment_api\actions-runner\actions-runner'
[2026-04-03 10:18:54Z INFO HostContext] Well known directory 'Work': 'D:\코딩\mlops_sentiment_api\actions-runner\actions-runner\_work'
[2026-04-03 10:18:54Z INFO HostContext] Well known directory 'Actions': 'D:\코딩\mlops_sentiment_api\actions-runner\actions-runner\_work\_actions'
[2026-04-03 10:18:54Z INFO ActionManifestManagerLegacy] Ignore action property author.
[2026-04-03 10:18:54Z INFO ActionManifestManagerLegacy] Ignore action property branding.
[2026-04-03 10:18:54Z INFO ActionManifestManagerLegacy] Loaded action.yml file: {
  "name": "Docker Login",
  "description": "GitHub Action to login against a Docker registry",
  "inputs": {
    "type": 2,
    "map": [
      {
        "key": {
          "type": 0,
          "file": 2,
          "line": 10,
          "col": 3,
          "lit": "registry"
        },
        "value": ""
      },
      {
        "key": {
          "type": 0,
          "file": 2,
          "line": 13,
          "col": 3,
          "lit": "username"
        },
        "value": ""
      },
      {
        "key": {
          "type": 0,
          "file": 2,
          "line": 16,
          "col": 3,
          "lit": "password"
        },
        "value": ""
      },
      {
        "key": {
          "type": 0,
          "file": 2,
          "line": 19,
          "col": 3,
          "lit": "ecr"
        },
        "value": ""
      },
      {
        "key": {
          "type": 0,
          "file": 2,
          "line": 22,
          "col": 3,
          "lit": "scope"
        },
        "value": ""
      },
      {
        "key": {
          "type": 0,
          "file": 2,
          "line": 25,
          "col": 3,
          "lit": "logout"
        },
        "value": {
          "type": 0,
          "file": 2,
          "line": 27,
          "col": 14,
          "lit": "true"
        }
      },
      {
        "key": {
          "type": 0,
          "file": 2,
          "line": 29,
          "col": 3,
          "lit": "registry-auth"
        },
        "value": ""
      }
    ]
  },
  "execution": {
    "executionType": "nodeJS",
    "hasPre": false,
    "hasPost": true,
    "script": "dist/index.js",
    "pre": null,
    "post": "dist/index.js",
    "nodeVersion": "node20",
    "cleanupCondition": "always()",
    "initCondition": "always()"
  },
  "deprecated": null
}
[2026-04-03 10:18:54Z INFO ActionManager] Action pre node.js file: N/A.
[2026-04-03 10:18:54Z INFO ActionManager] Action node.js file: dist/index.js.
[2026-04-03 10:18:54Z INFO ActionManager] Action post node.js file: dist/index.js.
[2026-04-03 10:18:54Z INFO ExecutionContext] Reserve record order 9 to 16 for post job actions.
[2026-04-03 10:18:54Z INFO HostContext] Well known directory 'Bin': 'D:\코딩\mlops_sentiment_api\actions-runner\actions-runner\bin'
[2026-04-03 10:18:54Z INFO HostContext] Well known directory 'Root': 'D:\코딩\mlops_sentiment_api\actions-runner\actions-runner'
[2026-04-03 10:18:54Z INFO HostContext] Well known directory 'Diag': 'D:\코딩\mlops_sentiment_api\actions-runner\actions-runner\_diag'
[2026-04-03 10:18:54Z INFO HostContext] Well known directory 'Bin': 'D:\코딩\mlops_sentiment_api\actions-runner\actions-runner\bin'
[2026-04-03 10:18:54Z INFO HostContext] Well known directory 'Root': 'D:\코딩\mlops_sentiment_api\actions-runner\actions-runner'
[2026-04-03 10:18:54Z INFO HostContext] Well known directory 'Diag': 'D:\코딩\mlops_sentiment_api\actions-runner\actions-runner\_diag'
[2026-04-03 10:18:54Z INFO HostContext] Well known directory 'Bin': 'D:\코딩\mlops_sentiment_api\actions-runner\actions-runner\bin'
[2026-04-03 10:18:54Z INFO HostContext] Well known directory 'Root': 'D:\코딩\mlops_sentiment_api\actions-runner\actions-runner'
[2026-04-03 10:18:54Z INFO HostContext] Well known directory 'Work': 'D:\코딩\mlops_sentiment_api\actions-runner\actions-runner\_work'
[2026-04-03 10:18:54Z INFO HostContext] Well known directory 'Temp': 'D:\코딩\mlops_sentiment_api\actions-runner\actions-runner\_work\_temp'
[2026-04-03 10:18:54Z INFO ExecutionContext] Write event payload to D:\코딩\mlops_sentiment_api\actions-runner\actions-runner\_work\_temp\_github_workflow\event.json
[2026-04-03 10:18:54Z INFO HostContext] Well known directory 'Bin': 'D:\코딩\mlops_sentiment_api\actions-runner\actions-runner\bin'
[2026-04-03 10:18:54Z INFO HostContext] Well known directory 'Root': 'D:\코딩\mlops_sentiment_api\actions-runner\actions-runner'
[2026-04-03 10:18:54Z INFO HostContext] Well known directory 'Work': 'D:\코딩\mlops_sentiment_api\actions-runner\actions-runner\_work'
[2026-04-03 10:18:54Z INFO HostContext] Well known directory 'Temp': 'D:\코딩\mlops_sentiment_api\actions-runner\actions-runner\_work\_temp'
[2026-04-03 10:18:54Z INFO ExtensionManager] Getting extensions for interface: 'GitHub.Runner.Worker.IFileCommandExtension'
[2026-04-03 10:18:54Z INFO ExtensionManager] Creating instance: GitHub.Runner.Worker.AddPathFileCommand, Runner.Worker
[2026-04-03 10:18:54Z INFO ExtensionManager] Creating instance: GitHub.Runner.Worker.SetEnvFileCommand, Runner.Worker
[2026-04-03 10:18:54Z INFO ExtensionManager] Creating instance: GitHub.Runner.Worker.CreateStepSummaryCommand, Runner.Worker
[2026-04-03 10:18:54Z INFO ExtensionManager] Creating instance: GitHub.Runner.Worker.SaveStateFileCommand, Runner.Worker
[2026-04-03 10:18:54Z INFO ExtensionManager] Creating instance: GitHub.Runner.Worker.SetOutputFileCommand, Runner.Worker
[2026-04-03 10:18:54Z INFO ActionManifestManagerLegacy] Input 'registry': default value evaluate result: ""
[2026-04-03 10:18:54Z INFO ActionManifestManagerLegacy] Input 'ecr': default value evaluate result: ""
[2026-04-03 10:18:54Z INFO ActionManifestManagerLegacy] Input 'scope': default value evaluate result: ""
[2026-04-03 10:18:54Z INFO ActionManifestManagerLegacy] Input 'logout': default value evaluate result: {
  "type": 0,
  "file": 2,
  "line": 27,
  "col": 14,
  "lit": "true"
}
[2026-04-03 10:18:54Z INFO ActionManifestManagerLegacy] Input 'registry-auth': default value evaluate result: ""
[2026-04-03 10:18:54Z INFO ExtensionManager] Getting extensions for interface: 'GitHub.Runner.Worker.IActionCommandExtension'
[2026-04-03 10:18:54Z INFO ExtensionManager] Creating instance: GitHub.Runner.Worker.InternalPluginSetRepoPathCommandExtension, Runner.Worker
[2026-04-03 10:18:54Z INFO ExtensionManager] Creating instance: GitHub.Runner.Worker.SetEnvCommandExtension, Runner.Worker
[2026-04-03 10:18:54Z INFO ExtensionManager] Creating instance: GitHub.Runner.Worker.SetOutputCommandExtension, Runner.Worker
[2026-04-03 10:18:54Z INFO ExtensionManager] Creating instance: GitHub.Runner.Worker.SaveStateCommandExtension, Runner.Worker
[2026-04-03 10:18:54Z INFO ExtensionManager] Creating instance: GitHub.Runner.Worker.AddPathCommandExtension, Runner.Worker
[2026-04-03 10:18:54Z INFO ExtensionManager] Creating instance: GitHub.Runner.Worker.AddMaskCommandExtension, Runner.Worker
[2026-04-03 10:18:54Z INFO ExtensionManager] Creating instance: GitHub.Runner.Worker.AddMatcherCommandExtension, Runner.Worker
[2026-04-03 10:18:54Z INFO ExtensionManager] Creating instance: GitHub.Runner.Worker.RemoveMatcherCommandExtension, Runner.Worker
[2026-04-03 10:18:54Z INFO ExtensionManager] Creating instance: GitHub.Runner.Worker.WarningCommandExtension, Runner.Worker
[2026-04-03 10:18:54Z INFO ExtensionManager] Creating instance: GitHub.Runner.Worker.ErrorCommandExtension, Runner.Worker
[2026-04-03 10:18:54Z INFO ExtensionManager] Creating instance: GitHub.Runner.Worker.NoticeCommandExtension, Runner.Worker
[2026-04-03 10:18:54Z INFO ExtensionManager] Creating instance: GitHub.Runner.Worker.DebugCommandExtension, Runner.Worker
[2026-04-03 10:18:54Z INFO ExtensionManager] Creating instance: GitHub.Runner.Worker.GroupCommandExtension, Runner.Worker
[2026-04-03 10:18:54Z INFO ExtensionManager] Creating instance: GitHub.Runner.Worker.EndGroupCommandExtension, Runner.Worker
[2026-04-03 10:18:54Z INFO ExtensionManager] Creating instance: GitHub.Runner.Worker.EchoCommandExtension, Runner.Worker
[2026-04-03 10:18:54Z INFO ActionCommandManager] Register action command extension for command internal-set-repo-path
[2026-04-03 10:18:54Z INFO ActionCommandManager] Register action command extension for command set-env
[2026-04-03 10:18:54Z INFO ActionCommandManager] Register action command extension for command set-output
[2026-04-03 10:18:54Z INFO ActionCommandManager] Register action command extension for command save-state
[2026-04-03 10:18:54Z INFO ActionCommandManager] Register action command extension for command add-path
[2026-04-03 10:18:54Z INFO ActionCommandManager] Register action command extension for command add-mask
[2026-04-03 10:18:54Z INFO ActionCommandManager] Register action command extension for command add-matcher
[2026-04-03 10:18:54Z INFO ActionCommandManager] Register action command extension for command remove-matcher
[2026-04-03 10:18:54Z INFO ActionCommandManager] Register action command extension for command warning
[2026-04-03 10:18:54Z INFO ActionCommandManager] Register action command extension for command error
[2026-04-03 10:18:54Z INFO ActionCommandManager] Register action command extension for command notice
[2026-04-03 10:18:54Z INFO ActionCommandManager] Register action command extension for command debug
[2026-04-03 10:18:54Z INFO ActionCommandManager] Register action command extension for command group
[2026-04-03 10:18:54Z INFO ActionCommandManager] Register action command extension for command endgroup
[2026-04-03 10:18:54Z INFO ActionCommandManager] Register action command extension for command echo
[2026-04-03 10:18:54Z INFO HostContext] Well known directory 'Bin': 'D:\코딩\mlops_sentiment_api\actions-runner\actions-runner\bin'
[2026-04-03 10:18:54Z INFO HostContext] Well known directory 'Root': 'D:\코딩\mlops_sentiment_api\actions-runner\actions-runner'
[2026-04-03 10:18:54Z INFO HostContext] Well known directory 'Externals': 'D:\코딩\mlops_sentiment_api\actions-runner\actions-runner\externals'
[2026-04-03 10:18:54Z INFO ProcessInvokerWrapper] Starting process:
[2026-04-03 10:18:54Z INFO ProcessInvokerWrapper]   File name: 'D:\코딩\mlops_sentiment_api\actions-runner\actions-runner\externals\node24\bin\node.exe'
[2026-04-03 10:18:54Z INFO ProcessInvokerWrapper]   Arguments: '"D:\코딩\mlops_sentiment_api\actions-runner\actions-runner\_work\_actions\docker\login-action\v3\dist/index.js"'
[2026-04-03 10:18:54Z INFO ProcessInvokerWrapper]   Working directory: 'D:\코딩\mlops_sentiment_api\actions-runner\actions-runner\_work\opensource-hw2\opensource-hw2'
[2026-04-03 10:18:54Z INFO ProcessInvokerWrapper]   Require exit code zero: 'False'
[2026-04-03 10:18:54Z INFO ProcessInvokerWrapper]   Encoding web name: utf-8 ; code page: '65001'
[2026-04-03 10:18:54Z INFO ProcessInvokerWrapper]   Force kill process on cancellation: 'False'
[2026-04-03 10:18:54Z INFO ProcessInvokerWrapper]   Redirected STDIN: 'False'
[2026-04-03 10:18:54Z INFO ProcessInvokerWrapper]   Persist current code page: 'True'
[2026-04-03 10:18:54Z INFO ProcessInvokerWrapper]   Keep redirected STDIN open: 'False'
[2026-04-03 10:18:54Z INFO ProcessInvokerWrapper]   High priority process: 'False'
[2026-04-03 10:18:54Z INFO JobServerQueue] Try to append 1 batches web console lines for record 'e1d35f07-9c46-47d5-8741-6c0c25120aeb', success rate: 1/1.
[2026-04-03 10:18:54Z INFO JobServerQueue] Try to append 1 batches web console lines for record '798b0997-c894-44e7-b86b-700160638ee2', success rate: 1/1.
[2026-04-03 10:18:54Z INFO JobServerQueue] Try to upload 1 log files or attachments, success rate: 1/1.
[2026-04-03 10:18:54Z INFO JobServerQueue] Got a step log file to send to results service.
[2026-04-03 10:18:54Z INFO JobServerQueue] Starting upload of step log file to results service ResultsLog, D:\코딩\mlops_sentiment_api\actions-runner\actions-runner\_diag\blocks\60f42ac7-0a98-4dc0-aac3-34bb750008f6_e1d35f07-9c46-47d5-8741-6c0c25120aeb.1
[2026-04-03 10:18:54Z INFO ProcessInvokerWrapper] Process started with process id 28200, waiting for process exit.
[2026-04-03 10:18:55Z INFO JobServerQueue] Try to append 1 batches web console lines for record '798b0997-c894-44e7-b86b-700160638ee2', success rate: 1/1.
[2026-04-03 10:18:55Z INFO JobServerQueue] Tried to upload 1 file(s) to results, success rate: 1/1.
[2026-04-03 10:18:57Z INFO ProcessInvokerWrapper] STDOUT/STDERR stream read finished.
[2026-04-03 10:18:57Z INFO ProcessInvokerWrapper] STDOUT/STDERR stream read finished.
[2026-04-03 10:18:57Z INFO ProcessInvokerWrapper] Finished process 28200 with exit code 0, and elapsed time 00:00:03.4873285.
[2026-04-03 10:18:57Z INFO CreateStepSummaryCommand] Step Summary file (D:\코딩\mlops_sentiment_api\actions-runner\actions-runner\_work\_temp\_runner_file_commands\step_summary_f48fb997-498e-403e-8053-c68783279700) is empty; skipping attachment upload
[2026-04-03 10:18:57Z INFO StepsRunner] Step result: 
[2026-04-03 10:18:57Z INFO ExecutionContext] Publish step telemetry for current step {
  "action": "docker/login-action",
  "ref": "v3",
  "type": "node24",
  "stage": "Main",
  "stepId": "798b0997-c894-44e7-b86b-700160638ee2",
  "stepContextName": "__docker_login-action",
  "hasPreStep": false,
  "hasPostStep": true,
  "result": "succeeded",
  "errorMessages": [],
  "executionTimeInSeconds": 4,
  "startTime": "2026-04-03T10:18:54.1642136Z",
  "finishTime": "2026-04-03T10:18:57.7243356Z"
}.
[2026-04-03 10:18:57Z INFO StepsRunner] No need for updating job result with current step result 'Succeeded'.
[2026-04-03 10:18:57Z INFO StepsRunner] Current state: job state = ''
[2026-04-03 10:18:57Z INFO StepsRunner] Processing step: DisplayName='Check Docker is running'
[2026-04-03 10:18:57Z INFO StepsRunner] Evaluating: success()
[2026-04-03 10:18:57Z INFO StepsRunner] Result: true
[2026-04-03 10:18:57Z INFO StepsRunner] Starting the step.
[2026-04-03 10:18:57Z INFO HostContext] Well known directory 'Bin': 'D:\코딩\mlops_sentiment_api\actions-runner\actions-runner\bin'
[2026-04-03 10:18:57Z INFO HostContext] Well known directory 'Root': 'D:\코딩\mlops_sentiment_api\actions-runner\actions-runner'
[2026-04-03 10:18:57Z INFO HostContext] Well known directory 'Work': 'D:\코딩\mlops_sentiment_api\actions-runner\actions-runner\_work'
[2026-04-03 10:18:57Z INFO StepsRunner] Which2: 'chcp'
[2026-04-03 10:18:57Z INFO StepsRunner] Location: 'C:\WINDOWS\system32\chcp.COM'
[2026-04-03 10:18:57Z INFO ProcessInvokerWrapper] Starting process:
[2026-04-03 10:18:57Z INFO ProcessInvokerWrapper]   File name: 'C:\WINDOWS\system32\chcp.COM'
[2026-04-03 10:18:57Z INFO ProcessInvokerWrapper]   Arguments: '65001'
[2026-04-03 10:18:57Z INFO ProcessInvokerWrapper]   Working directory: 'D:\코딩\mlops_sentiment_api\actions-runner\actions-runner\_work'
[2026-04-03 10:18:57Z INFO ProcessInvokerWrapper]   Require exit code zero: 'False'
[2026-04-03 10:18:57Z INFO ProcessInvokerWrapper]   Encoding web name:  ; code page: ''
[2026-04-03 10:18:57Z INFO ProcessInvokerWrapper]   Force kill process on cancellation: 'False'
[2026-04-03 10:18:57Z INFO ProcessInvokerWrapper]   Redirected STDIN: 'False'
[2026-04-03 10:18:57Z INFO ProcessInvokerWrapper]   Persist current code page: 'True'
[2026-04-03 10:18:57Z INFO ProcessInvokerWrapper]   Keep redirected STDIN open: 'False'
[2026-04-03 10:18:57Z INFO ProcessInvokerWrapper]   High priority process: 'False'
[2026-04-03 10:18:57Z INFO ProcessInvokerWrapper] Process started with process id 18972, waiting for process exit.
[2026-04-03 10:18:57Z INFO ProcessInvokerWrapper] STDOUT/STDERR stream read finished.
[2026-04-03 10:18:57Z INFO ProcessInvokerWrapper] STDOUT/STDERR stream read finished.
[2026-04-03 10:18:57Z INFO ProcessInvokerWrapper] Finished process 18972 with exit code 0, and elapsed time 00:00:00.0064855.
[2026-04-03 10:18:57Z INFO StepsRunner] Successfully returned to code page 65001 (UTF8)
[2026-04-03 10:18:57Z INFO HostContext] Well known directory 'Bin': 'D:\코딩\mlops_sentiment_api\actions-runner\actions-runner\bin'
[2026-04-03 10:18:57Z INFO HostContext] Well known directory 'Root': 'D:\코딩\mlops_sentiment_api\actions-runner\actions-runner'
[2026-04-03 10:18:57Z INFO HostContext] Well known directory 'Work': 'D:\코딩\mlops_sentiment_api\actions-runner\actions-runner\_work'
[2026-04-03 10:18:57Z INFO HostContext] Well known directory 'Temp': 'D:\코딩\mlops_sentiment_api\actions-runner\actions-runner\_work\_temp'
[2026-04-03 10:18:57Z INFO ExecutionContext] Write event payload to D:\코딩\mlops_sentiment_api\actions-runner\actions-runner\_work\_temp\_github_workflow\event.json
[2026-04-03 10:18:57Z INFO HostContext] Well known directory 'Bin': 'D:\코딩\mlops_sentiment_api\actions-runner\actions-runner\bin'
[2026-04-03 10:18:57Z INFO HostContext] Well known directory 'Root': 'D:\코딩\mlops_sentiment_api\actions-runner\actions-runner'
[2026-04-03 10:18:57Z INFO HostContext] Well known directory 'Work': 'D:\코딩\mlops_sentiment_api\actions-runner\actions-runner\_work'
[2026-04-03 10:18:57Z INFO HostContext] Well known directory 'Temp': 'D:\코딩\mlops_sentiment_api\actions-runner\actions-runner\_work\_temp'
[2026-04-03 10:18:57Z INFO ExtensionManager] Getting extensions for interface: 'GitHub.Runner.Worker.IFileCommandExtension'
[2026-04-03 10:18:57Z INFO ExtensionManager] Getting extensions for interface: 'GitHub.Runner.Worker.IActionCommandExtension'
[2026-04-03 10:18:57Z INFO ActionCommandManager] Register action command extension for command internal-set-repo-path
[2026-04-03 10:18:57Z INFO ActionCommandManager] Register action command extension for command set-env
[2026-04-03 10:18:57Z INFO ActionCommandManager] Register action command extension for command set-output
[2026-04-03 10:18:57Z INFO ActionCommandManager] Register action command extension for command save-state
[2026-04-03 10:18:57Z INFO ActionCommandManager] Register action command extension for command add-path
[2026-04-03 10:18:57Z INFO ActionCommandManager] Register action command extension for command add-mask
[2026-04-03 10:18:57Z INFO ActionCommandManager] Register action command extension for command add-matcher
[2026-04-03 10:18:57Z INFO ActionCommandManager] Register action command extension for command remove-matcher
[2026-04-03 10:18:57Z INFO ActionCommandManager] Register action command extension for command warning
[2026-04-03 10:18:57Z INFO ActionCommandManager] Register action command extension for command error
[2026-04-03 10:18:57Z INFO ActionCommandManager] Register action command extension for command notice
[2026-04-03 10:18:57Z INFO ActionCommandManager] Register action command extension for command debug
[2026-04-03 10:18:57Z INFO ActionCommandManager] Register action command extension for command group
[2026-04-03 10:18:57Z INFO ActionCommandManager] Register action command extension for command endgroup
[2026-04-03 10:18:57Z INFO ActionCommandManager] Register action command extension for command echo
[2026-04-03 10:18:57Z INFO ScriptHandler] Which2: 'cmd'
[2026-04-03 10:18:57Z INFO ScriptHandler] Location: 'C:\WINDOWS\system32\cmd.EXE'
[2026-04-03 10:18:57Z INFO HostContext] Well known directory 'Bin': 'D:\코딩\mlops_sentiment_api\actions-runner\actions-runner\bin'
[2026-04-03 10:18:57Z INFO HostContext] Well known directory 'Root': 'D:\코딩\mlops_sentiment_api\actions-runner\actions-runner'
[2026-04-03 10:18:57Z INFO HostContext] Well known directory 'Work': 'D:\코딩\mlops_sentiment_api\actions-runner\actions-runner\_work'
[2026-04-03 10:18:57Z INFO HostContext] Well known directory 'Temp': 'D:\코딩\mlops_sentiment_api\actions-runner\actions-runner\_work\_temp'
[2026-04-03 10:18:57Z INFO ScriptHandler] Which2: 'cmd'
[2026-04-03 10:18:57Z INFO ScriptHandler] Location: 'C:\WINDOWS\system32\cmd.EXE'
[2026-04-03 10:18:57Z INFO ProcessInvokerWrapper] Starting process:
[2026-04-03 10:18:57Z INFO ProcessInvokerWrapper]   File name: 'C:\WINDOWS\system32\cmd.EXE'
[2026-04-03 10:18:57Z INFO ProcessInvokerWrapper]   Arguments: '/D /E:ON /V:OFF /S /C "CALL "D:\코딩\mlops_sentiment_api\actions-runner\actions-runner\_work\_temp\500f0517-6684-4774-ab84-61c823121d9a.cmd""'
[2026-04-03 10:18:57Z INFO ProcessInvokerWrapper]   Working directory: 'D:\코딩\mlops_sentiment_api\actions-runner\actions-runner\_work\opensource-hw2\opensource-hw2'
[2026-04-03 10:18:57Z INFO ProcessInvokerWrapper]   Require exit code zero: 'False'
[2026-04-03 10:18:57Z INFO ProcessInvokerWrapper]   Encoding web name:  ; code page: ''
[2026-04-03 10:18:57Z INFO ProcessInvokerWrapper]   Force kill process on cancellation: 'False'
[2026-04-03 10:18:57Z INFO ProcessInvokerWrapper]   Redirected STDIN: 'False'
[2026-04-03 10:18:57Z INFO ProcessInvokerWrapper]   Persist current code page: 'True'
[2026-04-03 10:18:57Z INFO ProcessInvokerWrapper]   Keep redirected STDIN open: 'False'
[2026-04-03 10:18:57Z INFO ProcessInvokerWrapper]   High priority process: 'False'
[2026-04-03 10:18:57Z INFO ProcessInvokerWrapper] Process started with process id 23244, waiting for process exit.
[2026-04-03 10:18:57Z INFO JobServerQueue] Try to append 1 batches web console lines for record '798b0997-c894-44e7-b86b-700160638ee2', success rate: 1/1.
[2026-04-03 10:18:57Z INFO JobServerQueue] Try to append 1 batches web console lines for record '468e057a-d74d-4d74-b2df-dfcfa7debfa8', success rate: 1/1.
[2026-04-03 10:18:57Z INFO ProcessInvokerWrapper] STDOUT/STDERR stream read finished.
[2026-04-03 10:18:57Z INFO ProcessInvokerWrapper] STDOUT/STDERR stream read finished.
[2026-04-03 10:18:57Z INFO ProcessInvokerWrapper] Finished process 23244 with exit code 0, and elapsed time 00:00:00.2406398.
[2026-04-03 10:18:57Z INFO CreateStepSummaryCommand] Step Summary file (D:\코딩\mlops_sentiment_api\actions-runner\actions-runner\_work\_temp\_runner_file_commands\step_summary_c6bac2ed-da59-4fa4-b0b2-00fd1b97662f) is empty; skipping attachment upload
[2026-04-03 10:18:57Z INFO StepsRunner] Step result: 
[2026-04-03 10:18:57Z INFO ExecutionContext] Publish step telemetry for current step {
  "action": "cmd",
  "type": "run",
  "stage": "Main",
  "stepId": "468e057a-d74d-4d74-b2df-dfcfa7debfa8",
  "stepContextName": "__run",
  "result": "succeeded",
  "errorMessages": [],
  "executionTimeInSeconds": 1,
  "startTime": "2026-04-03T10:18:57.7251245Z",
  "finishTime": "2026-04-03T10:18:57.9823343Z"
}.
[2026-04-03 10:18:57Z INFO StepsRunner] No need for updating job result with current step result 'Succeeded'.
[2026-04-03 10:18:57Z INFO StepsRunner] Current state: job state = ''
[2026-04-03 10:18:57Z INFO StepsRunner] Processing step: DisplayName='Pull latest image from Docker Hub'
[2026-04-03 10:18:57Z INFO StepsRunner] Evaluating: success()
[2026-04-03 10:18:57Z INFO StepsRunner] Result: true
[2026-04-03 10:18:57Z INFO StepsRunner] Starting the step.
[2026-04-03 10:18:57Z INFO HostContext] Well known directory 'Bin': 'D:\코딩\mlops_sentiment_api\actions-runner\actions-runner\bin'
[2026-04-03 10:18:57Z INFO HostContext] Well known directory 'Root': 'D:\코딩\mlops_sentiment_api\actions-runner\actions-runner'
[2026-04-03 10:18:57Z INFO HostContext] Well known directory 'Work': 'D:\코딩\mlops_sentiment_api\actions-runner\actions-runner\_work'
[2026-04-03 10:18:57Z INFO StepsRunner] Which2: 'chcp'
[2026-04-03 10:18:57Z INFO StepsRunner] Location: 'C:\WINDOWS\system32\chcp.COM'
[2026-04-03 10:18:57Z INFO ProcessInvokerWrapper] Starting process:
[2026-04-03 10:18:57Z INFO ProcessInvokerWrapper]   File name: 'C:\WINDOWS\system32\chcp.COM'
[2026-04-03 10:18:57Z INFO ProcessInvokerWrapper]   Arguments: '65001'
[2026-04-03 10:18:57Z INFO ProcessInvokerWrapper]   Working directory: 'D:\코딩\mlops_sentiment_api\actions-runner\actions-runner\_work'
[2026-04-03 10:18:57Z INFO ProcessInvokerWrapper]   Require exit code zero: 'False'
[2026-04-03 10:18:57Z INFO ProcessInvokerWrapper]   Encoding web name:  ; code page: ''
[2026-04-03 10:18:57Z INFO ProcessInvokerWrapper]   Force kill process on cancellation: 'False'
[2026-04-03 10:18:57Z INFO ProcessInvokerWrapper]   Redirected STDIN: 'False'
[2026-04-03 10:18:57Z INFO ProcessInvokerWrapper]   Persist current code page: 'True'
[2026-04-03 10:18:57Z INFO ProcessInvokerWrapper]   Keep redirected STDIN open: 'False'
[2026-04-03 10:18:57Z INFO ProcessInvokerWrapper]   High priority process: 'False'
[2026-04-03 10:18:57Z INFO ProcessInvokerWrapper] Process started with process id 30060, waiting for process exit.
[2026-04-03 10:18:57Z INFO ProcessInvokerWrapper] STDOUT/STDERR stream read finished.
[2026-04-03 10:18:57Z INFO ProcessInvokerWrapper] STDOUT/STDERR stream read finished.
[2026-04-03 10:18:57Z INFO ProcessInvokerWrapper] Finished process 30060 with exit code 0, and elapsed time 00:00:00.0061207.
[2026-04-03 10:18:57Z INFO StepsRunner] Successfully returned to code page 65001 (UTF8)
[2026-04-03 10:18:57Z INFO HostContext] Well known directory 'Bin': 'D:\코딩\mlops_sentiment_api\actions-runner\actions-runner\bin'
[2026-04-03 10:18:57Z INFO HostContext] Well known directory 'Root': 'D:\코딩\mlops_sentiment_api\actions-runner\actions-runner'
[2026-04-03 10:18:57Z INFO HostContext] Well known directory 'Work': 'D:\코딩\mlops_sentiment_api\actions-runner\actions-runner\_work'
[2026-04-03 10:18:57Z INFO HostContext] Well known directory 'Temp': 'D:\코딩\mlops_sentiment_api\actions-runner\actions-runner\_work\_temp'
[2026-04-03 10:18:57Z INFO ExecutionContext] Write event payload to D:\코딩\mlops_sentiment_api\actions-runner\actions-runner\_work\_temp\_github_workflow\event.json
[2026-04-03 10:18:57Z INFO HostContext] Well known directory 'Bin': 'D:\코딩\mlops_sentiment_api\actions-runner\actions-runner\bin'
[2026-04-03 10:18:57Z INFO HostContext] Well known directory 'Root': 'D:\코딩\mlops_sentiment_api\actions-runner\actions-runner'
[2026-04-03 10:18:57Z INFO HostContext] Well known directory 'Work': 'D:\코딩\mlops_sentiment_api\actions-runner\actions-runner\_work'
[2026-04-03 10:18:57Z INFO HostContext] Well known directory 'Temp': 'D:\코딩\mlops_sentiment_api\actions-runner\actions-runner\_work\_temp'
[2026-04-03 10:18:57Z INFO ExtensionManager] Getting extensions for interface: 'GitHub.Runner.Worker.IFileCommandExtension'
[2026-04-03 10:18:57Z INFO ExtensionManager] Getting extensions for interface: 'GitHub.Runner.Worker.IActionCommandExtension'
[2026-04-03 10:18:57Z INFO ActionCommandManager] Register action command extension for command internal-set-repo-path
[2026-04-03 10:18:57Z INFO ActionCommandManager] Register action command extension for command set-env
[2026-04-03 10:18:57Z INFO ActionCommandManager] Register action command extension for command set-output
[2026-04-03 10:18:57Z INFO ActionCommandManager] Register action command extension for command save-state
[2026-04-03 10:18:57Z INFO ActionCommandManager] Register action command extension for command add-path
[2026-04-03 10:18:57Z INFO ActionCommandManager] Register action command extension for command add-mask
[2026-04-03 10:18:57Z INFO ActionCommandManager] Register action command extension for command add-matcher
[2026-04-03 10:18:57Z INFO ActionCommandManager] Register action command extension for command remove-matcher
[2026-04-03 10:18:57Z INFO ActionCommandManager] Register action command extension for command warning
[2026-04-03 10:18:57Z INFO ActionCommandManager] Register action command extension for command error
[2026-04-03 10:18:57Z INFO ActionCommandManager] Register action command extension for command notice
[2026-04-03 10:18:57Z INFO ActionCommandManager] Register action command extension for command debug
[2026-04-03 10:18:57Z INFO ActionCommandManager] Register action command extension for command group
[2026-04-03 10:18:57Z INFO ActionCommandManager] Register action command extension for command endgroup
[2026-04-03 10:18:57Z INFO ActionCommandManager] Register action command extension for command echo
[2026-04-03 10:18:57Z INFO ScriptHandler] Which2: 'cmd'
[2026-04-03 10:18:57Z INFO ScriptHandler] Location: 'C:\WINDOWS\system32\cmd.EXE'
[2026-04-03 10:18:57Z INFO HostContext] Well known directory 'Bin': 'D:\코딩\mlops_sentiment_api\actions-runner\actions-runner\bin'
[2026-04-03 10:18:57Z INFO HostContext] Well known directory 'Root': 'D:\코딩\mlops_sentiment_api\actions-runner\actions-runner'
[2026-04-03 10:18:57Z INFO HostContext] Well known directory 'Work': 'D:\코딩\mlops_sentiment_api\actions-runner\actions-runner\_work'
[2026-04-03 10:18:57Z INFO HostContext] Well known directory 'Temp': 'D:\코딩\mlops_sentiment_api\actions-runner\actions-runner\_work\_temp'
[2026-04-03 10:18:57Z INFO ScriptHandler] Which2: 'cmd'
[2026-04-03 10:18:57Z INFO ScriptHandler] Location: 'C:\WINDOWS\system32\cmd.EXE'
[2026-04-03 10:18:57Z INFO ProcessInvokerWrapper] Starting process:
[2026-04-03 10:18:57Z INFO ProcessInvokerWrapper]   File name: 'C:\WINDOWS\system32\cmd.EXE'
[2026-04-03 10:18:57Z INFO ProcessInvokerWrapper]   Arguments: '/D /E:ON /V:OFF /S /C "CALL "D:\코딩\mlops_sentiment_api\actions-runner\actions-runner\_work\_temp\a923e087-fdfb-4e43-ba84-ec9785fc8fa7.cmd""'
[2026-04-03 10:18:57Z INFO ProcessInvokerWrapper]   Working directory: 'D:\코딩\mlops_sentiment_api\actions-runner\actions-runner\_work\opensource-hw2\opensource-hw2'
[2026-04-03 10:18:57Z INFO ProcessInvokerWrapper]   Require exit code zero: 'False'
[2026-04-03 10:18:57Z INFO ProcessInvokerWrapper]   Encoding web name:  ; code page: ''
[2026-04-03 10:18:57Z INFO ProcessInvokerWrapper]   Force kill process on cancellation: 'False'
[2026-04-03 10:18:57Z INFO ProcessInvokerWrapper]   Redirected STDIN: 'False'
[2026-04-03 10:18:57Z INFO ProcessInvokerWrapper]   Persist current code page: 'True'
[2026-04-03 10:18:57Z INFO ProcessInvokerWrapper]   Keep redirected STDIN open: 'False'
[2026-04-03 10:18:57Z INFO ProcessInvokerWrapper]   High priority process: 'False'
[2026-04-03 10:18:58Z INFO ProcessInvokerWrapper] Process started with process id 30596, waiting for process exit.
[2026-04-03 10:18:58Z INFO JobServerQueue] Try to append 2 batches web console lines for record '468e057a-d74d-4d74-b2df-dfcfa7debfa8', success rate: 2/2.
[2026-04-03 10:18:58Z INFO JobServerQueue] Try to append 1 batches web console lines for record '8dfee62d-cfa8-40fa-9a83-0c52c4432231', success rate: 1/1.
[2026-04-03 10:18:58Z INFO JobServerQueue] Try to upload 2 log files or attachments, success rate: 2/2.
[2026-04-03 10:18:58Z INFO JobServerQueue] Got a step log file to send to results service.
[2026-04-03 10:18:58Z INFO JobServerQueue] Starting upload of step log file to results service ResultsLog, D:\코딩\mlops_sentiment_api\actions-runner\actions-runner\_diag\blocks\60f42ac7-0a98-4dc0-aac3-34bb750008f6_798b0997-c894-44e7-b86b-700160638ee2.1
[2026-04-03 10:18:59Z INFO JobServerQueue] Got a step log file to send to results service.
[2026-04-03 10:18:59Z INFO JobServerQueue] Starting upload of step log file to results service ResultsLog, D:\코딩\mlops_sentiment_api\actions-runner\actions-runner\_diag\blocks\60f42ac7-0a98-4dc0-aac3-34bb750008f6_468e057a-d74d-4d74-b2df-dfcfa7debfa8.1
[2026-04-03 10:19:00Z INFO JobServerQueue] Tried to upload 2 file(s) to results, success rate: 2/2.
[2026-04-03 10:19:00Z INFO JobServerQueue] Try to append 1 batches web console lines for record '8dfee62d-cfa8-40fa-9a83-0c52c4432231', success rate: 1/1.
[2026-04-03 10:19:01Z INFO ProcessInvokerWrapper] STDOUT/STDERR stream read finished.
[2026-04-03 10:19:01Z INFO ProcessInvokerWrapper] STDOUT/STDERR stream read finished.
[2026-04-03 10:19:01Z INFO ProcessInvokerWrapper] Finished process 30596 with exit code 0, and elapsed time 00:00:03.7803347.
[2026-04-03 10:19:01Z INFO CreateStepSummaryCommand] Step Summary file (D:\코딩\mlops_sentiment_api\actions-runner\actions-runner\_work\_temp\_runner_file_commands\step_summary_3faed044-b1a0-4220-b623-c6f00d4c470d) is empty; skipping attachment upload
[2026-04-03 10:19:01Z INFO StepsRunner] Step result: 
[2026-04-03 10:19:01Z INFO ExecutionContext] Publish step telemetry for current step {
  "action": "cmd",
  "type": "run",
  "stage": "Main",
  "stepId": "8dfee62d-cfa8-40fa-9a83-0c52c4432231",
  "stepContextName": "__run_2",
  "result": "succeeded",
  "errorMessages": [],
  "executionTimeInSeconds": 4,
  "startTime": "2026-04-03T10:18:57.9828263Z",
  "finishTime": "2026-04-03T10:19:01.7756544Z"
}.
[2026-04-03 10:19:01Z INFO StepsRunner] No need for updating job result with current step result 'Succeeded'.
[2026-04-03 10:19:01Z INFO StepsRunner] Current state: job state = ''
[2026-04-03 10:19:01Z INFO StepsRunner] Processing step: DisplayName='Stop existing container'
[2026-04-03 10:19:01Z INFO StepsRunner] Evaluating: success()
[2026-04-03 10:19:01Z INFO StepsRunner] Result: true
[2026-04-03 10:19:01Z INFO StepsRunner] Starting the step.
[2026-04-03 10:19:01Z INFO HostContext] Well known directory 'Bin': 'D:\코딩\mlops_sentiment_api\actions-runner\actions-runner\bin'
[2026-04-03 10:19:01Z INFO HostContext] Well known directory 'Root': 'D:\코딩\mlops_sentiment_api\actions-runner\actions-runner'
[2026-04-03 10:19:01Z INFO HostContext] Well known directory 'Work': 'D:\코딩\mlops_sentiment_api\actions-runner\actions-runner\_work'
[2026-04-03 10:19:01Z INFO StepsRunner] Which2: 'chcp'
[2026-04-03 10:19:01Z INFO StepsRunner] Location: 'C:\WINDOWS\system32\chcp.COM'
[2026-04-03 10:19:01Z INFO ProcessInvokerWrapper] Starting process:
[2026-04-03 10:19:01Z INFO ProcessInvokerWrapper]   File name: 'C:\WINDOWS\system32\chcp.COM'
[2026-04-03 10:19:01Z INFO ProcessInvokerWrapper]   Arguments: '65001'
[2026-04-03 10:19:01Z INFO ProcessInvokerWrapper]   Working directory: 'D:\코딩\mlops_sentiment_api\actions-runner\actions-runner\_work'
[2026-04-03 10:19:01Z INFO ProcessInvokerWrapper]   Require exit code zero: 'False'
[2026-04-03 10:19:01Z INFO ProcessInvokerWrapper]   Encoding web name:  ; code page: ''
[2026-04-03 10:19:01Z INFO ProcessInvokerWrapper]   Force kill process on cancellation: 'False'
[2026-04-03 10:19:01Z INFO ProcessInvokerWrapper]   Redirected STDIN: 'False'
[2026-04-03 10:19:01Z INFO ProcessInvokerWrapper]   Persist current code page: 'True'
[2026-04-03 10:19:01Z INFO ProcessInvokerWrapper]   Keep redirected STDIN open: 'False'
[2026-04-03 10:19:01Z INFO ProcessInvokerWrapper]   High priority process: 'False'
[2026-04-03 10:19:01Z INFO ProcessInvokerWrapper] Process started with process id 25408, waiting for process exit.
[2026-04-03 10:19:01Z INFO ProcessInvokerWrapper] STDOUT/STDERR stream read finished.
[2026-04-03 10:19:01Z INFO ProcessInvokerWrapper] STDOUT/STDERR stream read finished.
[2026-04-03 10:19:01Z INFO ProcessInvokerWrapper] Finished process 25408 with exit code 0, and elapsed time 00:00:00.0088490.
[2026-04-03 10:19:01Z INFO StepsRunner] Successfully returned to code page 65001 (UTF8)
[2026-04-03 10:19:01Z INFO HostContext] Well known directory 'Bin': 'D:\코딩\mlops_sentiment_api\actions-runner\actions-runner\bin'
[2026-04-03 10:19:01Z INFO HostContext] Well known directory 'Root': 'D:\코딩\mlops_sentiment_api\actions-runner\actions-runner'
[2026-04-03 10:19:01Z INFO HostContext] Well known directory 'Work': 'D:\코딩\mlops_sentiment_api\actions-runner\actions-runner\_work'
[2026-04-03 10:19:01Z INFO HostContext] Well known directory 'Temp': 'D:\코딩\mlops_sentiment_api\actions-runner\actions-runner\_work\_temp'
[2026-04-03 10:19:01Z INFO ExecutionContext] Write event payload to D:\코딩\mlops_sentiment_api\actions-runner\actions-runner\_work\_temp\_github_workflow\event.json
[2026-04-03 10:19:01Z INFO HostContext] Well known directory 'Bin': 'D:\코딩\mlops_sentiment_api\actions-runner\actions-runner\bin'
[2026-04-03 10:19:01Z INFO HostContext] Well known directory 'Root': 'D:\코딩\mlops_sentiment_api\actions-runner\actions-runner'
[2026-04-03 10:19:01Z INFO HostContext] Well known directory 'Work': 'D:\코딩\mlops_sentiment_api\actions-runner\actions-runner\_work'
[2026-04-03 10:19:01Z INFO HostContext] Well known directory 'Temp': 'D:\코딩\mlops_sentiment_api\actions-runner\actions-runner\_work\_temp'
[2026-04-03 10:19:01Z INFO ExtensionManager] Getting extensions for interface: 'GitHub.Runner.Worker.IFileCommandExtension'
[2026-04-03 10:19:01Z INFO ExtensionManager] Getting extensions for interface: 'GitHub.Runner.Worker.IActionCommandExtension'
[2026-04-03 10:19:01Z INFO ActionCommandManager] Register action command extension for command internal-set-repo-path
[2026-04-03 10:19:01Z INFO ActionCommandManager] Register action command extension for command set-env
[2026-04-03 10:19:01Z INFO ActionCommandManager] Register action command extension for command set-output
[2026-04-03 10:19:01Z INFO ActionCommandManager] Register action command extension for command save-state
[2026-04-03 10:19:01Z INFO ActionCommandManager] Register action command extension for command add-path
[2026-04-03 10:19:01Z INFO ActionCommandManager] Register action command extension for command add-mask
[2026-04-03 10:19:01Z INFO ActionCommandManager] Register action command extension for command add-matcher
[2026-04-03 10:19:01Z INFO ActionCommandManager] Register action command extension for command remove-matcher
[2026-04-03 10:19:01Z INFO ActionCommandManager] Register action command extension for command warning
[2026-04-03 10:19:01Z INFO ActionCommandManager] Register action command extension for command error
[2026-04-03 10:19:01Z INFO ActionCommandManager] Register action command extension for command notice
[2026-04-03 10:19:01Z INFO ActionCommandManager] Register action command extension for command debug
[2026-04-03 10:19:01Z INFO ActionCommandManager] Register action command extension for command group
[2026-04-03 10:19:01Z INFO ActionCommandManager] Register action command extension for command endgroup
[2026-04-03 10:19:01Z INFO ActionCommandManager] Register action command extension for command echo
[2026-04-03 10:19:01Z INFO ScriptHandler] Which2: 'cmd'
[2026-04-03 10:19:01Z INFO ScriptHandler] Location: 'C:\WINDOWS\system32\cmd.EXE'
[2026-04-03 10:19:01Z INFO HostContext] Well known directory 'Bin': 'D:\코딩\mlops_sentiment_api\actions-runner\actions-runner\bin'
[2026-04-03 10:19:01Z INFO HostContext] Well known directory 'Root': 'D:\코딩\mlops_sentiment_api\actions-runner\actions-runner'
[2026-04-03 10:19:01Z INFO HostContext] Well known directory 'Work': 'D:\코딩\mlops_sentiment_api\actions-runner\actions-runner\_work'
[2026-04-03 10:19:01Z INFO HostContext] Well known directory 'Temp': 'D:\코딩\mlops_sentiment_api\actions-runner\actions-runner\_work\_temp'
[2026-04-03 10:19:01Z INFO ScriptHandler] Which2: 'cmd'
[2026-04-03 10:19:01Z INFO ScriptHandler] Location: 'C:\WINDOWS\system32\cmd.EXE'
[2026-04-03 10:19:01Z INFO ProcessInvokerWrapper] Starting process:
[2026-04-03 10:19:01Z INFO ProcessInvokerWrapper]   File name: 'C:\WINDOWS\system32\cmd.EXE'
[2026-04-03 10:19:01Z INFO ProcessInvokerWrapper]   Arguments: '/D /E:ON /V:OFF /S /C "CALL "D:\코딩\mlops_sentiment_api\actions-runner\actions-runner\_work\_temp\b37e9122-431b-4471-a8c7-bef9cfb829c1.cmd""'
[2026-04-03 10:19:01Z INFO ProcessInvokerWrapper]   Working directory: 'D:\코딩\mlops_sentiment_api\actions-runner\actions-runner\_work\opensource-hw2\opensource-hw2'
[2026-04-03 10:19:01Z INFO ProcessInvokerWrapper]   Require exit code zero: 'False'
[2026-04-03 10:19:01Z INFO ProcessInvokerWrapper]   Encoding web name:  ; code page: ''
[2026-04-03 10:19:01Z INFO ProcessInvokerWrapper]   Force kill process on cancellation: 'False'
[2026-04-03 10:19:01Z INFO ProcessInvokerWrapper]   Redirected STDIN: 'False'
[2026-04-03 10:19:01Z INFO ProcessInvokerWrapper]   Persist current code page: 'True'
[2026-04-03 10:19:01Z INFO ProcessInvokerWrapper]   Keep redirected STDIN open: 'False'
[2026-04-03 10:19:01Z INFO ProcessInvokerWrapper]   High priority process: 'False'
[2026-04-03 10:19:01Z INFO ProcessInvokerWrapper] Process started with process id 12028, waiting for process exit.
[2026-04-03 10:19:01Z INFO JobServerQueue] Try to append 1 batches web console lines for record '8dfee62d-cfa8-40fa-9a83-0c52c4432231', success rate: 1/1.
[2026-04-03 10:19:01Z INFO JobServerQueue] Try to append 1 batches web console lines for record '02891168-fb51-45d9-a3de-d8ed053532e2', success rate: 1/1.
[2026-04-03 10:19:02Z INFO JobServerQueue] Got a step log file to send to results service.
[2026-04-03 10:19:02Z INFO JobServerQueue] Starting upload of step log file to results service ResultsLog, D:\코딩\mlops_sentiment_api\actions-runner\actions-runner\_diag\blocks\60f42ac7-0a98-4dc0-aac3-34bb750008f6_8dfee62d-cfa8-40fa-9a83-0c52c4432231.1
[2026-04-03 10:19:02Z INFO JobServerQueue] Try to upload 1 log files or attachments, success rate: 1/1.
[2026-04-03 10:19:02Z INFO ProcessInvokerWrapper] STDOUT/STDERR stream read finished.
[2026-04-03 10:19:02Z INFO ProcessInvokerWrapper] STDOUT/STDERR stream read finished.
[2026-04-03 10:19:02Z INFO ProcessInvokerWrapper] Finished process 12028 with exit code 0, and elapsed time 00:00:00.8670850.
[2026-04-03 10:19:02Z INFO CreateStepSummaryCommand] Step Summary file (D:\코딩\mlops_sentiment_api\actions-runner\actions-runner\_work\_temp\_runner_file_commands\step_summary_8b633b86-bab6-48ef-8e5b-8d8518e3a69e) is empty; skipping attachment upload
[2026-04-03 10:19:02Z INFO StepsRunner] Step result: 
[2026-04-03 10:19:02Z INFO ExecutionContext] Publish step telemetry for current step {
  "action": "cmd",
  "type": "run",
  "stage": "Main",
  "stepId": "02891168-fb51-45d9-a3de-d8ed053532e2",
  "stepContextName": "__run_3",
  "result": "succeeded",
  "errorMessages": [],
  "executionTimeInSeconds": 1,
  "startTime": "2026-04-03T10:19:01.7761763Z",
  "finishTime": "2026-04-03T10:19:02.6591242Z"
}.
[2026-04-03 10:19:02Z INFO StepsRunner] No need for updating job result with current step result 'Succeeded'.
[2026-04-03 10:19:02Z INFO StepsRunner] Current state: job state = ''
[2026-04-03 10:19:02Z INFO StepsRunner] Processing step: DisplayName='Remove existing container'
[2026-04-03 10:19:02Z INFO StepsRunner] Evaluating: success()
[2026-04-03 10:19:02Z INFO StepsRunner] Result: true
[2026-04-03 10:19:02Z INFO StepsRunner] Starting the step.
[2026-04-03 10:19:02Z INFO HostContext] Well known directory 'Bin': 'D:\코딩\mlops_sentiment_api\actions-runner\actions-runner\bin'
[2026-04-03 10:19:02Z INFO HostContext] Well known directory 'Root': 'D:\코딩\mlops_sentiment_api\actions-runner\actions-runner'
[2026-04-03 10:19:02Z INFO HostContext] Well known directory 'Work': 'D:\코딩\mlops_sentiment_api\actions-runner\actions-runner\_work'
[2026-04-03 10:19:02Z INFO StepsRunner] Which2: 'chcp'
[2026-04-03 10:19:02Z INFO StepsRunner] Location: 'C:\WINDOWS\system32\chcp.COM'
[2026-04-03 10:19:02Z INFO ProcessInvokerWrapper] Starting process:
[2026-04-03 10:19:02Z INFO ProcessInvokerWrapper]   File name: 'C:\WINDOWS\system32\chcp.COM'
[2026-04-03 10:19:02Z INFO ProcessInvokerWrapper]   Arguments: '65001'
[2026-04-03 10:19:02Z INFO ProcessInvokerWrapper]   Working directory: 'D:\코딩\mlops_sentiment_api\actions-runner\actions-runner\_work'
[2026-04-03 10:19:02Z INFO ProcessInvokerWrapper]   Require exit code zero: 'False'
[2026-04-03 10:19:02Z INFO ProcessInvokerWrapper]   Encoding web name:  ; code page: ''
[2026-04-03 10:19:02Z INFO ProcessInvokerWrapper]   Force kill process on cancellation: 'False'
[2026-04-03 10:19:02Z INFO ProcessInvokerWrapper]   Redirected STDIN: 'False'
[2026-04-03 10:19:02Z INFO ProcessInvokerWrapper]   Persist current code page: 'True'
[2026-04-03 10:19:02Z INFO ProcessInvokerWrapper]   Keep redirected STDIN open: 'False'
[2026-04-03 10:19:02Z INFO ProcessInvokerWrapper]   High priority process: 'False'
[2026-04-03 10:19:02Z INFO ProcessInvokerWrapper] Process started with process id 24404, waiting for process exit.
[2026-04-03 10:19:02Z INFO ProcessInvokerWrapper] STDOUT/STDERR stream read finished.
[2026-04-03 10:19:02Z INFO ProcessInvokerWrapper] STDOUT/STDERR stream read finished.
[2026-04-03 10:19:02Z INFO ProcessInvokerWrapper] Finished process 24404 with exit code 0, and elapsed time 00:00:00.0060886.
[2026-04-03 10:19:02Z INFO StepsRunner] Successfully returned to code page 65001 (UTF8)
[2026-04-03 10:19:02Z INFO HostContext] Well known directory 'Bin': 'D:\코딩\mlops_sentiment_api\actions-runner\actions-runner\bin'
[2026-04-03 10:19:02Z INFO HostContext] Well known directory 'Root': 'D:\코딩\mlops_sentiment_api\actions-runner\actions-runner'
[2026-04-03 10:19:02Z INFO HostContext] Well known directory 'Work': 'D:\코딩\mlops_sentiment_api\actions-runner\actions-runner\_work'
[2026-04-03 10:19:02Z INFO HostContext] Well known directory 'Temp': 'D:\코딩\mlops_sentiment_api\actions-runner\actions-runner\_work\_temp'
[2026-04-03 10:19:02Z INFO ExecutionContext] Write event payload to D:\코딩\mlops_sentiment_api\actions-runner\actions-runner\_work\_temp\_github_workflow\event.json
[2026-04-03 10:19:02Z INFO HostContext] Well known directory 'Bin': 'D:\코딩\mlops_sentiment_api\actions-runner\actions-runner\bin'
[2026-04-03 10:19:02Z INFO HostContext] Well known directory 'Root': 'D:\코딩\mlops_sentiment_api\actions-runner\actions-runner'
[2026-04-03 10:19:02Z INFO HostContext] Well known directory 'Work': 'D:\코딩\mlops_sentiment_api\actions-runner\actions-runner\_work'
[2026-04-03 10:19:02Z INFO HostContext] Well known directory 'Temp': 'D:\코딩\mlops_sentiment_api\actions-runner\actions-runner\_work\_temp'
[2026-04-03 10:19:02Z INFO ExtensionManager] Getting extensions for interface: 'GitHub.Runner.Worker.IFileCommandExtension'
[2026-04-03 10:19:02Z INFO ExtensionManager] Getting extensions for interface: 'GitHub.Runner.Worker.IActionCommandExtension'
[2026-04-03 10:19:02Z INFO ActionCommandManager] Register action command extension for command internal-set-repo-path
[2026-04-03 10:19:02Z INFO ActionCommandManager] Register action command extension for command set-env
[2026-04-03 10:19:02Z INFO ActionCommandManager] Register action command extension for command set-output
[2026-04-03 10:19:02Z INFO ActionCommandManager] Register action command extension for command save-state
[2026-04-03 10:19:02Z INFO ActionCommandManager] Register action command extension for command add-path
[2026-04-03 10:19:02Z INFO ActionCommandManager] Register action command extension for command add-mask
[2026-04-03 10:19:02Z INFO ActionCommandManager] Register action command extension for command add-matcher
[2026-04-03 10:19:02Z INFO ActionCommandManager] Register action command extension for command remove-matcher
[2026-04-03 10:19:02Z INFO ActionCommandManager] Register action command extension for command warning
[2026-04-03 10:19:02Z INFO ActionCommandManager] Register action command extension for command error
[2026-04-03 10:19:02Z INFO ActionCommandManager] Register action command extension for command notice
[2026-04-03 10:19:02Z INFO ActionCommandManager] Register action command extension for command debug
[2026-04-03 10:19:02Z INFO ActionCommandManager] Register action command extension for command group
[2026-04-03 10:19:02Z INFO ActionCommandManager] Register action command extension for command endgroup
[2026-04-03 10:19:02Z INFO ActionCommandManager] Register action command extension for command echo
[2026-04-03 10:19:02Z INFO ScriptHandler] Which2: 'cmd'
[2026-04-03 10:19:02Z INFO ScriptHandler] Location: 'C:\WINDOWS\system32\cmd.EXE'
[2026-04-03 10:19:02Z INFO HostContext] Well known directory 'Bin': 'D:\코딩\mlops_sentiment_api\actions-runner\actions-runner\bin'
[2026-04-03 10:19:02Z INFO HostContext] Well known directory 'Root': 'D:\코딩\mlops_sentiment_api\actions-runner\actions-runner'
[2026-04-03 10:19:02Z INFO HostContext] Well known directory 'Work': 'D:\코딩\mlops_sentiment_api\actions-runner\actions-runner\_work'
[2026-04-03 10:19:02Z INFO HostContext] Well known directory 'Temp': 'D:\코딩\mlops_sentiment_api\actions-runner\actions-runner\_work\_temp'
[2026-04-03 10:19:02Z INFO ScriptHandler] Which2: 'cmd'
[2026-04-03 10:19:02Z INFO ScriptHandler] Location: 'C:\WINDOWS\system32\cmd.EXE'
[2026-04-03 10:19:02Z INFO ProcessInvokerWrapper] Starting process:
[2026-04-03 10:19:02Z INFO ProcessInvokerWrapper]   File name: 'C:\WINDOWS\system32\cmd.EXE'
[2026-04-03 10:19:02Z INFO ProcessInvokerWrapper]   Arguments: '/D /E:ON /V:OFF /S /C "CALL "D:\코딩\mlops_sentiment_api\actions-runner\actions-runner\_work\_temp\9549120e-c0ba-4ea4-bf69-4dab853dc48f.cmd""'
[2026-04-03 10:19:02Z INFO ProcessInvokerWrapper]   Working directory: 'D:\코딩\mlops_sentiment_api\actions-runner\actions-runner\_work\opensource-hw2\opensource-hw2'
[2026-04-03 10:19:02Z INFO ProcessInvokerWrapper]   Require exit code zero: 'False'
[2026-04-03 10:19:02Z INFO ProcessInvokerWrapper]   Encoding web name:  ; code page: ''
[2026-04-03 10:19:02Z INFO ProcessInvokerWrapper]   Force kill process on cancellation: 'False'
[2026-04-03 10:19:02Z INFO ProcessInvokerWrapper]   Redirected STDIN: 'False'
[2026-04-03 10:19:02Z INFO ProcessInvokerWrapper]   Persist current code page: 'True'
[2026-04-03 10:19:02Z INFO ProcessInvokerWrapper]   Keep redirected STDIN open: 'False'
[2026-04-03 10:19:02Z INFO ProcessInvokerWrapper]   High priority process: 'False'
[2026-04-03 10:19:02Z INFO ProcessInvokerWrapper] Process started with process id 1600, waiting for process exit.
[2026-04-03 10:19:02Z INFO ProcessInvokerWrapper] STDOUT/STDERR stream read finished.
[2026-04-03 10:19:02Z INFO ProcessInvokerWrapper] STDOUT/STDERR stream read finished.
[2026-04-03 10:19:02Z INFO ProcessInvokerWrapper] Finished process 1600 with exit code 0, and elapsed time 00:00:00.0545039.
[2026-04-03 10:19:02Z INFO CreateStepSummaryCommand] Step Summary file (D:\코딩\mlops_sentiment_api\actions-runner\actions-runner\_work\_temp\_runner_file_commands\step_summary_004146af-6641-4088-9c18-86fea8ec8fdd) is empty; skipping attachment upload
[2026-04-03 10:19:02Z INFO StepsRunner] Step result: 
[2026-04-03 10:19:02Z INFO ExecutionContext] Publish step telemetry for current step {
  "action": "cmd",
  "type": "run",
  "stage": "Main",
  "stepId": "ed75ff7d-bf78-48ac-b9ff-d1bdd3021e2a",
  "stepContextName": "__run_4",
  "result": "succeeded",
  "errorMessages": [],
  "executionTimeInSeconds": 1,
  "startTime": "2026-04-03T10:19:02.6595411Z",
  "finishTime": "2026-04-03T10:19:02.7245564Z"
}.
[2026-04-03 10:19:02Z INFO StepsRunner] No need for updating job result with current step result 'Succeeded'.
[2026-04-03 10:19:02Z INFO StepsRunner] Current state: job state = ''
[2026-04-03 10:19:02Z INFO StepsRunner] Processing step: DisplayName='Run new container'
[2026-04-03 10:19:02Z INFO StepsRunner] Evaluating: success()
[2026-04-03 10:19:02Z INFO StepsRunner] Result: true
[2026-04-03 10:19:02Z INFO StepsRunner] Starting the step.
[2026-04-03 10:19:02Z INFO HostContext] Well known directory 'Bin': 'D:\코딩\mlops_sentiment_api\actions-runner\actions-runner\bin'
[2026-04-03 10:19:02Z INFO HostContext] Well known directory 'Root': 'D:\코딩\mlops_sentiment_api\actions-runner\actions-runner'
[2026-04-03 10:19:02Z INFO HostContext] Well known directory 'Work': 'D:\코딩\mlops_sentiment_api\actions-runner\actions-runner\_work'
[2026-04-03 10:19:02Z INFO StepsRunner] Which2: 'chcp'
[2026-04-03 10:19:02Z INFO StepsRunner] Location: 'C:\WINDOWS\system32\chcp.COM'
[2026-04-03 10:19:02Z INFO ProcessInvokerWrapper] Starting process:
[2026-04-03 10:19:02Z INFO ProcessInvokerWrapper]   File name: 'C:\WINDOWS\system32\chcp.COM'
[2026-04-03 10:19:02Z INFO ProcessInvokerWrapper]   Arguments: '65001'
[2026-04-03 10:19:02Z INFO ProcessInvokerWrapper]   Working directory: 'D:\코딩\mlops_sentiment_api\actions-runner\actions-runner\_work'
[2026-04-03 10:19:02Z INFO ProcessInvokerWrapper]   Require exit code zero: 'False'
[2026-04-03 10:19:02Z INFO ProcessInvokerWrapper]   Encoding web name:  ; code page: ''
[2026-04-03 10:19:02Z INFO ProcessInvokerWrapper]   Force kill process on cancellation: 'False'
[2026-04-03 10:19:02Z INFO ProcessInvokerWrapper]   Redirected STDIN: 'False'
[2026-04-03 10:19:02Z INFO ProcessInvokerWrapper]   Persist current code page: 'True'
[2026-04-03 10:19:02Z INFO ProcessInvokerWrapper]   Keep redirected STDIN open: 'False'
[2026-04-03 10:19:02Z INFO ProcessInvokerWrapper]   High priority process: 'False'
[2026-04-03 10:19:02Z INFO ProcessInvokerWrapper] Process started with process id 24428, waiting for process exit.
[2026-04-03 10:19:02Z INFO ProcessInvokerWrapper] STDOUT/STDERR stream read finished.
[2026-04-03 10:19:02Z INFO ProcessInvokerWrapper] STDOUT/STDERR stream read finished.
[2026-04-03 10:19:02Z INFO ProcessInvokerWrapper] Finished process 24428 with exit code 0, and elapsed time 00:00:00.0058207.
[2026-04-03 10:19:02Z INFO StepsRunner] Successfully returned to code page 65001 (UTF8)
[2026-04-03 10:19:02Z INFO HostContext] Well known directory 'Bin': 'D:\코딩\mlops_sentiment_api\actions-runner\actions-runner\bin'
[2026-04-03 10:19:02Z INFO HostContext] Well known directory 'Root': 'D:\코딩\mlops_sentiment_api\actions-runner\actions-runner'
[2026-04-03 10:19:02Z INFO HostContext] Well known directory 'Work': 'D:\코딩\mlops_sentiment_api\actions-runner\actions-runner\_work'
[2026-04-03 10:19:02Z INFO HostContext] Well known directory 'Temp': 'D:\코딩\mlops_sentiment_api\actions-runner\actions-runner\_work\_temp'
[2026-04-03 10:19:02Z INFO ExecutionContext] Write event payload to D:\코딩\mlops_sentiment_api\actions-runner\actions-runner\_work\_temp\_github_workflow\event.json
[2026-04-03 10:19:02Z INFO HostContext] Well known directory 'Bin': 'D:\코딩\mlops_sentiment_api\actions-runner\actions-runner\bin'
[2026-04-03 10:19:02Z INFO HostContext] Well known directory 'Root': 'D:\코딩\mlops_sentiment_api\actions-runner\actions-runner'
[2026-04-03 10:19:02Z INFO HostContext] Well known directory 'Work': 'D:\코딩\mlops_sentiment_api\actions-runner\actions-runner\_work'
[2026-04-03 10:19:02Z INFO HostContext] Well known directory 'Temp': 'D:\코딩\mlops_sentiment_api\actions-runner\actions-runner\_work\_temp'
[2026-04-03 10:19:02Z INFO ExtensionManager] Getting extensions for interface: 'GitHub.Runner.Worker.IFileCommandExtension'
[2026-04-03 10:19:02Z INFO ExtensionManager] Getting extensions for interface: 'GitHub.Runner.Worker.IActionCommandExtension'
[2026-04-03 10:19:02Z INFO ActionCommandManager] Register action command extension for command internal-set-repo-path
[2026-04-03 10:19:02Z INFO ActionCommandManager] Register action command extension for command set-env
[2026-04-03 10:19:02Z INFO ActionCommandManager] Register action command extension for command set-output
[2026-04-03 10:19:02Z INFO ActionCommandManager] Register action command extension for command save-state
[2026-04-03 10:19:02Z INFO ActionCommandManager] Register action command extension for command add-path
[2026-04-03 10:19:02Z INFO ActionCommandManager] Register action command extension for command add-mask
[2026-04-03 10:19:02Z INFO ActionCommandManager] Register action command extension for command add-matcher
[2026-04-03 10:19:02Z INFO ActionCommandManager] Register action command extension for command remove-matcher
[2026-04-03 10:19:02Z INFO ActionCommandManager] Register action command extension for command warning
[2026-04-03 10:19:02Z INFO ActionCommandManager] Register action command extension for command error
[2026-04-03 10:19:02Z INFO ActionCommandManager] Register action command extension for command notice
[2026-04-03 10:19:02Z INFO ActionCommandManager] Register action command extension for command debug
[2026-04-03 10:19:02Z INFO ActionCommandManager] Register action command extension for command group
[2026-04-03 10:19:02Z INFO ActionCommandManager] Register action command extension for command endgroup
[2026-04-03 10:19:02Z INFO ActionCommandManager] Register action command extension for command echo
[2026-04-03 10:19:02Z INFO ScriptHandler] Which2: 'cmd'
[2026-04-03 10:19:02Z INFO ScriptHandler] Location: 'C:\WINDOWS\system32\cmd.EXE'
[2026-04-03 10:19:02Z INFO HostContext] Well known directory 'Bin': 'D:\코딩\mlops_sentiment_api\actions-runner\actions-runner\bin'
[2026-04-03 10:19:02Z INFO HostContext] Well known directory 'Root': 'D:\코딩\mlops_sentiment_api\actions-runner\actions-runner'
[2026-04-03 10:19:02Z INFO HostContext] Well known directory 'Work': 'D:\코딩\mlops_sentiment_api\actions-runner\actions-runner\_work'
[2026-04-03 10:19:02Z INFO HostContext] Well known directory 'Temp': 'D:\코딩\mlops_sentiment_api\actions-runner\actions-runner\_work\_temp'
[2026-04-03 10:19:02Z INFO ScriptHandler] Which2: 'cmd'
[2026-04-03 10:19:02Z INFO ScriptHandler] Location: 'C:\WINDOWS\system32\cmd.EXE'
[2026-04-03 10:19:02Z INFO ProcessInvokerWrapper] Starting process:
[2026-04-03 10:19:02Z INFO ProcessInvokerWrapper]   File name: 'C:\WINDOWS\system32\cmd.EXE'
[2026-04-03 10:19:02Z INFO ProcessInvokerWrapper]   Arguments: '/D /E:ON /V:OFF /S /C "CALL "D:\코딩\mlops_sentiment_api\actions-runner\actions-runner\_work\_temp\cf1bf600-f49c-4f4f-8915-bf10967f7863.cmd""'
[2026-04-03 10:19:02Z INFO ProcessInvokerWrapper]   Working directory: 'D:\코딩\mlops_sentiment_api\actions-runner\actions-runner\_work\opensource-hw2\opensource-hw2'
[2026-04-03 10:19:02Z INFO ProcessInvokerWrapper]   Require exit code zero: 'False'
[2026-04-03 10:19:02Z INFO ProcessInvokerWrapper]   Encoding web name:  ; code page: ''
[2026-04-03 10:19:02Z INFO ProcessInvokerWrapper]   Force kill process on cancellation: 'False'
[2026-04-03 10:19:02Z INFO ProcessInvokerWrapper]   Redirected STDIN: 'False'
[2026-04-03 10:19:02Z INFO ProcessInvokerWrapper]   Persist current code page: 'True'
[2026-04-03 10:19:02Z INFO ProcessInvokerWrapper]   Keep redirected STDIN open: 'False'
[2026-04-03 10:19:02Z INFO ProcessInvokerWrapper]   High priority process: 'False'
[2026-04-03 10:19:02Z INFO ProcessInvokerWrapper] Process started with process id 28084, waiting for process exit.
[2026-04-03 10:19:02Z INFO JobServerQueue] Try to append 1 batches web console lines for record '02891168-fb51-45d9-a3de-d8ed053532e2', success rate: 1/1.
[2026-04-03 10:19:02Z INFO JobServerQueue] Try to append 1 batches web console lines for record 'ed75ff7d-bf78-48ac-b9ff-d1bdd3021e2a', success rate: 1/1.
[2026-04-03 10:19:02Z INFO JobServerQueue] Try to append 1 batches web console lines for record 'f7a39b4c-e94e-4a32-ab65-211316401b63', success rate: 1/1.
[2026-04-03 10:19:02Z INFO JobServerQueue] Tried to upload 1 file(s) to results, success rate: 1/1.
[2026-04-03 10:19:02Z INFO ProcessInvokerWrapper] STDOUT/STDERR stream read finished.
[2026-04-03 10:19:02Z INFO ProcessInvokerWrapper] STDOUT/STDERR stream read finished.
[2026-04-03 10:19:02Z INFO ProcessInvokerWrapper] Finished process 28084 with exit code 0, and elapsed time 00:00:00.2180863.
[2026-04-03 10:19:02Z INFO CreateStepSummaryCommand] Step Summary file (D:\코딩\mlops_sentiment_api\actions-runner\actions-runner\_work\_temp\_runner_file_commands\step_summary_224cee45-6a0e-4b42-8852-8d1a5acfd08d) is empty; skipping attachment upload
[2026-04-03 10:19:02Z INFO StepsRunner] Step result: 
[2026-04-03 10:19:02Z INFO ExecutionContext] Publish step telemetry for current step {
  "action": "cmd",
  "type": "run",
  "stage": "Main",
  "stepId": "f7a39b4c-e94e-4a32-ab65-211316401b63",
  "stepContextName": "__run_5",
  "result": "succeeded",
  "errorMessages": [],
  "executionTimeInSeconds": 1,
  "startTime": "2026-04-03T10:19:02.7249628Z",
  "finishTime": "2026-04-03T10:19:02.9543484Z"
}.
[2026-04-03 10:19:02Z INFO StepsRunner] No need for updating job result with current step result 'Succeeded'.
[2026-04-03 10:19:02Z INFO StepsRunner] Current state: job state = ''
[2026-04-03 10:19:02Z INFO StepsRunner] Processing step: DisplayName='Verify deployment'
[2026-04-03 10:19:02Z INFO StepsRunner] Evaluating: success()
[2026-04-03 10:19:02Z INFO StepsRunner] Result: true
[2026-04-03 10:19:02Z INFO StepsRunner] Starting the step.
[2026-04-03 10:19:02Z INFO HostContext] Well known directory 'Bin': 'D:\코딩\mlops_sentiment_api\actions-runner\actions-runner\bin'
[2026-04-03 10:19:02Z INFO HostContext] Well known directory 'Root': 'D:\코딩\mlops_sentiment_api\actions-runner\actions-runner'
[2026-04-03 10:19:02Z INFO HostContext] Well known directory 'Work': 'D:\코딩\mlops_sentiment_api\actions-runner\actions-runner\_work'
[2026-04-03 10:19:02Z INFO StepsRunner] Which2: 'chcp'
[2026-04-03 10:19:02Z INFO StepsRunner] Location: 'C:\WINDOWS\system32\chcp.COM'
[2026-04-03 10:19:02Z INFO ProcessInvokerWrapper] Starting process:
[2026-04-03 10:19:02Z INFO ProcessInvokerWrapper]   File name: 'C:\WINDOWS\system32\chcp.COM'
[2026-04-03 10:19:02Z INFO ProcessInvokerWrapper]   Arguments: '65001'
[2026-04-03 10:19:02Z INFO ProcessInvokerWrapper]   Working directory: 'D:\코딩\mlops_sentiment_api\actions-runner\actions-runner\_work'
[2026-04-03 10:19:02Z INFO ProcessInvokerWrapper]   Require exit code zero: 'False'
[2026-04-03 10:19:02Z INFO ProcessInvokerWrapper]   Encoding web name:  ; code page: ''
[2026-04-03 10:19:02Z INFO ProcessInvokerWrapper]   Force kill process on cancellation: 'False'
[2026-04-03 10:19:02Z INFO ProcessInvokerWrapper]   Redirected STDIN: 'False'
[2026-04-03 10:19:02Z INFO ProcessInvokerWrapper]   Persist current code page: 'True'
[2026-04-03 10:19:02Z INFO ProcessInvokerWrapper]   Keep redirected STDIN open: 'False'
[2026-04-03 10:19:02Z INFO ProcessInvokerWrapper]   High priority process: 'False'
[2026-04-03 10:19:02Z INFO ProcessInvokerWrapper] Process started with process id 23780, waiting for process exit.
[2026-04-03 10:19:02Z INFO ProcessInvokerWrapper] STDOUT/STDERR stream read finished.
[2026-04-03 10:19:02Z INFO ProcessInvokerWrapper] STDOUT/STDERR stream read finished.
[2026-04-03 10:19:02Z INFO ProcessInvokerWrapper] Finished process 23780 with exit code 0, and elapsed time 00:00:00.0071946.
[2026-04-03 10:19:02Z INFO StepsRunner] Successfully returned to code page 65001 (UTF8)
[2026-04-03 10:19:02Z INFO HostContext] Well known directory 'Bin': 'D:\코딩\mlops_sentiment_api\actions-runner\actions-runner\bin'
[2026-04-03 10:19:02Z INFO HostContext] Well known directory 'Root': 'D:\코딩\mlops_sentiment_api\actions-runner\actions-runner'
[2026-04-03 10:19:02Z INFO HostContext] Well known directory 'Work': 'D:\코딩\mlops_sentiment_api\actions-runner\actions-runner\_work'
[2026-04-03 10:19:02Z INFO HostContext] Well known directory 'Temp': 'D:\코딩\mlops_sentiment_api\actions-runner\actions-runner\_work\_temp'
[2026-04-03 10:19:02Z INFO ExecutionContext] Write event payload to D:\코딩\mlops_sentiment_api\actions-runner\actions-runner\_work\_temp\_github_workflow\event.json
[2026-04-03 10:19:02Z INFO HostContext] Well known directory 'Bin': 'D:\코딩\mlops_sentiment_api\actions-runner\actions-runner\bin'
[2026-04-03 10:19:02Z INFO HostContext] Well known directory 'Root': 'D:\코딩\mlops_sentiment_api\actions-runner\actions-runner'
[2026-04-03 10:19:02Z INFO HostContext] Well known directory 'Work': 'D:\코딩\mlops_sentiment_api\actions-runner\actions-runner\_work'
[2026-04-03 10:19:02Z INFO HostContext] Well known directory 'Temp': 'D:\코딩\mlops_sentiment_api\actions-runner\actions-runner\_work\_temp'
[2026-04-03 10:19:02Z INFO ExtensionManager] Getting extensions for interface: 'GitHub.Runner.Worker.IFileCommandExtension'
[2026-04-03 10:19:02Z INFO ExtensionManager] Getting extensions for interface: 'GitHub.Runner.Worker.IActionCommandExtension'
[2026-04-03 10:19:02Z INFO ActionCommandManager] Register action command extension for command internal-set-repo-path
[2026-04-03 10:19:02Z INFO ActionCommandManager] Register action command extension for command set-env
[2026-04-03 10:19:02Z INFO ActionCommandManager] Register action command extension for command set-output
[2026-04-03 10:19:02Z INFO ActionCommandManager] Register action command extension for command save-state
[2026-04-03 10:19:02Z INFO ActionCommandManager] Register action command extension for command add-path
[2026-04-03 10:19:02Z INFO ActionCommandManager] Register action command extension for command add-mask
[2026-04-03 10:19:02Z INFO ActionCommandManager] Register action command extension for command add-matcher
[2026-04-03 10:19:02Z INFO ActionCommandManager] Register action command extension for command remove-matcher
[2026-04-03 10:19:02Z INFO ActionCommandManager] Register action command extension for command warning
[2026-04-03 10:19:02Z INFO ActionCommandManager] Register action command extension for command error
[2026-04-03 10:19:02Z INFO ActionCommandManager] Register action command extension for command notice
[2026-04-03 10:19:02Z INFO ActionCommandManager] Register action command extension for command debug
[2026-04-03 10:19:02Z INFO ActionCommandManager] Register action command extension for command group
[2026-04-03 10:19:02Z INFO ActionCommandManager] Register action command extension for command endgroup
[2026-04-03 10:19:02Z INFO ActionCommandManager] Register action command extension for command echo
[2026-04-03 10:19:02Z INFO ScriptHandler] Which2: 'cmd'
[2026-04-03 10:19:02Z INFO ScriptHandler] Location: 'C:\WINDOWS\system32\cmd.EXE'
[2026-04-03 10:19:02Z INFO HostContext] Well known directory 'Bin': 'D:\코딩\mlops_sentiment_api\actions-runner\actions-runner\bin'
[2026-04-03 10:19:02Z INFO HostContext] Well known directory 'Root': 'D:\코딩\mlops_sentiment_api\actions-runner\actions-runner'
[2026-04-03 10:19:02Z INFO HostContext] Well known directory 'Work': 'D:\코딩\mlops_sentiment_api\actions-runner\actions-runner\_work'
[2026-04-03 10:19:02Z INFO HostContext] Well known directory 'Temp': 'D:\코딩\mlops_sentiment_api\actions-runner\actions-runner\_work\_temp'
[2026-04-03 10:19:02Z INFO ScriptHandler] Which2: 'cmd'
[2026-04-03 10:19:02Z INFO ScriptHandler] Location: 'C:\WINDOWS\system32\cmd.EXE'
[2026-04-03 10:19:02Z INFO ProcessInvokerWrapper] Starting process:
[2026-04-03 10:19:02Z INFO ProcessInvokerWrapper]   File name: 'C:\WINDOWS\system32\cmd.EXE'
[2026-04-03 10:19:02Z INFO ProcessInvokerWrapper]   Arguments: '/D /E:ON /V:OFF /S /C "CALL "D:\코딩\mlops_sentiment_api\actions-runner\actions-runner\_work\_temp\6970a79d-4922-4fad-8baf-0532867d81d7.cmd""'
[2026-04-03 10:19:02Z INFO ProcessInvokerWrapper]   Working directory: 'D:\코딩\mlops_sentiment_api\actions-runner\actions-runner\_work\opensource-hw2\opensource-hw2'
[2026-04-03 10:19:02Z INFO ProcessInvokerWrapper]   Require exit code zero: 'False'
[2026-04-03 10:19:02Z INFO ProcessInvokerWrapper]   Encoding web name:  ; code page: ''
[2026-04-03 10:19:02Z INFO ProcessInvokerWrapper]   Force kill process on cancellation: 'False'
[2026-04-03 10:19:02Z INFO ProcessInvokerWrapper]   Redirected STDIN: 'False'
[2026-04-03 10:19:02Z INFO ProcessInvokerWrapper]   Persist current code page: 'True'
[2026-04-03 10:19:02Z INFO ProcessInvokerWrapper]   Keep redirected STDIN open: 'False'
[2026-04-03 10:19:02Z INFO ProcessInvokerWrapper]   High priority process: 'False'
[2026-04-03 10:19:02Z INFO ProcessInvokerWrapper] Process started with process id 30628, waiting for process exit.
[2026-04-03 10:19:03Z INFO JobServerQueue] Try to append 1 batches web console lines for record 'f7a39b4c-e94e-4a32-ab65-211316401b63', success rate: 1/1.
[2026-04-03 10:19:03Z INFO JobServerQueue] Try to append 1 batches web console lines for record '038be218-48b8-4187-ad30-39f19ed14b88', success rate: 1/1.
[2026-04-03 10:19:03Z INFO ProcessInvokerWrapper] STDOUT/STDERR stream read finished.
[2026-04-03 10:19:03Z INFO ProcessInvokerWrapper] STDOUT/STDERR stream read finished.
[2026-04-03 10:19:03Z INFO ProcessInvokerWrapper] Finished process 30628 with exit code 0, and elapsed time 00:00:00.0589955.
[2026-04-03 10:19:03Z INFO CreateStepSummaryCommand] Step Summary file (D:\코딩\mlops_sentiment_api\actions-runner\actions-runner\_work\_temp\_runner_file_commands\step_summary_2a013b6b-65cf-4080-819b-3becd4a8f52d) is empty; skipping attachment upload
[2026-04-03 10:19:03Z INFO StepsRunner] Step result: 
[2026-04-03 10:19:03Z INFO ExecutionContext] Publish step telemetry for current step {
  "action": "cmd",
  "type": "run",
  "stage": "Main",
  "stepId": "038be218-48b8-4187-ad30-39f19ed14b88",
  "stepContextName": "__run_6",
  "result": "succeeded",
  "errorMessages": [],
  "executionTimeInSeconds": 1,
  "startTime": "2026-04-03T10:19:02.9548432Z",
  "finishTime": "2026-04-03T10:19:03.0277832Z"
}.
[2026-04-03 10:19:03Z INFO StepsRunner] No need for updating job result with current step result 'Succeeded'.
[2026-04-03 10:19:03Z INFO StepsRunner] Current state: job state = ''
[2026-04-03 10:19:03Z INFO StepsRunner] Processing step: DisplayName='Post Log in to Docker Hub'
[2026-04-03 10:19:03Z INFO StepsRunner] Evaluating: always()
[2026-04-03 10:19:03Z INFO StepsRunner] Result: true
[2026-04-03 10:19:03Z INFO StepsRunner] Starting the step.
[2026-04-03 10:19:03Z INFO HostContext] Well known directory 'Bin': 'D:\코딩\mlops_sentiment_api\actions-runner\actions-runner\bin'
[2026-04-03 10:19:03Z INFO HostContext] Well known directory 'Root': 'D:\코딩\mlops_sentiment_api\actions-runner\actions-runner'
[2026-04-03 10:19:03Z INFO HostContext] Well known directory 'Work': 'D:\코딩\mlops_sentiment_api\actions-runner\actions-runner\_work'
[2026-04-03 10:19:03Z INFO StepsRunner] Which2: 'chcp'
[2026-04-03 10:19:03Z INFO StepsRunner] Location: 'C:\WINDOWS\system32\chcp.COM'
[2026-04-03 10:19:03Z INFO ProcessInvokerWrapper] Starting process:
[2026-04-03 10:19:03Z INFO ProcessInvokerWrapper]   File name: 'C:\WINDOWS\system32\chcp.COM'
[2026-04-03 10:19:03Z INFO ProcessInvokerWrapper]   Arguments: '65001'
[2026-04-03 10:19:03Z INFO ProcessInvokerWrapper]   Working directory: 'D:\코딩\mlops_sentiment_api\actions-runner\actions-runner\_work'
[2026-04-03 10:19:03Z INFO ProcessInvokerWrapper]   Require exit code zero: 'False'
[2026-04-03 10:19:03Z INFO ProcessInvokerWrapper]   Encoding web name:  ; code page: ''
[2026-04-03 10:19:03Z INFO ProcessInvokerWrapper]   Force kill process on cancellation: 'False'
[2026-04-03 10:19:03Z INFO ProcessInvokerWrapper]   Redirected STDIN: 'False'
[2026-04-03 10:19:03Z INFO ProcessInvokerWrapper]   Persist current code page: 'True'
[2026-04-03 10:19:03Z INFO ProcessInvokerWrapper]   Keep redirected STDIN open: 'False'
[2026-04-03 10:19:03Z INFO ProcessInvokerWrapper]   High priority process: 'False'
[2026-04-03 10:19:03Z INFO ProcessInvokerWrapper] Process started with process id 4144, waiting for process exit.
[2026-04-03 10:19:03Z INFO ProcessInvokerWrapper] STDOUT/STDERR stream read finished.
[2026-04-03 10:19:03Z INFO ProcessInvokerWrapper] STDOUT/STDERR stream read finished.
[2026-04-03 10:19:03Z INFO ProcessInvokerWrapper] Finished process 4144 with exit code 0, and elapsed time 00:00:00.0072552.
[2026-04-03 10:19:03Z INFO StepsRunner] Successfully returned to code page 65001 (UTF8)
[2026-04-03 10:19:03Z INFO HostContext] Well known directory 'Bin': 'D:\코딩\mlops_sentiment_api\actions-runner\actions-runner\bin'
[2026-04-03 10:19:03Z INFO HostContext] Well known directory 'Root': 'D:\코딩\mlops_sentiment_api\actions-runner\actions-runner'
[2026-04-03 10:19:03Z INFO HostContext] Well known directory 'Work': 'D:\코딩\mlops_sentiment_api\actions-runner\actions-runner\_work'
[2026-04-03 10:19:03Z INFO HostContext] Well known directory 'Actions': 'D:\코딩\mlops_sentiment_api\actions-runner\actions-runner\_work\_actions'
[2026-04-03 10:19:03Z INFO ActionManager] Load action that reference repository from 'D:\코딩\mlops_sentiment_api\actions-runner\actions-runner\_work\_actions\docker\login-action\v3'
[2026-04-03 10:19:03Z INFO HostContext] Well known directory 'Bin': 'D:\코딩\mlops_sentiment_api\actions-runner\actions-runner\bin'
[2026-04-03 10:19:03Z INFO HostContext] Well known directory 'Root': 'D:\코딩\mlops_sentiment_api\actions-runner\actions-runner'
[2026-04-03 10:19:03Z INFO HostContext] Well known directory 'Work': 'D:\코딩\mlops_sentiment_api\actions-runner\actions-runner\_work'
[2026-04-03 10:19:03Z INFO HostContext] Well known directory 'Actions': 'D:\코딩\mlops_sentiment_api\actions-runner\actions-runner\_work\_actions'
[2026-04-03 10:19:03Z INFO ActionManifestManagerLegacy] Ignore action property author.
[2026-04-03 10:19:03Z INFO ActionManifestManagerLegacy] Ignore action property branding.
[2026-04-03 10:19:03Z INFO ActionManifestManagerLegacy] Loaded action.yml file: {
  "name": "Docker Login",
  "description": "GitHub Action to login against a Docker registry",
  "inputs": {
    "type": 2,
    "map": [
      {
        "key": {
          "type": 0,
          "file": 2,
          "line": 10,
          "col": 3,
          "lit": "registry"
        },
        "value": ""
      },
      {
        "key": {
          "type": 0,
          "file": 2,
          "line": 13,
          "col": 3,
          "lit": "username"
        },
        "value": ""
      },
      {
        "key": {
          "type": 0,
          "file": 2,
          "line": 16,
          "col": 3,
          "lit": "password"
        },
        "value": ""
      },
      {
        "key": {
          "type": 0,
          "file": 2,
          "line": 19,
          "col": 3,
          "lit": "ecr"
        },
        "value": ""
      },
      {
        "key": {
          "type": 0,
          "file": 2,
          "line": 22,
          "col": 3,
          "lit": "scope"
        },
        "value": ""
      },
      {
        "key": {
          "type": 0,
          "file": 2,
          "line": 25,
          "col": 3,
          "lit": "logout"
        },
        "value": {
          "type": 0,
          "file": 2,
          "line": 27,
          "col": 14,
          "lit": "true"
        }
      },
      {
        "key": {
          "type": 0,
          "file": 2,
          "line": 29,
          "col": 3,
          "lit": "registry-auth"
        },
        "value": ""
      }
    ]
  },
  "execution": {
    "executionType": "nodeJS",
    "hasPre": false,
    "hasPost": true,
    "script": "dist/index.js",
    "pre": null,
    "post": "dist/index.js",
    "nodeVersion": "node20",
    "cleanupCondition": "always()",
    "initCondition": "always()"
  },
  "deprecated": null
}
[2026-04-03 10:19:03Z INFO ActionManager] Action pre node.js file: N/A.
[2026-04-03 10:19:03Z INFO ActionManager] Action node.js file: dist/index.js.
[2026-04-03 10:19:03Z INFO ActionManager] Action post node.js file: dist/index.js.
[2026-04-03 10:19:03Z INFO HostContext] Well known directory 'Bin': 'D:\코딩\mlops_sentiment_api\actions-runner\actions-runner\bin'
[2026-04-03 10:19:03Z INFO HostContext] Well known directory 'Root': 'D:\코딩\mlops_sentiment_api\actions-runner\actions-runner'
[2026-04-03 10:19:03Z INFO HostContext] Well known directory 'Work': 'D:\코딩\mlops_sentiment_api\actions-runner\actions-runner\_work'
[2026-04-03 10:19:03Z INFO HostContext] Well known directory 'Temp': 'D:\코딩\mlops_sentiment_api\actions-runner\actions-runner\_work\_temp'
[2026-04-03 10:19:03Z INFO ExecutionContext] Write event payload to D:\코딩\mlops_sentiment_api\actions-runner\actions-runner\_work\_temp\_github_workflow\event.json
[2026-04-03 10:19:03Z INFO HostContext] Well known directory 'Bin': 'D:\코딩\mlops_sentiment_api\actions-runner\actions-runner\bin'
[2026-04-03 10:19:03Z INFO HostContext] Well known directory 'Root': 'D:\코딩\mlops_sentiment_api\actions-runner\actions-runner'
[2026-04-03 10:19:03Z INFO HostContext] Well known directory 'Work': 'D:\코딩\mlops_sentiment_api\actions-runner\actions-runner\_work'
[2026-04-03 10:19:03Z INFO HostContext] Well known directory 'Temp': 'D:\코딩\mlops_sentiment_api\actions-runner\actions-runner\_work\_temp'
[2026-04-03 10:19:03Z INFO ExtensionManager] Getting extensions for interface: 'GitHub.Runner.Worker.IFileCommandExtension'
[2026-04-03 10:19:03Z INFO ActionManifestManagerLegacy] Input 'registry': default value evaluate result: ""
[2026-04-03 10:19:03Z INFO ActionManifestManagerLegacy] Input 'ecr': default value evaluate result: ""
[2026-04-03 10:19:03Z INFO ActionManifestManagerLegacy] Input 'scope': default value evaluate result: ""
[2026-04-03 10:19:03Z INFO ActionManifestManagerLegacy] Input 'logout': default value evaluate result: {
  "type": 0,
  "file": 2,
  "line": 27,
  "col": 14,
  "lit": "true"
}
[2026-04-03 10:19:03Z INFO ActionManifestManagerLegacy] Input 'registry-auth': default value evaluate result: ""
[2026-04-03 10:19:03Z INFO ExtensionManager] Getting extensions for interface: 'GitHub.Runner.Worker.IActionCommandExtension'
[2026-04-03 10:19:03Z INFO ActionCommandManager] Register action command extension for command internal-set-repo-path
[2026-04-03 10:19:03Z INFO ActionCommandManager] Register action command extension for command set-env
[2026-04-03 10:19:03Z INFO ActionCommandManager] Register action command extension for command set-output
[2026-04-03 10:19:03Z INFO ActionCommandManager] Register action command extension for command save-state
[2026-04-03 10:19:03Z INFO ActionCommandManager] Register action command extension for command add-path
[2026-04-03 10:19:03Z INFO ActionCommandManager] Register action command extension for command add-mask
[2026-04-03 10:19:03Z INFO ActionCommandManager] Register action command extension for command add-matcher
[2026-04-03 10:19:03Z INFO ActionCommandManager] Register action command extension for command remove-matcher
[2026-04-03 10:19:03Z INFO ActionCommandManager] Register action command extension for command warning
[2026-04-03 10:19:03Z INFO ActionCommandManager] Register action command extension for command error
[2026-04-03 10:19:03Z INFO ActionCommandManager] Register action command extension for command notice
[2026-04-03 10:19:03Z INFO ActionCommandManager] Register action command extension for command debug
[2026-04-03 10:19:03Z INFO ActionCommandManager] Register action command extension for command group
[2026-04-03 10:19:03Z INFO ActionCommandManager] Register action command extension for command endgroup
[2026-04-03 10:19:03Z INFO ActionCommandManager] Register action command extension for command echo
[2026-04-03 10:19:03Z INFO HostContext] Well known directory 'Bin': 'D:\코딩\mlops_sentiment_api\actions-runner\actions-runner\bin'
[2026-04-03 10:19:03Z INFO HostContext] Well known directory 'Root': 'D:\코딩\mlops_sentiment_api\actions-runner\actions-runner'
[2026-04-03 10:19:03Z INFO HostContext] Well known directory 'Externals': 'D:\코딩\mlops_sentiment_api\actions-runner\actions-runner\externals'
[2026-04-03 10:19:03Z INFO ProcessInvokerWrapper] Starting process:
[2026-04-03 10:19:03Z INFO ProcessInvokerWrapper]   File name: 'D:\코딩\mlops_sentiment_api\actions-runner\actions-runner\externals\node24\bin\node.exe'
[2026-04-03 10:19:03Z INFO ProcessInvokerWrapper]   Arguments: '"D:\코딩\mlops_sentiment_api\actions-runner\actions-runner\_work\_actions\docker\login-action\v3\dist/index.js"'
[2026-04-03 10:19:03Z INFO ProcessInvokerWrapper]   Working directory: 'D:\코딩\mlops_sentiment_api\actions-runner\actions-runner\_work\opensource-hw2\opensource-hw2'
[2026-04-03 10:19:03Z INFO ProcessInvokerWrapper]   Require exit code zero: 'False'
[2026-04-03 10:19:03Z INFO ProcessInvokerWrapper]   Encoding web name: utf-8 ; code page: '65001'
[2026-04-03 10:19:03Z INFO ProcessInvokerWrapper]   Force kill process on cancellation: 'False'
[2026-04-03 10:19:03Z INFO ProcessInvokerWrapper]   Redirected STDIN: 'False'
[2026-04-03 10:19:03Z INFO ProcessInvokerWrapper]   Persist current code page: 'True'
[2026-04-03 10:19:03Z INFO ProcessInvokerWrapper]   Keep redirected STDIN open: 'False'
[2026-04-03 10:19:03Z INFO ProcessInvokerWrapper]   High priority process: 'False'
[2026-04-03 10:19:03Z INFO ProcessInvokerWrapper] Process started with process id 27000, waiting for process exit.
[2026-04-03 10:19:03Z INFO JobServerQueue] Try to append 1 batches web console lines for record '038be218-48b8-4187-ad30-39f19ed14b88', success rate: 1/1.
[2026-04-03 10:19:03Z INFO JobServerQueue] Try to append 1 batches web console lines for record '31a4500a-9fa0-43ad-a575-7cd25bf1b190', success rate: 1/1.
[2026-04-03 10:19:03Z INFO JobServerQueue] Try to upload 4 log files or attachments, success rate: 4/4.
[2026-04-03 10:19:03Z INFO JobServerQueue] Try to append 1 batches web console lines for record '31a4500a-9fa0-43ad-a575-7cd25bf1b190', success rate: 1/1.
[2026-04-03 10:19:03Z INFO JobServerQueue] Got a step log file to send to results service.
[2026-04-03 10:19:03Z INFO JobServerQueue] Starting upload of step log file to results service ResultsLog, D:\코딩\mlops_sentiment_api\actions-runner\actions-runner\_diag\blocks\60f42ac7-0a98-4dc0-aac3-34bb750008f6_02891168-fb51-45d9-a3de-d8ed053532e2.1
[2026-04-03 10:19:04Z INFO HostContext] Well known directory 'Bin': 'D:\코딩\mlops_sentiment_api\actions-runner\actions-runner\bin'
[2026-04-03 10:19:04Z INFO HostContext] Well known directory 'Root': 'D:\코딩\mlops_sentiment_api\actions-runner\actions-runner'
[2026-04-03 10:19:04Z INFO HostContext] Well known directory 'Work': 'D:\코딩\mlops_sentiment_api\actions-runner\actions-runner\_work'
[2026-04-03 10:19:04Z INFO JobServerQueue] Got a step log file to send to results service.
[2026-04-03 10:19:04Z INFO JobServerQueue] Starting upload of step log file to results service ResultsLog, D:\코딩\mlops_sentiment_api\actions-runner\actions-runner\_diag\blocks\60f42ac7-0a98-4dc0-aac3-34bb750008f6_ed75ff7d-bf78-48ac-b9ff-d1bdd3021e2a.1
[2026-04-03 10:19:05Z INFO JobServerQueue] Got a step log file to send to results service.
[2026-04-03 10:19:05Z INFO JobServerQueue] Starting upload of step log file to results service ResultsLog, D:\코딩\mlops_sentiment_api\actions-runner\actions-runner\_diag\blocks\60f42ac7-0a98-4dc0-aac3-34bb750008f6_f7a39b4c-e94e-4a32-ab65-211316401b63.1
[2026-04-03 10:19:05Z INFO JobServerQueue] Got a step log file to send to results service.
[2026-04-03 10:19:05Z INFO JobServerQueue] Starting upload of step log file to results service ResultsLog, D:\코딩\mlops_sentiment_api\actions-runner\actions-runner\_diag\blocks\60f42ac7-0a98-4dc0-aac3-34bb750008f6_038be218-48b8-4187-ad30-39f19ed14b88.1
[2026-04-03 10:19:06Z INFO JobServerQueue] Tried to upload 4 file(s) to results, success rate: 4/4.
[2026-04-03 10:19:07Z INFO ProcessInvokerWrapper] STDOUT/STDERR stream read finished.
[2026-04-03 10:19:07Z INFO ProcessInvokerWrapper] STDOUT/STDERR stream read finished.
[2026-04-03 10:19:07Z INFO JobServerQueue] Try to append 1 batches web console lines for record '31a4500a-9fa0-43ad-a575-7cd25bf1b190', success rate: 1/1.
[2026-04-03 10:19:07Z INFO ProcessInvokerWrapper] Finished process 27000 with exit code 0, and elapsed time 00:00:04.1413646.
[2026-04-03 10:19:07Z INFO CreateStepSummaryCommand] Step Summary file (D:\코딩\mlops_sentiment_api\actions-runner\actions-runner\_work\_temp\_runner_file_commands\step_summary_ff75c171-4fae-498c-a26c-56b6e59a3c1e) is empty; skipping attachment upload
[2026-04-03 10:19:07Z INFO StepsRunner] Step result: 
[2026-04-03 10:19:07Z INFO ExecutionContext] Publish step telemetry for current step {
  "action": "docker/login-action",
  "ref": "v3",
  "type": "node24",
  "stage": "Post",
  "stepId": "31a4500a-9fa0-43ad-a575-7cd25bf1b190",
  "result": "succeeded",
  "errorMessages": [],
  "executionTimeInSeconds": 5,
  "startTime": "2026-04-03T10:19:03.0287228Z",
  "finishTime": "2026-04-03T10:19:07.1875401Z"
}.
[2026-04-03 10:19:07Z INFO StepsRunner] No need for updating job result with current step result 'Succeeded'.
[2026-04-03 10:19:07Z INFO StepsRunner] Current state: job state = ''
[2026-04-03 10:19:07Z INFO JobRunner] Finalize job.
[2026-04-03 10:19:07Z INFO HostContext] Well known directory 'Bin': 'D:\코딩\mlops_sentiment_api\actions-runner\actions-runner\bin'
[2026-04-03 10:19:07Z INFO HostContext] Well known directory 'Root': 'D:\코딩\mlops_sentiment_api\actions-runner\actions-runner'
[2026-04-03 10:19:07Z INFO HostContext] Well known directory 'Diag': 'D:\코딩\mlops_sentiment_api\actions-runner\actions-runner\_diag'
[2026-04-03 10:19:07Z INFO HostContext] Well known directory 'Bin': 'D:\코딩\mlops_sentiment_api\actions-runner\actions-runner\bin'
[2026-04-03 10:19:07Z INFO HostContext] Well known directory 'Root': 'D:\코딩\mlops_sentiment_api\actions-runner\actions-runner'
[2026-04-03 10:19:07Z INFO HostContext] Well known directory 'Diag': 'D:\코딩\mlops_sentiment_api\actions-runner\actions-runner\_diag'
[2026-04-03 10:19:07Z INFO JobExtension] Initialize Env context
[2026-04-03 10:19:07Z INFO JobExtension] Initialize steps context
[2026-04-03 10:19:07Z INFO JobExtension] Total accessible running process: 368.
[2026-04-03 10:19:07Z INFO JobExtension] Inspecting process environment variables. PID: 7508 (docker-model)
[2026-04-03 10:19:07Z INFO JobExtension] Inspecting process environment variables. PID: 8112 (docker-sbom)
[2026-04-03 10:19:07Z INFO JobExtension] Wait for all connectivity checks to finish.
[2026-04-03 10:19:07Z INFO JobExtension] Connectivity check result: GitHub.Runner.Worker.JobExtension+CheckResult
[2026-04-03 10:19:07Z INFO JobExtension] Connectivity check result: GitHub.Runner.Worker.JobExtension+CheckResult
[2026-04-03 10:19:07Z INFO JobExtension] Connectivity check result: GitHub.Runner.Worker.JobExtension+CheckResult
[2026-04-03 10:19:07Z INFO ExecutionContext] Publish step telemetry for current step {
  "action": "complete_job",
  "type": "runner",
  "stage": "Post",
  "stepId": "dd15b645-b407-4e28-90e2-26be80fe0a96",
  "result": "succeeded",
  "errorMessages": [
    "Node.js 20 is deprecated. The following actions target Node.js 20 but are being forced to run on Node.js 24: docker/login-action@v3. For more information see: https://github.blog/changelog/2025-09-19-deprecation-of-node-20-on-github-actions-runners/"
  ],
  "executionTimeInSeconds": 1,
  "startTime": "2026-04-03T10:19:07.1906499Z",
  "finishTime": "2026-04-03T10:19:07.2024351Z"
}.
[2026-04-03 10:19:07Z INFO JobRunner] Job result after all job steps finish: Succeeded
[2026-04-03 10:19:07Z INFO JobRunner] Completing the job execution context.
[2026-04-03 10:19:07Z INFO JobRunner] Shutting down the job server queue.
[2026-04-03 10:19:07Z INFO JobServerQueue] Fire signal to shutdown all queues.
[2026-04-03 10:19:07Z INFO JobServerQueue] All queue process task stopped.
[2026-04-03 10:19:07Z INFO JobServerQueue] Try to append 1 batches web console lines for record 'dd15b645-b407-4e28-90e2-26be80fe0a96', success rate: 1/1.
[2026-04-03 10:19:07Z INFO JobServerQueue] Web console line queue drained.
[2026-04-03 10:19:07Z INFO JobServerQueue] Uploading 3 files in one shot.
[2026-04-03 10:19:07Z INFO JobServerQueue] Try to upload 3 log files or attachments, success rate: 3/3.
[2026-04-03 10:19:07Z INFO JobServerQueue] File upload queue drained.
[2026-04-03 10:19:07Z INFO JobServerQueue] Starting results-based upload queue...
[2026-04-03 10:19:07Z INFO JobServerQueue] Uploading 3 file(s) in one shot through results service.
[2026-04-03 10:19:07Z INFO JobServerQueue] Got a step log file to send to results service.
[2026-04-03 10:19:07Z INFO JobServerQueue] Starting upload of step log file to results service ResultsLog, D:\코딩\mlops_sentiment_api\actions-runner\actions-runner\_diag\blocks\60f42ac7-0a98-4dc0-aac3-34bb750008f6_31a4500a-9fa0-43ad-a575-7cd25bf1b190.1
[2026-04-03 10:19:08Z INFO JobServerQueue] Got a step log file to send to results service.
[2026-04-03 10:19:08Z INFO JobServerQueue] Starting upload of step log file to results service ResultsLog, D:\코딩\mlops_sentiment_api\actions-runner\actions-runner\_diag\blocks\60f42ac7-0a98-4dc0-aac3-34bb750008f6_dd15b645-b407-4e28-90e2-26be80fe0a96.1
[2026-04-03 10:19:08Z INFO JobServerQueue] Got a job log file to send to results service.
[2026-04-03 10:19:08Z INFO JobServerQueue] Starting upload of job log file to results service ResultsLog, D:\코딩\mlops_sentiment_api\actions-runner\actions-runner\_diag\blocks\60f42ac7-0a98-4dc0-aac3-34bb750008f6_78a13c02-a59f-5517-903f-711a6510c6a8.1
[2026-04-03 10:19:09Z INFO JobServerQueue] Tried to upload 3 file(s) to results, success rate: 3/3.
[2026-04-03 10:19:09Z INFO JobServerQueue] Results upload queue drained.
[2026-04-03 10:19:09Z INFO JobServerQueue] Timeline update queue drained.
[2026-04-03 10:19:09Z INFO JobServerQueue] Disposing job server ...
[2026-04-03 10:19:09Z INFO JobServerQueue] Disposing results server ...
[2026-04-03 10:19:09Z INFO JobServerQueue] All queue process tasks have been stopped, and all queues are drained.
[2026-04-03 10:19:09Z INFO TempDirectoryManager] Cleaning runner temp folder: D:\코딩\mlops_sentiment_api\actions-runner\actions-runner\_work\_temp
[2026-04-03 10:19:09Z INFO HostContext] Well known directory 'Bin': 'D:\코딩\mlops_sentiment_api\actions-runner\actions-runner\bin'
[2026-04-03 10:19:09Z INFO HostContext] Well known directory 'Root': 'D:\코딩\mlops_sentiment_api\actions-runner\actions-runner'
[2026-04-03 10:19:09Z INFO HostContext] Well known directory 'Diag': 'D:\코딩\mlops_sentiment_api\actions-runner\actions-runner\_diag'
[2026-04-03 10:19:09Z INFO HostContext] Well known config file 'Telemetry': 'D:\코딩\mlops_sentiment_api\actions-runner\actions-runner\_diag\.telemetry'
[2026-04-03 10:19:09Z INFO JobRunner] Raising job completed against run service
[2026-04-03 10:19:10Z INFO Worker] Job completed.
