[2026-04-03 10:59:28Z INFO HostContext] No proxy settings were found based on environmental variables (http_proxy/https_proxy/HTTP_PROXY/HTTPS_PROXY)
[2026-04-03 10:59:28Z INFO HostContext] Well known directory 'Bin': 'D:\코딩\mlops_sentiment_api\actions-runner\actions-runner\bin'
[2026-04-03 10:59:28Z INFO HostContext] Well known directory 'Root': 'D:\코딩\mlops_sentiment_api\actions-runner\actions-runner'
[2026-04-03 10:59:28Z INFO HostContext] Well known config file 'Credentials': 'D:\코딩\mlops_sentiment_api\actions-runner\actions-runner\.credentials'
[2026-04-03 10:59:28Z INFO HostContext] Well known directory 'Bin': 'D:\코딩\mlops_sentiment_api\actions-runner\actions-runner\bin'
[2026-04-03 10:59:28Z INFO HostContext] Well known directory 'Root': 'D:\코딩\mlops_sentiment_api\actions-runner\actions-runner'
[2026-04-03 10:59:28Z INFO HostContext] Well known config file 'Runner': 'D:\코딩\mlops_sentiment_api\actions-runner\actions-runner\.runner'
[2026-04-03 10:59:28Z INFO Worker] Version: 2.333.1
[2026-04-03 10:59:28Z INFO Worker] Commit: 6792966801e8925346735b68c03bf9f347af4646
[2026-04-03 10:59:28Z INFO Worker] Culture: ko-KR
[2026-04-03 10:59:28Z INFO Worker] UI Culture: ko-KR
[2026-04-03 10:59:28Z INFO Worker] Waiting to receive the job message from the channel.
[2026-04-03 10:59:28Z INFO ProcessChannel] Receiving message of length 23558, with hash '8c15ffd6d1b68bdb31a293a74fcce1f750a9b3c9c69160b0694e0bff975c405b'
[2026-04-03 10:59:28Z INFO Worker] Message received.
[2026-04-03 10:59:28Z INFO Worker] Job message:
 {
  "environmentVariables": [
    {
      "type": 2,
      "file": 1,
      "line": 10,
      "col": 3,
      "map": [
        {
          "key": {
            "type": 0,
            "file": 1,
            "line": 10,
            "col": 3,
            "lit": "FORCE_JAVASCRIPT_ACTIONS_TO_NODE24"
          },
          "value": {
            "type": 0,
            "file": 1,
            "line": 10,
            "col": 39,
            "lit": "true"
          }
        }
      ]
    }
  ],
  "fileTable": [
    ".github/workflows/ci.yml"
  ],
  "mask": [
    {
      "type": "regex",
      "value": "***"
    },
    {
      "type": "regex",
      "value": "***"
    },
    {
      "type": "regex",
      "value": "***"
    },
    {
      "type": "regex",
      "value": "***"
    },
    {
      "type": "regex",
      "value": "***"
    },
    {
      "type": "regex",
      "value": "***"
    },
    {
      "type": "regex",
      "value": "***"
    },
    {
      "type": "regex",
      "value": "***"
    },
    {
      "type": "regex",
      "value": "***"
    },
    {
      "type": "regex",
      "value": "***"
    },
    {
      "type": "regex",
      "value": "***"
    },
    {
      "type": "regex",
      "value": "***"
    },
    {
      "type": "regex",
      "value": "***"
    },
    {
      "type": "regex",
      "value": "***"
    },
    {
      "type": "regex",
      "value": "***"
    },
    {
      "type": "regex",
      "value": "***"
    },
    {
      "type": "regex",
      "value": "***"
    },
    {
      "type": "regex",
      "value": "***"
    }
  ],
  "steps": [
    {
      "type": "action",
      "reference": {
        "type": "repository",
        "name": "docker/login-action",
        "ref": "v3",
        "repositoryType": "GitHub"
      },
      "displayNameToken": {
        "type": 0,
        "file": 1,
        "line": 52,
        "col": 15,
        "lit": "Log in to Docker Hub"
      },
      "contextName": "__docker_login-action",
      "inputs": {
        "type": 2,
        "file": 1,
        "line": 55,
        "col": 11,
        "map": [
          {
            "key": {
              "type": 0,
              "file": 1,
              "line": 55,
              "col": 11,
              "lit": "username"
            },
            "value": {
              "type": 3,
              "file": 1,
              "line": 55,
              "col": 21,
              "expr": "secrets.DOCKERHUB_USERNAME"
            }
          },
          {
            "key": {
              "type": 0,
              "file": 1,
              "line": 56,
              "col": 11,
              "lit": "password"
            },
            "value": {
              "type": 3,
              "file": 1,
              "line": 56,
              "col": 21,
              "expr": "secrets.DOCKERHUB_TOKEN"
            }
          }
        ]
      },
      "condition": "success()",
      "id": "c2dd78ff-0cca-4291-9789-1db1ed374e5c",
      "name": "__docker_login-action"
    },
    {
      "type": "action",
      "reference": {
        "type": "script"
      },
      "displayNameToken": {
        "type": 0,
        "file": 1,
        "line": 59,
        "col": 15,
        "lit": "Check Docker is running"
      },
      "contextName": "__run",
      "inputs": {
        "type": 2,
        "map": [
          {
            "key": "script",
            "value": {
              "type": 0,
              "file": 1,
              "line": 61,
              "col": 14,
              "lit": "docker info"
            }
          },
          {
            "key": "shell",
            "value": {
              "type": 0,
              "file": 1,
              "line": 60,
              "col": 16,
              "lit": "cmd"
            }
          }
        ]
      },
      "condition": "success()",
      "id": "38708a67-bd0d-4b3e-9285-fe788578a4ac",
      "name": "__run"
    },
    {
      "type": "action",
      "reference": {
        "type": "script"
      },
      "displayNameToken": {
        "type": 0,
        "file": 1,
        "line": 64,
        "col": 15,
        "lit": "Pull latest image from Docker Hub"
      },
      "contextName": "__run_2",
      "inputs": {
        "type": 2,
        "map": [
          {
            "key": "script",
            "value": {
              "type": 3,
              "file": 1,
              "line": 66,
              "col": 14,
              "expr": "format('docker pull {0}/mlops-sentiment-api:latest', secrets.DOCKERHUB_USERNAME)"
            }
          },
          {
            "key": "shell",
            "value": {
              "type": 0,
              "file": 1,
              "line": 65,
              "col": 16,
              "lit": "cmd"
            }
          }
        ]
      },
      "condition": "success()",
      "id": "047af7fb-21f0-4eb2-994b-37f85676a132",
      "name": "__run_2"
    },
    {
      "type": "action",
      "reference": {
        "type": "script"
      },
      "displayNameToken": {
        "type": 0,
        "file": 1,
        "line": 69,
        "col": 15,
        "lit": "Stop existing container"
      },
      "contextName": "__run_3",
      "inputs": {
        "type": 2,
        "map": [
          {
            "key": "script",
            "value": {
              "type": 0,
              "file": 1,
              "line": 71,
              "col": 14,
              "lit": "docker stop mlops-api-container"
            }
          },
          {
            "key": "shell",
            "value": {
              "type": 0,
              "file": 1,
              "line": 70,
              "col": 16,
              "lit": "cmd"
            }
          }
        ]
      },
      "condition": "success()",
      "continueOnError": {
        "type": 5,
        "file": 1,
        "line": 72,
        "col": 28,
        "bool": true
      },
      "id": "d1d8a69e-ad4f-485b-8319-7df220a9aba2",
      "name": "__run_3"
    },
    {
      "type": "action",
      "reference": {
        "type": "script"
      },
      "displayNameToken": {
        "type": 0,
        "file": 1,
        "line": 75,
        "col": 15,
        "lit": "Remove existing container"
      },
      "contextName": "__run_4",
      "inputs": {
        "type": 2,
        "map": [
          {
            "key": "script",
            "value": {
              "type": 0,
              "file": 1,
              "line": 77,
              "col": 14,
              "lit": "docker rm mlops-api-container"
            }
          },
          {
            "key": "shell",
            "value": {
              "type": 0,
              "file": 1,
              "line": 76,
              "col": 16,
              "lit": "cmd"
            }
          }
        ]
      },
      "condition": "success()",
      "continueOnError": {
        "type": 5,
        "file": 1,
        "line": 78,
        "col": 28,
        "bool": true
      },
      "id": "b95cf65a-1d44-4b81-815b-173ab4169c30",
      "name": "__run_4"
    },
    {
      "type": "action",
      "reference": {
        "type": "script"
      },
      "displayNameToken": {
        "type": 0,
        "file": 1,
        "line": 81,
        "col": 15,
        "lit": "Run new container"
      },
      "contextName": "__run_5",
      "inputs": {
        "type": 2,
        "map": [
          {
            "key": "script",
            "value": {
              "type": 3,
              "file": 1,
              "line": 83,
              "col": 14,
              "expr": "format('docker run -d --name mlops-api-container --restart unless-stopped -p 8000:8000 {0}/mlops-sentiment-api:latest', secrets.DOCKERHUB_USERNAME)"
            }
          },
          {
            "key": "shell",
            "value": {
              "type": 0,
              "file": 1,
              "line": 82,
              "col": 16,
              "lit": "cmd"
            }
          }
        ]
      },
      "condition": "success()",
      "id": "692c7d01-f6f9-4269-bfc9-4c4980452490",
      "name": "__run_5"
    },
    {
      "type": "action",
      "reference": {
        "type": "script"
      },
      "displayNameToken": {
        "type": 0,
        "file": 1,
        "line": 86,
        "col": 15,
        "lit": "Verify deployment"
      },
      "contextName": "__run_6",
      "inputs": {
        "type": 2,
        "map": [
          {
            "key": "script",
            "value": {
              "type": 0,
              "file": 1,
              "line": 88,
              "col": 14,
              "lit": "docker ps --filter \"name=mlops-api-container\" --format \"table {{.Names}}\\t{{.Status}}\\t{{.Ports}}\""
            }
          },
          {
            "key": "shell",
            "value": {
              "type": 0,
              "file": 1,
              "line": 87,
              "col": 16,
              "lit": "cmd"
            }
          }
        ]
      },
      "condition": "success()",
      "id": "8045e6e6-b975-43c1-964b-0ebf0424eefa",
      "name": "__run_6"
    }
  ],
  "variables": {
    "Actions.EnableHttpRedirects": {
      "value": "true"
    },
    "DOCKERHUB_TOKEN": {
      "value": "***",
      "isSecret": true
    },
    "DOCKERHUB_USERNAME": {
      "value": "***",
      "isSecret": true
    },
    "DistributedTask.AddWarningToNode12Action": {
      "value": "true"
    },
    "DistributedTask.AddWarningToNode16Action": {
      "value": "true"
    },
    "DistributedTask.AllowRunnerContainerHooks": {
      "value": "true"
    },
    "DistributedTask.DeprecateStepOutputCommands": {
      "value": "true"
    },
    "DistributedTask.DetailUntarFailure": {
      "value": "true"
    },
    "DistributedTask.EnableCompositeActions": {
      "value": "true"
    },
    "DistributedTask.EnableJobServerQueueTelemetry": {
      "value": "true"
    },
    "DistributedTask.EnhancedAnnotations": {
      "value": "true"
    },
    "DistributedTask.ForceGithubJavascriptActionsToNode16": {
      "value": "true"
    },
    "DistributedTask.ForceGithubJavascriptActionsToNode20": {
      "value": "true"
    },
    "DistributedTask.LogTemplateErrorsAsDebugMessages": {
      "value": "true"
    },
    "DistributedTask.MarkJobAsFailedOnWorkerCrash": {
      "value": "true"
    },
    "DistributedTask.NewActionMetadata": {
      "value": "true"
    },
    "DistributedTask.UploadStepSummary": {
      "value": "true"
    },
    "DistributedTask.UseActionArchiveCache": {
      "value": "true"
    },
    "DistributedTask.UseWhich2": {
      "value": "true"
    },
    "RunService.FixEmbeddedIssues": {
      "value": "true"
    },
    "actions.runner.requirenode24": {
      "value": "false"
    },
    "actions.runner.usenode24bydefault": {
      "value": "false"
    },
    "actions.runner.warnonnode20": {
      "value": "true"
    },
    "actions_add_check_run_id_to_job_context": {
      "value": "true"
    },
    "actions_batch_action_resolution": {
      "value": "false"
    },
    "actions_container_action_runner_temp": {
      "value": "true"
    },
    "actions_display_helpful_actions_download_errors": {
      "value": "true"
    },
    "actions_runner_compare_workflow_parser": {
      "value": "false"
    },
    "actions_runner_deprecate_linux_arm32": {
      "value": "false"
    },
    "actions_runner_emit_composite_markers": {
      "value": "false"
    },
    "actions_runner_kill_linux_arm32": {
      "value": "false"
    },
    "actions_runner_node20_removal_date": {
      "value": ""
    },
    "actions_runner_node24_default_date": {
      "value": ""
    },
    "actions_service_container_command": {
      "value": "true"
    },
    "actions_set_orchestration_id_env_for_actions": {
      "value": "true"
    },
    "actions_skip_retry_complete_job_upon_known_errors": {
      "value": "true"
    },
    "actions_snapshot_preflight_hosted_runner_check": {
      "value": "false"
    },
    "actions_snapshot_preflight_image_gen_pool_check": {
      "value": "false"
    },
    "actions_use_bearer_token_for_codeload": {
      "value": "false"
    },
    "actions_uses_cache_service_v2": {
      "value": "true"
    },
    "github_token": {
      "value": "***",
      "isSecret": true
    },
    "system.from_run_service": {
      "value": "true"
    },
    "system.github.job": {
      "value": "deploy-to-local"
    },
    "system.github.launch_endpoint": {
      "value": "https://launch.actions.githubusercontent.com"
    },
    "system.github.results_endpoint": {
      "value": "https://results-receiver.actions.githubusercontent.com/"
    },
    "system.github.results_upload_with_sdk": {
      "value": "true"
    },
    "system.github.token": {
      "value": "***",
      "isSecret": true
    },
    "system.github.token.permissions": {
      "value": "{\"Contents\":\"read\",\"Metadata\":\"read\",\"Packages\":\"read\"}"
    },
    "system.orchestrationId": {
      "value": "d5950f3e-9b74-4bb9-9e7a-6d80ac0b886c.deploy-to-local.__default"
    },
    "system.phaseDisplayName": {
      "value": "deploy-to-local"
    },
    "system.runner.lowdiskspacethreshold": {
      "value": "100"
    },
    "system.runnerEnvironment": {
      "value": "self-hosted"
    },
    "system.runnerGroupName": {
      "value": "Default"
    }
  },
  "messageType": "RunnerJobRequest",
  "plan": {
    "scopeIdentifier": "00000000-0000-0000-0000-000000000000",
    "planType": "actions",
    "version": 0,
    "planId": "d5950f3e-9b74-4bb9-9e7a-6d80ac0b886c",
    "planGroup": null,
    "artifactUri": null,
    "artifactLocation": null,
    "definition": null,
    "owner": null
  },
  "timeline": {
    "id": "d5950f3e-9b74-4bb9-9e7a-6d80ac0b886c",
    "changeId": 0,
    "location": null
  },
  "jobId": "d78b86a3-a886-5323-8613-7eaefefb2584",
  "jobDisplayName": "deploy-to-local",
  "jobName": "__default",
  "requestId": 0,
  "lockedUntil": "0001-01-01T00:00:00",
  "resources": {
    "endpoints": [
      {
        "data": {
          "ServerId": "",
          "ServerName": "",
          "CacheServerUrl": "https://artifactcache.actions.githubusercontent.com/z49N8K4gn7qMzcLyfyIpqMLYf9jT4Ucg5zUAjGS2CgmPKPzEWX/",
          "FeedStreamUrl": "wss://results-receiver.actions.githubusercontent.com/_ws/ingest.sock",
          "ResultsServiceUrl": "https://results-receiver.actions.githubusercontent.com/",
          "PipelinesServiceUrl": "https://pipelinesghubeus2.actions.githubusercontent.com/z49N8K4gn7qMzcLyfyIpqMLYf9jT4Ucg5zUAjGS2CgmPKPzEWX/",
          "GenerateIdTokenUrl": "",
          "ConnectivityChecks": "[\"https://broker.actions.githubusercontent.com/health\",\"https://token.actions.githubusercontent.com/ready\",\"https://run.actions.githubusercontent.com/health\"]"
        },
        "name": "SystemVssConnection",
        "url": "https://run-actions-1-azure-eastus.actions.githubusercontent.com/88/",
        "authorization": {
          "parameters": {
            "AccessToken": "***"
          },
          "scheme": "OAuth"
        },
        "isShared": false,
        "isReady": true
      }
    ]
  },
  "contextData": {
    "github": {
      "t": 2,
      "d": [
        {
          "k": "ref",
          "v": "refs/heads/main"
        },
        {
          "k": "sha",
          "v": "de73ee44c532c46c9fe6d3a291251f0b4feb6baf"
        },
        {
          "k": "repository",
          "v": "minjik39/opensource-hw2"
        },
        {
          "k": "repository_owner",
          "v": "minjik39"
        },
        {
          "k": "repository_owner_id",
          "v": "139597629"
        },
        {
          "k": "repositoryUrl",
          "v": "git://github.com/minjik39/opensource-hw2.git"
        },
        {
          "k": "run_id",
          "v": "23943803020"
        },
        {
          "k": "run_number",
          "v": "8"
        },
        {
          "k": "retention_days",
          "v": "90"
        },
        {
          "k": "run_attempt",
          "v": "1"
        },
        {
          "k": "artifact_cache_size_limit",
          "v": "10"
        },
        {
          "k": "repository_visibility",
          "v": "public"
        },
        {
          "k": "actor_id",
          "v": "139597629"
        },
        {
          "k": "actor",
          "v": "minjik39"
        },
        {
          "k": "workflow",
          "v": "CI/CD Pipeline for ML API"
        },
        {
          "k": "head_ref",
          "v": ""
        },
        {
          "k": "base_ref",
          "v": ""
        },
        {
          "k": "event_name",
          "v": "push"
        },
        {
          "k": "server_url",
          "v": "https://github.com"
        },
        {
          "k": "api_url",
          "v": "https://api.github.com"
        },
        {
          "k": "graphql_url",
          "v": "https://api.github.com/graphql"
        },
        {
          "k": "ref_name",
          "v": "main"
        },
        {
          "k": "ref_protected",
          "v": false
        },
        {
          "k": "ref_type",
          "v": "branch"
        },
        {
          "k": "secret_source",
          "v": "Actions"
        },
        {
          "k": "event",
          "v": {
            "t": 2,
            "d": [
              {
                "k": "after",
                "v": "de73ee44c532c46c9fe6d3a291251f0b4feb6baf"
              },
              {
                "k": "base_ref",
                "v": null
              },
              {
                "k": "before",
                "v": "e3384f124b6fb10d5781a6199b9a5fc5d596d2e9"
              },
              {
                "k": "commits",
                "v": {
                  "t": 1,
                  "a": [
                    {
                      "t": 2,
                      "d": [
                        {
                          "k": "author",
                          "v": {
                            "t": 2,
                            "d": [
                              {
                                "k": "email",
                                "v": "knight44014@gmail.com"
                              },
                              {
                                "k": "name",
                                "v": "minjik39"
                              },
                              {
                                "k": "username",
                                "v": "minjik39"
                              }
                            ]
                          }
                        },
                        {
                          "k": "committer",
                          "v": {
                            "t": 2,
                            "d": [
                              {
                                "k": "email",
                                "v": "knight44014@gmail.com"
                              },
                              {
                                "k": "name",
                                "v": "minjik39"
                              },
                              {
                                "k": "username",
                                "v": "minjik39"
                              }
                            ]
                          }
                        },
                        {
                          "k": "distinct",
                          "v": true
                        },
                        {
                          "k": "id",
                          "v": "de73ee44c532c46c9fe6d3a291251f0b4feb6baf"
                        },
                        {
                          "k": "message",
                          "v": "fix: explicit top_k=None in pipeline to ensure correct output format"
                        },
                        {
                          "k": "timestamp",
                          "v": "2026-04-03T19:56:06+09:00"
                        },
                        {
                          "k": "tree_id",
                          "v": "d264020db4be465ba87273b9263e21aebe4683a9"
                        },
                        {
                          "k": "url",
                          "v": "https://github.com/minjik39/opensource-hw2/commit/de73ee44c532c46c9fe6d3a291251f0b4feb6baf"
                        }
                      ]
                    }
                  ]
                }
              },
              {
                "k": "compare",
                "v": "https://github.com/minjik39/opensource-hw2/compare/e3384f124b6f...de73ee44c532"
              },
              {
                "k": "created",
                "v": false
              },
              {
                "k": "deleted",
                "v": false
              },
              {
                "k": "forced",
                "v": false
              },
              {
                "k": "head_commit",
                "v": {
                  "t": 2,
                  "d": [
                    {
                      "k": "author",
                      "v": {
                        "t": 2,
                        "d": [
                          {
                            "k": "email",
                            "v": "knight44014@gmail.com"
                          },
                          {
                            "k": "name",
                            "v": "minjik39"
                          },
                          {
                            "k": "username",
                            "v": "minjik39"
                          }
                        ]
                      }
                    },
                    {
                      "k": "committer",
                      "v": {
                        "t": 2,
                        "d": [
                          {
                            "k": "email",
                            "v": "knight44014@gmail.com"
                          },
                          {
                            "k": "name",
                            "v": "minjik39"
                          },
                          {
                            "k": "username",
                            "v": "minjik39"
                          }
                        ]
                      }
                    },
                    {
                      "k": "distinct",
                      "v": true
                    },
                    {
                      "k": "id",
                      "v": "de73ee44c532c46c9fe6d3a291251f0b4feb6baf"
                    },
                    {
                      "k": "message",
                      "v": "fix: explicit top_k=None in pipeline to ensure correct output format"
                    },
                    {
                      "k": "timestamp",
                      "v": "2026-04-03T19:56:06+09:00"
                    },
                    {
                      "k": "tree_id",
                      "v": "d264020db4be465ba87273b9263e21aebe4683a9"
                    },
                    {
                      "k": "url",
                      "v": "https://github.com/minjik39/opensource-hw2/commit/de73ee44c532c46c9fe6d3a291251f0b4feb6baf"
                    }
                  ]
                }
              },
              {
                "k": "pusher",
                "v": {
                  "t": 2,
                  "d": [
                    {
                      "k": "email",
                      "v": "139597629+minjik39@users.noreply.github.com"
                    },
                    {
                      "k": "name",
                      "v": "minjik39"
                    }
                  ]
                }
              },
              {
                "k": "ref",
                "v": "refs/heads/main"
              },
              {
                "k": "repository",
                "v": {
                  "t": 2,
                  "d": [
                    {
                      "k": "allow_forking",
                      "v": true
                    },
                    {
                      "k": "archive_url",
                      "v": "https://api.github.com/repos/minjik39/opensource-hw2/{archive_format}{/ref}"
                    },
                    {
                      "k": "archived",
                      "v": false
                    },
                    {
                      "k": "assignees_url",
                      "v": "https://api.github.com/repos/minjik39/opensource-hw2/assignees{/user}"
                    },
                    {
                      "k": "blobs_url",
                      "v": "https://api.github.com/repos/minjik39/opensource-hw2/git/blobs{/sha}"
                    },
                    {
                      "k": "branches_url",
                      "v": "https://api.github.com/repos/minjik39/opensource-hw2/branches{/branch}"
                    },
                    {
                      "k": "clone_url",
                      "v": "https://github.com/minjik39/opensource-hw2.git"
                    },
                    {
                      "k": "collaborators_url",
                      "v": "https://api.github.com/repos/minjik39/opensource-hw2/collaborators{/collaborator}"
                    },
                    {
                      "k": "comments_url",
                      "v": "https://api.github.com/repos/minjik39/opensource-hw2/comments{/number}"
                    },
                    {
                      "k": "commits_url",
                      "v": "https://api.github.com/repos/minjik39/opensource-hw2/commits{/sha}"
                    },
                    {
                      "k": "compare_url",
                      "v": "https://api.github.com/repos/minjik39/opensource-hw2/compare/{base}...{head}"
                    },
                    {
                      "k": "contents_url",
                      "v": "https://api.github.com/repos/minjik39/opensource-hw2/contents/{+path}"
                    },
                    {
                      "k": "contributors_url",
                      "v": "https://api.github.com/repos/minjik39/opensource-hw2/contributors"
                    },
                    {
                      "k": "created_at",
                      "v": 1775196349.0
                    },
                    {
                      "k": "default_branch",
                      "v": "main"
                    },
                    {
                      "k": "deployments_url",
                      "v": "https://api.github.com/repos/minjik39/opensource-hw2/deployments"
                    },
                    {
                      "k": "description",
                      "v": null
                    },
                    {
                      "k": "disabled",
                      "v": false
                    },
                    {
                      "k": "downloads_url",
                      "v": "https://api.github.com/repos/minjik39/opensource-hw2/downloads"
                    },
                    {
                      "k": "events_url",
                      "v": "https://api.github.com/repos/minjik39/opensource-hw2/events"
                    },
                    {
                      "k": "fork",
                      "v": false
                    },
                    {
                      "k": "forks",
                      "v": 0.0
                    },
                    {
                      "k": "forks_count",
                      "v": 0.0
                    },
                    {
                      "k": "forks_url",
                      "v": "https://api.github.com/repos/minjik39/opensource-hw2/forks"
                    },
                    {
                      "k": "full_name",
                      "v": "minjik39/opensource-hw2"
                    },
                    {
                      "k": "git_commits_url",
                      "v": "https://api.github.com/repos/minjik39/opensource-hw2/git/commits{/sha}"
                    },
                    {
                      "k": "git_refs_url",
                      "v": "https://api.github.com/repos/minjik39/opensource-hw2/git/refs{/sha}"
                    },
                    {
                      "k": "git_tags_url",
                      "v": "https://api.github.com/repos/minjik39/opensource-hw2/git/tags{/sha}"
                    },
                    {
                      "k": "git_url",
                      "v": "git://github.com/minjik39/opensource-hw2.git"
                    },
                    {
                      "k": "has_discussions",
                      "v": false
                    },
                    {
                      "k": "has_downloads",
                      "v": true
                    },
                    {
                      "k": "has_issues",
                      "v": true
                    },
                    {
                      "k": "has_pages",
                      "v": false
                    },
                    {
                      "k": "has_projects",
                      "v": true
                    },
                    {
                      "k": "has_pull_requests",
                      "v": true
                    },
                    {
                      "k": "has_wiki",
                      "v": true
                    },
                    {
                      "k": "homepage",
                      "v": null
                    },
                    {
                      "k": "hooks_url",
                      "v": "https://api.github.com/repos/minjik39/opensource-hw2/hooks"
                    },
                    {
                      "k": "html_url",
                      "v": "https://github.com/minjik39/opensource-hw2"
                    },
                    {
                      "k": "id",
                      "v": 1200187896.0
                    },
                    {
                      "k": "is_template",
                      "v": false
                    },
                    {
                      "k": "issue_comment_url",
                      "v": "https://api.github.com/repos/minjik39/opensource-hw2/issues/comments{/number}"
                    },
                    {
                      "k": "issue_events_url",
                      "v": "https://api.github.com/repos/minjik39/opensource-hw2/issues/events{/number}"
                    },
                    {
                      "k": "issues_url",
                      "v": "https://api.github.com/repos/minjik39/opensource-hw2/issues{/number}"
                    },
                    {
                      "k": "keys_url",
                      "v": "https://api.github.com/repos/minjik39/opensource-hw2/keys{/key_id}"
                    },
                    {
                      "k": "labels_url",
                      "v": "https://api.github.com/repos/minjik39/opensource-hw2/labels{/name}"
                    },
                    {
                      "k": "language",
                      "v": "JavaScript"
                    },
                    {
                      "k": "languages_url",
                      "v": "https://api.github.com/repos/minjik39/opensource-hw2/languages"
                    },
                    {
                      "k": "license",
                      "v": null
                    },
                    {
                      "k": "master_branch",
                      "v": "main"
                    },
                    {
                      "k": "merges_url",
                      "v": "https://api.github.com/repos/minjik39/opensource-hw2/merges"
                    },
                    {
                      "k": "milestones_url",
                      "v": "https://api.github.com/repos/minjik39/opensource-hw2/milestones{/number}"
                    },
                    {
                      "k": "mirror_url",
                      "v": null
                    },
                    {
                      "k": "name",
                      "v": "opensource-hw2"
                    },
                    {
                      "k": "node_id",
                      "v": "R_kgDOR4lp-A"
                    },
                    {
                      "k": "notifications_url",
                      "v": "https://api.github.com/repos/minjik39/opensource-hw2/notifications{?since,all,participating}"
                    },
                    {
                      "k": "open_issues",
                      "v": 0.0
                    },
                    {
                      "k": "open_issues_count",
                      "v": 0.0
                    },
                    {
                      "k": "owner",
                      "v": {
                        "t": 2,
                        "d": [
                          {
                            "k": "avatar_url",
                            "v": "https://avatars.githubusercontent.com/u/139597629?v=4"
                          },
                          {
                            "k": "email",
                            "v": "139597629+minjik39@users.noreply.github.com"
                          },
                          {
                            "k": "events_url",
                            "v": "https://api.github.com/users/minjik39/events{/privacy}"
                          },
                          {
                            "k": "followers_url",
                            "v": "https://api.github.com/users/minjik39/followers"
                          },
                          {
                            "k": "following_url",
                            "v": "https://api.github.com/users/minjik39/following{/other_user}"
                          },
                          {
                            "k": "gists_url",
                            "v": "https://api.github.com/users/minjik39/gists{/gist_id}"
                          },
                          {
                            "k": "gravatar_id",
                            "v": ""
                          },
                          {
                            "k": "html_url",
                            "v": "https://github.com/minjik39"
                          },
                          {
                            "k": "id",
                            "v": 139597629.0
                          },
                          {
                            "k": "login",
                            "v": "minjik39"
                          },
                          {
                            "k": "name",
                            "v": "minjik39"
                          },
                          {
                            "k": "node_id",
                            "v": "U_kgDOCFIXPQ"
                          },
                          {
                            "k": "organizations_url",
                            "v": "https://api.github.com/users/minjik39/orgs"
                          },
                          {
                            "k": "received_events_url",
                            "v": "https://api.github.com/users/minjik39/received_events"
                          },
                          {
                            "k": "repos_url",
                            "v": "https://api.github.com/users/minjik39/repos"
                          },
                          {
                            "k": "site_admin",
                            "v": false
                          },
                          {
                            "k": "starred_url",
                            "v": "https://api.github.com/users/minjik39/starred{/owner}{/repo}"
                          },
                          {
                            "k": "subscriptions_url",
                            "v": "https://api.github.com/users/minjik39/subscriptions"
                          },
                          {
                            "k": "type",
                            "v": "User"
                          },
                          {
                            "k": "url",
                            "v": "https://api.github.com/users/minjik39"
                          },
                          {
                            "k": "user_view_type",
                            "v": "public"
                          }
                        ]
                      }
                    },
                    {
                      "k": "private",
                      "v": false
                    },
                    {
                      "k": "pull_request_creation_policy",
                      "v": "all"
                    },
                    {
                      "k": "pulls_url",
                      "v": "https://api.github.com/repos/minjik39/opensource-hw2/pulls{/number}"
                    },
                    {
                      "k": "pushed_at",
                      "v": 1775213637.0
                    },
                    {
                      "k": "releases_url",
                      "v": "https://api.github.com/repos/minjik39/opensource-hw2/releases{/id}"
                    },
                    {
                      "k": "size",
                      "v": 177171.0
                    },
                    {
                      "k": "ssh_url",
                      "v": "git@github.com:minjik39/opensource-hw2.git"
                    },
                    {
                      "k": "stargazers",
                      "v": 0.0
                    },
                    {
                      "k": "stargazers_count",
                      "v": 0.0
                    },
                    {
                      "k": "stargazers_url",
                      "v": "https://api.github.com/repos/minjik39/opensource-hw2/stargazers"
                    },
                    {
                      "k": "statuses_url",
                      "v": "https://api.github.com/repos/minjik39/opensource-hw2/statuses/{sha}"
                    },
                    {
                      "k": "subscribers_url",
                      "v": "https://api.github.com/repos/minjik39/opensource-hw2/subscribers"
                    },
                    {
                      "k": "subscription_url",
                      "v": "https://api.github.com/repos/minjik39/opensource-hw2/subscription"
                    },
                    {
                      "k": "svn_url",
                      "v": "https://github.com/minjik39/opensource-hw2"
                    },
                    {
                      "k": "tags_url",
                      "v": "https://api.github.com/repos/minjik39/opensource-hw2/tags"
                    },
                    {
                      "k": "teams_url",
                      "v": "https://api.github.com/repos/minjik39/opensource-hw2/teams"
                    },
                    {
                      "k": "topics",
                      "v": {
                        "t": 1
                      }
                    },
                    {
                      "k": "trees_url",
                      "v": "https://api.github.com/repos/minjik39/opensource-hw2/git/trees{/sha}"
                    },
                    {
                      "k": "updated_at",
                      "v": "2026-04-03T10:35:39Z"
                    },
                    {
                      "k": "url",
                      "v": "https://api.github.com/repos/minjik39/opensource-hw2"
                    },
                    {
                      "k": "visibility",
                      "v": "public"
                    },
                    {
                      "k": "watchers",
                      "v": 0.0
                    },
                    {
                      "k": "watchers_count",
                      "v": 0.0
                    },
                    {
                      "k": "web_commit_signoff_required",
                      "v": false
                    }
                  ]
                }
              },
              {
                "k": "sender",
                "v": {
                  "t": 2,
                  "d": [
                    {
                      "k": "avatar_url",
                      "v": "https://avatars.githubusercontent.com/u/139597629?v=4"
                    },
                    {
                      "k": "events_url",
                      "v": "https://api.github.com/users/minjik39/events{/privacy}"
                    },
                    {
                      "k": "followers_url",
                      "v": "https://api.github.com/users/minjik39/followers"
                    },
                    {
                      "k": "following_url",
                      "v": "https://api.github.com/users/minjik39/following{/other_user}"
                    },
                    {
                      "k": "gists_url",
                      "v": "https://api.github.com/users/minjik39/gists{/gist_id}"
                    },
                    {
                      "k": "gravatar_id",
                      "v": ""
                    },
                    {
                      "k": "html_url",
                      "v": "https://github.com/minjik39"
                    },
                    {
                      "k": "id",
                      "v": 139597629.0
                    },
                    {
                      "k": "login",
                      "v": "minjik39"
                    },
                    {
                      "k": "node_id",
                      "v": "U_kgDOCFIXPQ"
                    },
                    {
                      "k": "organizations_url",
                      "v": "https://api.github.com/users/minjik39/orgs"
                    },
                    {
                      "k": "received_events_url",
                      "v": "https://api.github.com/users/minjik39/received_events"
                    },
                    {
                      "k": "repos_url",
                      "v": "https://api.github.com/users/minjik39/repos"
                    },
                    {
                      "k": "site_admin",
                      "v": false
                    },
                    {
                      "k": "starred_url",
                      "v": "https://api.github.com/users/minjik39/starred{/owner}{/repo}"
                    },
                    {
                      "k": "subscriptions_url",
                      "v": "https://api.github.com/users/minjik39/subscriptions"
                    },
                    {
                      "k": "type",
                      "v": "User"
                    },
                    {
                      "k": "url",
                      "v": "https://api.github.com/users/minjik39"
                    },
                    {
                      "k": "user_view_type",
                      "v": "public"
                    }
                  ]
                }
              }
            ]
          }
        },
        {
          "k": "workflow_ref",
          "v": "minjik39/opensource-hw2/.github/workflows/ci.yml@refs/heads/main"
        },
        {
          "k": "workflow_sha",
          "v": "de73ee44c532c46c9fe6d3a291251f0b4feb6baf"
        },
        {
          "k": "repository_id",
          "v": "1200187896"
        },
        {
          "k": "triggering_actor",
          "v": "minjik39"
        }
      ]
    },
    "inputs": {
      "t": 2
    },
    "job": {
      "t": 2,
      "d": [
        {
          "k": "check_run_id",
          "v": 69835840708.0
        }
      ]
    },
    "matrix": null,
    "needs": {
      "t": 2,
      "d": [
        {
          "k": "build-and-push",
          "v": {
            "t": 2,
            "d": [
              {
                "k": "result",
                "v": "success"
              },
              {
                "k": "outputs",
                "v": {
                  "t": 2
                }
              }
            ]
          }
        }
      ]
    },
    "strategy": {
      "t": 2,
      "d": [
        {
          "k": "fail-fast",
          "v": true
        },
        {
          "k": "job-index",
          "v": 0.0
        },
        {
          "k": "job-total",
          "v": 1.0
        },
        {
          "k": "max-parallel",
          "v": 1.0
        }
      ]
    },
    "vars": {
      "t": 2
    }
  },
  "billingOwnerId": "U_kgDOCFIXPQ"
}
[2026-04-03 10:59:28Z INFO JobRunner] Job ID d78b86a3-a886-5323-8613-7eaefefb2584
[2026-04-03 10:59:28Z INFO ConfigurationStore] currentAssemblyLocation: D:\코딩\mlops_sentiment_api\actions-runner\actions-runner\bin\Runner.Worker.dll
[2026-04-03 10:59:28Z INFO HostContext] Well known directory 'Bin': 'D:\코딩\mlops_sentiment_api\actions-runner\actions-runner\bin'
[2026-04-03 10:59:28Z INFO ConfigurationStore] binPath: D:\코딩\mlops_sentiment_api\actions-runner\actions-runner\bin
[2026-04-03 10:59:28Z INFO HostContext] Well known directory 'Bin': 'D:\코딩\mlops_sentiment_api\actions-runner\actions-runner\bin'
[2026-04-03 10:59:28Z INFO HostContext] Well known directory 'Root': 'D:\코딩\mlops_sentiment_api\actions-runner\actions-runner'
[2026-04-03 10:59:28Z INFO ConfigurationStore] RootFolder: D:\코딩\mlops_sentiment_api\actions-runner\actions-runner
[2026-04-03 10:59:28Z INFO HostContext] Well known directory 'Bin': 'D:\코딩\mlops_sentiment_api\actions-runner\actions-runner\bin'
[2026-04-03 10:59:28Z INFO HostContext] Well known directory 'Root': 'D:\코딩\mlops_sentiment_api\actions-runner\actions-runner'
[2026-04-03 10:59:28Z INFO HostContext] Well known config file 'Runner': 'D:\코딩\mlops_sentiment_api\actions-runner\actions-runner\.runner'
[2026-04-03 10:59:28Z INFO ConfigurationStore] ConfigFilePath: D:\코딩\mlops_sentiment_api\actions-runner\actions-runner\.runner
[2026-04-03 10:59:28Z INFO HostContext] Well known directory 'Bin': 'D:\코딩\mlops_sentiment_api\actions-runner\actions-runner\bin'
[2026-04-03 10:59:28Z INFO HostContext] Well known directory 'Root': 'D:\코딩\mlops_sentiment_api\actions-runner\actions-runner'
[2026-04-03 10:59:28Z INFO HostContext] Well known config file 'MigratedRunner': 'D:\코딩\mlops_sentiment_api\actions-runner\actions-runner\.runner_migrated'
[2026-04-03 10:59:28Z INFO ConfigurationStore] MigratedConfigFilePath: D:\코딩\mlops_sentiment_api\actions-runner\actions-runner\.runner_migrated
[2026-04-03 10:59:28Z INFO HostContext] Well known directory 'Bin': 'D:\코딩\mlops_sentiment_api\actions-runner\actions-runner\bin'
[2026-04-03 10:59:28Z INFO HostContext] Well known directory 'Root': 'D:\코딩\mlops_sentiment_api\actions-runner\actions-runner'
[2026-04-03 10:59:28Z INFO HostContext] Well known config file 'Credentials': 'D:\코딩\mlops_sentiment_api\actions-runner\actions-runner\.credentials'
[2026-04-03 10:59:28Z INFO ConfigurationStore] CredFilePath: D:\코딩\mlops_sentiment_api\actions-runner\actions-runner\.credentials
[2026-04-03 10:59:28Z INFO HostContext] Well known directory 'Bin': 'D:\코딩\mlops_sentiment_api\actions-runner\actions-runner\bin'
[2026-04-03 10:59:28Z INFO HostContext] Well known directory 'Root': 'D:\코딩\mlops_sentiment_api\actions-runner\actions-runner'
[2026-04-03 10:59:28Z INFO HostContext] Well known config file 'MigratedCredentials': 'D:\코딩\mlops_sentiment_api\actions-runner\actions-runner\.credentials_migrated'
[2026-04-03 10:59:28Z INFO ConfigurationStore] MigratedCredFilePath: D:\코딩\mlops_sentiment_api\actions-runner\actions-runner\.credentials_migrated
[2026-04-03 10:59:28Z INFO HostContext] Well known directory 'Bin': 'D:\코딩\mlops_sentiment_api\actions-runner\actions-runner\bin'
[2026-04-03 10:59:28Z INFO HostContext] Well known directory 'Root': 'D:\코딩\mlops_sentiment_api\actions-runner\actions-runner'
[2026-04-03 10:59:28Z INFO HostContext] Well known config file 'Service': 'D:\코딩\mlops_sentiment_api\actions-runner\actions-runner\.service'
[2026-04-03 10:59:28Z INFO ConfigurationStore] ServiceConfigFilePath: D:\코딩\mlops_sentiment_api\actions-runner\actions-runner\.service
[2026-04-03 10:59:28Z INFO ConfigurationStore] Read setting file: 392 chars
[2026-04-03 10:59:28Z INFO JobRunner] Initializing launch client
[2026-04-03 10:59:28Z INFO JobServerQueue] Initializing results client
[2026-04-03 10:59:28Z INFO ResultServer] Creating websocket client ...wss://results-receiver.actions.githubusercontent.com/_ws/ingest.sock
[2026-04-03 10:59:28Z INFO ResultServer] Attempting to start websocket client with delay 00:00:00.
[2026-04-03 10:59:28Z INFO JobServerQueue] Start process web console line queue.
[2026-04-03 10:59:28Z INFO JobServerQueue] Start process file upload queue.
[2026-04-03 10:59:28Z INFO JobServerQueue] Start results file upload queue.
[2026-04-03 10:59:28Z INFO JobServerQueue] Starting results-based upload queue...
[2026-04-03 10:59:28Z INFO JobServerQueue] Start process timeline update queue.
[2026-04-03 10:59:28Z INFO ExecutionContext] Initializing Job context
[2026-04-03 10:59:28Z INFO ExecutionContext] Initialize GitHub context
[2026-04-03 10:59:28Z INFO ExecutionContext] Initialize Env context
[2026-04-03 10:59:28Z INFO HostContext] Well known directory 'Bin': 'D:\코딩\mlops_sentiment_api\actions-runner\actions-runner\bin'
[2026-04-03 10:59:28Z INFO HostContext] Well known directory 'Root': 'D:\코딩\mlops_sentiment_api\actions-runner\actions-runner'
[2026-04-03 10:59:28Z INFO HostContext] Well known directory 'Diag': 'D:\코딩\mlops_sentiment_api\actions-runner\actions-runner\_diag'
[2026-04-03 10:59:28Z INFO HostContext] Well known directory 'Bin': 'D:\코딩\mlops_sentiment_api\actions-runner\actions-runner\bin'
[2026-04-03 10:59:28Z INFO HostContext] Well known directory 'Root': 'D:\코딩\mlops_sentiment_api\actions-runner\actions-runner'
[2026-04-03 10:59:28Z INFO HostContext] Well known directory 'Diag': 'D:\코딩\mlops_sentiment_api\actions-runner\actions-runner\_diag'
[2026-04-03 10:59:28Z INFO JobRunner] Starting the job execution context.
[2026-04-03 10:59:28Z INFO HostContext] Well known directory 'Bin': 'D:\코딩\mlops_sentiment_api\actions-runner\actions-runner\bin'
[2026-04-03 10:59:28Z INFO HostContext] Well known directory 'Root': 'D:\코딩\mlops_sentiment_api\actions-runner\actions-runner'
[2026-04-03 10:59:28Z INFO HostContext] Well known directory 'Work': 'D:\코딩\mlops_sentiment_api\actions-runner\actions-runner\_work'
[2026-04-03 10:59:28Z INFO JobRunner] Validating directory permissions for: 'D:\코딩\mlops_sentiment_api\actions-runner\actions-runner\_work'
[2026-04-03 10:59:28Z INFO HostContext] Well known directory 'Bin': 'D:\코딩\mlops_sentiment_api\actions-runner\actions-runner\bin'
[2026-04-03 10:59:28Z INFO HostContext] Well known directory 'Root': 'D:\코딩\mlops_sentiment_api\actions-runner\actions-runner'
[2026-04-03 10:59:28Z INFO HostContext] Well known directory 'Work': 'D:\코딩\mlops_sentiment_api\actions-runner\actions-runner\_work'
[2026-04-03 10:59:28Z INFO HostContext] Well known directory 'Tools': 'D:\코딩\mlops_sentiment_api\actions-runner\actions-runner\_work\_tool'
[2026-04-03 10:59:28Z INFO HostContext] Well known directory 'Bin': 'D:\코딩\mlops_sentiment_api\actions-runner\actions-runner\bin'
[2026-04-03 10:59:28Z INFO HostContext] Well known directory 'Root': 'D:\코딩\mlops_sentiment_api\actions-runner\actions-runner'
[2026-04-03 10:59:28Z INFO HostContext] Well known directory 'Work': 'D:\코딩\mlops_sentiment_api\actions-runner\actions-runner\_work'
[2026-04-03 10:59:28Z INFO HostContext] Well known directory 'Temp': 'D:\코딩\mlops_sentiment_api\actions-runner\actions-runner\_work\_temp'
[2026-04-03 10:59:29Z INFO JobRunner] Getting job extension.
[2026-04-03 10:59:29Z INFO JobRunner] Initialize job. Getting all job steps.
[2026-04-03 10:59:29Z INFO HostContext] Well known directory 'Bin': 'D:\코딩\mlops_sentiment_api\actions-runner\actions-runner\bin'
[2026-04-03 10:59:29Z INFO HostContext] Well known directory 'Root': 'D:\코딩\mlops_sentiment_api\actions-runner\actions-runner'
[2026-04-03 10:59:29Z INFO HostContext] Well known directory 'Diag': 'D:\코딩\mlops_sentiment_api\actions-runner\actions-runner\_diag'
[2026-04-03 10:59:29Z INFO HostContext] Well known directory 'Bin': 'D:\코딩\mlops_sentiment_api\actions-runner\actions-runner\bin'
[2026-04-03 10:59:29Z INFO HostContext] Well known directory 'Root': 'D:\코딩\mlops_sentiment_api\actions-runner\actions-runner'
[2026-04-03 10:59:29Z INFO HostContext] Well known directory 'Diag': 'D:\코딩\mlops_sentiment_api\actions-runner\actions-runner\_diag'
[2026-04-03 10:59:29Z INFO HostContext] Well known directory 'Bin': 'D:\코딩\mlops_sentiment_api\actions-runner\actions-runner\bin'
[2026-04-03 10:59:29Z INFO HostContext] Well known directory 'Root': 'D:\코딩\mlops_sentiment_api\actions-runner\actions-runner'
[2026-04-03 10:59:29Z INFO HostContext] Well known config file 'Credentials': 'D:\코딩\mlops_sentiment_api\actions-runner\actions-runner\.credentials'
[2026-04-03 10:59:29Z INFO HostContext] Well known directory 'Bin': 'D:\코딩\mlops_sentiment_api\actions-runner\actions-runner\bin'
[2026-04-03 10:59:29Z INFO HostContext] Well known directory 'Root': 'D:\코딩\mlops_sentiment_api\actions-runner\actions-runner'
[2026-04-03 10:59:29Z INFO HostContext] Well known config file 'SetupInfo': 'D:\코딩\mlops_sentiment_api\actions-runner\actions-runner\.setup_info'
[2026-04-03 10:59:29Z INFO HostContext] Well known directory 'Bin': 'D:\코딩\mlops_sentiment_api\actions-runner\actions-runner\bin'
[2026-04-03 10:59:29Z INFO HostContext] Well known directory 'Root': 'D:\코딩\mlops_sentiment_api\actions-runner\actions-runner'
[2026-04-03 10:59:29Z INFO HostContext] Well known directory 'Work': 'D:\코딩\mlops_sentiment_api\actions-runner\actions-runner\_work'
[2026-04-03 10:59:29Z INFO PipelineDirectoryManager] Loading tracking config if exists: D:\코딩\mlops_sentiment_api\actions-runner\actions-runner\_work\_PipelineMapping\minjik39/opensource-hw2\PipelineFolder.json
[2026-04-03 10:59:29Z INFO PipelineDirectoryManager] Updating job run properties.
[2026-04-03 10:59:29Z INFO HostContext] Well known directory 'Bin': 'D:\코딩\mlops_sentiment_api\actions-runner\actions-runner\bin'
[2026-04-03 10:59:29Z INFO HostContext] Well known directory 'Root': 'D:\코딩\mlops_sentiment_api\actions-runner\actions-runner'
[2026-04-03 10:59:29Z INFO HostContext] Well known directory 'Work': 'D:\코딩\mlops_sentiment_api\actions-runner\actions-runner\_work'
[2026-04-03 10:59:29Z INFO HostContext] Well known directory 'Bin': 'D:\코딩\mlops_sentiment_api\actions-runner\actions-runner\bin'
[2026-04-03 10:59:29Z INFO HostContext] Well known directory 'Root': 'D:\코딩\mlops_sentiment_api\actions-runner\actions-runner'
[2026-04-03 10:59:29Z INFO HostContext] Well known directory 'Work': 'D:\코딩\mlops_sentiment_api\actions-runner\actions-runner\_work'
[2026-04-03 10:59:29Z INFO HostContext] Well known directory 'Bin': 'D:\코딩\mlops_sentiment_api\actions-runner\actions-runner\bin'
[2026-04-03 10:59:29Z INFO HostContext] Well known directory 'Root': 'D:\코딩\mlops_sentiment_api\actions-runner\actions-runner'
[2026-04-03 10:59:29Z INFO HostContext] Well known directory 'Work': 'D:\코딩\mlops_sentiment_api\actions-runner\actions-runner\_work'
[2026-04-03 10:59:29Z INFO JobExtension] Downloading actions
[2026-04-03 10:59:29Z INFO HostContext] Well known directory 'Bin': 'D:\코딩\mlops_sentiment_api\actions-runner\actions-runner\bin'
[2026-04-03 10:59:29Z INFO HostContext] Well known directory 'Root': 'D:\코딩\mlops_sentiment_api\actions-runner\actions-runner'
[2026-04-03 10:59:29Z INFO HostContext] Well known directory 'Work': 'D:\코딩\mlops_sentiment_api\actions-runner\actions-runner\_work'
[2026-04-03 10:59:29Z INFO HostContext] Well known directory 'Actions': 'D:\코딩\mlops_sentiment_api\actions-runner\actions-runner\_work\_actions'
[2026-04-03 10:59:29Z INFO Worker] Listening for cancel message from the channel.
[2026-04-03 10:59:29Z INFO Worker] Waiting for the job to complete or for a cancel message from the channel.
[2026-04-03 10:59:29Z INFO ResultServer] Successfully started websocket client.
[2026-04-03 10:59:29Z INFO JobServerQueue] Try to append 1 batches web console lines for record 'c9242f5b-4fe8-48ba-8295-f06b2cd604da', success rate: 1/1.
[2026-04-03 10:59:29Z INFO HostContext] Well known directory 'Bin': 'D:\코딩\mlops_sentiment_api\actions-runner\actions-runner\bin'
[2026-04-03 10:59:29Z INFO HostContext] Well known directory 'Root': 'D:\코딩\mlops_sentiment_api\actions-runner\actions-runner'
[2026-04-03 10:59:29Z INFO HostContext] Well known directory 'Work': 'D:\코딩\mlops_sentiment_api\actions-runner\actions-runner\_work'
[2026-04-03 10:59:29Z INFO HostContext] Well known directory 'Actions': 'D:\코딩\mlops_sentiment_api\actions-runner\actions-runner\_work\_actions'
[2026-04-03 10:59:29Z INFO HostContext] Well known directory 'Bin': 'D:\코딩\mlops_sentiment_api\actions-runner\actions-runner\bin'
[2026-04-03 10:59:29Z INFO HostContext] Well known directory 'Root': 'D:\코딩\mlops_sentiment_api\actions-runner\actions-runner'
[2026-04-03 10:59:29Z INFO HostContext] Well known directory 'Work': 'D:\코딩\mlops_sentiment_api\actions-runner\actions-runner\_work'
[2026-04-03 10:59:29Z INFO HostContext] Well known directory 'Actions': 'D:\코딩\mlops_sentiment_api\actions-runner\actions-runner\_work\_actions'
[2026-04-03 10:59:29Z INFO ActionManager] Save archive 'https://api.github.com/repos/docker/login-action/zipball/c94ce9fb468520275223c153574b00df6fe4bcc9' into D:\코딩\mlops_sentiment_api\actions-runner\actions-runner\_work\_actions\_temp_b106f9f3-859d-4773-ac70-36b373da050c\8e546274-4595-4fa4-b873-0c3230b901b4.zip.
[2026-04-03 10:59:30Z INFO JobServerQueue] Job timeline record has been updated for the first time.
[2026-04-03 10:59:30Z INFO JobServerQueue] Try to append 1 batches web console lines for record 'c9242f5b-4fe8-48ba-8295-f06b2cd604da', success rate: 1/1.
[2026-04-03 10:59:30Z INFO ActionManager] Request URL: https://api.github.com/repos/docker/login-action/zipball/c94ce9fb468520275223c153574b00df6fe4bcc9 X-GitHub-Request-Id: 24BE:378221:C965:5AEB6:69CF9D0C Http Status: OK
[2026-04-03 10:59:30Z INFO ActionManager] Finished getting action repository.
[2026-04-03 10:59:30Z INFO HostContext] Well known directory 'Bin': 'D:\코딩\mlops_sentiment_api\actions-runner\actions-runner\bin'
[2026-04-03 10:59:30Z INFO HostContext] Well known directory 'Root': 'D:\코딩\mlops_sentiment_api\actions-runner\actions-runner'
[2026-04-03 10:59:30Z INFO HostContext] Well known directory 'Work': 'D:\코딩\mlops_sentiment_api\actions-runner\actions-runner\_work'
[2026-04-03 10:59:30Z INFO HostContext] Well known directory 'Actions': 'D:\코딩\mlops_sentiment_api\actions-runner\actions-runner\_work\_actions'
[2026-04-03 10:59:30Z INFO ActionManifestManagerLegacy] Load schema file with definitions: [
  "null",
  "boolean",
  "number",
  "string",
  "sequence",
  "mapping",
  "any",
  "action-root",
  "inputs",
  "input",
  "outputs",
  "output-definition",
  "runs",
  "container-runs",
  "container-runs-args",
  "container-runs-env",
  "node-runs",
  "plugin-runs",
  "composite-runs",
  "composite-steps",
  "composite-step",
  "run-step",
  "uses-step",
  "container-runs-context",
  "output-value",
  "input-default-context",
  "non-empty-string",
  "string-steps-context",
  "boolean-steps-context",
  "step-env",
  "step-if",
  "step-with"
]
[2026-04-03 10:59:30Z INFO ActionManifestManager] Load schema file with definitions: [
  "null",
  "boolean",
  "number",
  "string",
  "sequence",
  "mapping",
  "any",
  "action-root",
  "inputs",
  "input",
  "outputs",
  "output-definition",
  "runs",
  "container-runs",
  "container-runs-args",
  "container-runs-env",
  "node-runs",
  "plugin-runs",
  "composite-runs",
  "composite-steps",
  "composite-step",
  "run-step",
  "uses-step",
  "container-runs-context",
  "output-value",
  "input-default-context",
  "non-empty-string",
  "string-steps-context",
  "boolean-steps-context",
  "step-env",
  "step-if",
  "step-with"
]
[2026-04-03 10:59:30Z INFO HostContext] Well known directory 'Bin': 'D:\코딩\mlops_sentiment_api\actions-runner\actions-runner\bin'
[2026-04-03 10:59:30Z INFO HostContext] Well known directory 'Root': 'D:\코딩\mlops_sentiment_api\actions-runner\actions-runner'
[2026-04-03 10:59:30Z INFO HostContext] Well known directory 'Work': 'D:\코딩\mlops_sentiment_api\actions-runner\actions-runner\_work'
[2026-04-03 10:59:30Z INFO HostContext] Well known directory 'Actions': 'D:\코딩\mlops_sentiment_api\actions-runner\actions-runner\_work\_actions'
[2026-04-03 10:59:30Z INFO ActionManifestManagerLegacy] Ignore action property author.
[2026-04-03 10:59:30Z INFO ActionManifestManagerLegacy] Ignore action property branding.
[2026-04-03 10:59:30Z INFO ActionManifestManagerLegacy] Loaded action.yml file: {
  "name": "Docker Login",
  "description": "GitHub Action to login against a Docker registry",
  "inputs": {
    "type": 2,
    "map": [
      {
        "key": {
          "type": 0,
          "file": 2,
          "line": 10,
          "col": 3,
          "lit": "registry"
        },
        "value": ""
      },
      {
        "key": {
          "type": 0,
          "file": 2,
          "line": 13,
          "col": 3,
          "lit": "username"
        },
        "value": ""
      },
      {
        "key": {
          "type": 0,
          "file": 2,
          "line": 16,
          "col": 3,
          "lit": "password"
        },
        "value": ""
      },
      {
        "key": {
          "type": 0,
          "file": 2,
          "line": 19,
          "col": 3,
          "lit": "ecr"
        },
        "value": ""
      },
      {
        "key": {
          "type": 0,
          "file": 2,
          "line": 22,
          "col": 3,
          "lit": "scope"
        },
        "value": ""
      },
      {
        "key": {
          "type": 0,
          "file": 2,
          "line": 25,
          "col": 3,
          "lit": "logout"
        },
        "value": {
          "type": 0,
          "file": 2,
          "line": 27,
          "col": 14,
          "lit": "true"
        }
      },
      {
        "key": {
          "type": 0,
          "file": 2,
          "line": 29,
          "col": 3,
          "lit": "registry-auth"
        },
        "value": ""
      }
    ]
  },
  "execution": {
    "executionType": "nodeJS",
    "hasPre": false,
    "hasPost": true,
    "script": "dist/index.js",
    "pre": null,
    "post": "dist/index.js",
    "nodeVersion": "node20",
    "cleanupCondition": "always()",
    "initCondition": "always()"
  },
  "deprecated": null
}
[2026-04-03 10:59:30Z INFO ActionManager] Action node.js file: dist/index.js, no more preparation.
[2026-04-03 10:59:30Z INFO HostContext] Well known directory 'Bin': 'D:\코딩\mlops_sentiment_api\actions-runner\actions-runner\bin'
[2026-04-03 10:59:30Z INFO HostContext] Well known directory 'Root': 'D:\코딩\mlops_sentiment_api\actions-runner\actions-runner'
[2026-04-03 10:59:30Z INFO HostContext] Well known directory 'Work': 'D:\코딩\mlops_sentiment_api\actions-runner\actions-runner\_work'
[2026-04-03 10:59:30Z INFO HostContext] Well known directory 'Actions': 'D:\코딩\mlops_sentiment_api\actions-runner\actions-runner\_work\_actions'
[2026-04-03 10:59:30Z INFO ActionManager] Load action that reference repository from 'D:\코딩\mlops_sentiment_api\actions-runner\actions-runner\_work\_actions\docker\login-action\v3'
[2026-04-03 10:59:30Z INFO HostContext] Well known directory 'Bin': 'D:\코딩\mlops_sentiment_api\actions-runner\actions-runner\bin'
[2026-04-03 10:59:30Z INFO HostContext] Well known directory 'Root': 'D:\코딩\mlops_sentiment_api\actions-runner\actions-runner'
[2026-04-03 10:59:30Z INFO HostContext] Well known directory 'Work': 'D:\코딩\mlops_sentiment_api\actions-runner\actions-runner\_work'
[2026-04-03 10:59:30Z INFO HostContext] Well known directory 'Actions': 'D:\코딩\mlops_sentiment_api\actions-runner\actions-runner\_work\_actions'
[2026-04-03 10:59:30Z INFO ActionManifestManagerLegacy] Ignore action property author.
[2026-04-03 10:59:30Z INFO ActionManifestManagerLegacy] Ignore action property branding.
[2026-04-03 10:59:30Z INFO ActionManifestManagerLegacy] Loaded action.yml file: {
  "name": "Docker Login",
  "description": "GitHub Action to login against a Docker registry",
  "inputs": {
    "type": 2,
    "map": [
      {
        "key": {
          "type": 0,
          "file": 2,
          "line": 10,
          "col": 3,
          "lit": "registry"
        },
        "value": ""
      },
      {
        "key": {
          "type": 0,
          "file": 2,
          "line": 13,
          "col": 3,
          "lit": "username"
        },
        "value": ""
      },
      {
        "key": {
          "type": 0,
          "file": 2,
          "line": 16,
          "col": 3,
          "lit": "password"
        },
        "value": ""
      },
      {
        "key": {
          "type": 0,
          "file": 2,
          "line": 19,
          "col": 3,
          "lit": "ecr"
        },
        "value": ""
      },
      {
        "key": {
          "type": 0,
          "file": 2,
          "line": 22,
          "col": 3,
          "lit": "scope"
        },
        "value": ""
      },
      {
        "key": {
          "type": 0,
          "file": 2,
          "line": 25,
          "col": 3,
          "lit": "logout"
        },
        "value": {
          "type": 0,
          "file": 2,
          "line": 27,
          "col": 14,
          "lit": "true"
        }
      },
      {
        "key": {
          "type": 0,
          "file": 2,
          "line": 29,
          "col": 3,
          "lit": "registry-auth"
        },
        "value": ""
      }
    ]
  },
  "execution": {
    "executionType": "nodeJS",
    "hasPre": false,
    "hasPost": true,
    "script": "dist/index.js",
    "pre": null,
    "post": "dist/index.js",
    "nodeVersion": "node20",
    "cleanupCondition": "always()",
    "initCondition": "always()"
  },
  "deprecated": null
}
[2026-04-03 10:59:30Z INFO ActionManager] Action pre node.js file: N/A.
[2026-04-03 10:59:30Z INFO ActionManager] Action node.js file: dist/index.js.
[2026-04-03 10:59:30Z INFO ActionManager] Action post node.js file: dist/index.js.
[2026-04-03 10:59:30Z INFO JobExtension] Adding .
[2026-04-03 10:59:30Z INFO JobExtension] Adding .
[2026-04-03 10:59:30Z INFO JobExtension] Adding .
[2026-04-03 10:59:30Z INFO JobExtension] Adding .
[2026-04-03 10:59:30Z INFO JobExtension] Adding .
[2026-04-03 10:59:30Z INFO JobExtension] Adding .
[2026-04-03 10:59:30Z INFO JobExtension] Adding .
[2026-04-03 10:59:30Z INFO HostContext] Well known directory 'Bin': 'D:\코딩\mlops_sentiment_api\actions-runner\actions-runner\bin'
[2026-04-03 10:59:30Z INFO HostContext] Well known directory 'Root': 'D:\코딩\mlops_sentiment_api\actions-runner\actions-runner'
[2026-04-03 10:59:30Z INFO HostContext] Well known directory 'Diag': 'D:\코딩\mlops_sentiment_api\actions-runner\actions-runner\_diag'
[2026-04-03 10:59:30Z INFO HostContext] Well known directory 'Bin': 'D:\코딩\mlops_sentiment_api\actions-runner\actions-runner\bin'
[2026-04-03 10:59:30Z INFO HostContext] Well known directory 'Root': 'D:\코딩\mlops_sentiment_api\actions-runner\actions-runner'
[2026-04-03 10:59:30Z INFO HostContext] Well known directory 'Diag': 'D:\코딩\mlops_sentiment_api\actions-runner\actions-runner\_diag'
[2026-04-03 10:59:30Z INFO HostContext] Well known directory 'Bin': 'D:\코딩\mlops_sentiment_api\actions-runner\actions-runner\bin'
[2026-04-03 10:59:30Z INFO HostContext] Well known directory 'Root': 'D:\코딩\mlops_sentiment_api\actions-runner\actions-runner'
[2026-04-03 10:59:30Z INFO HostContext] Well known directory 'Diag': 'D:\코딩\mlops_sentiment_api\actions-runner\actions-runner\_diag'
[2026-04-03 10:59:30Z INFO HostContext] Well known directory 'Bin': 'D:\코딩\mlops_sentiment_api\actions-runner\actions-runner\bin'
[2026-04-03 10:59:30Z INFO HostContext] Well known directory 'Root': 'D:\코딩\mlops_sentiment_api\actions-runner\actions-runner'
[2026-04-03 10:59:30Z INFO HostContext] Well known directory 'Diag': 'D:\코딩\mlops_sentiment_api\actions-runner\actions-runner\_diag'
[2026-04-03 10:59:30Z INFO HostContext] Well known directory 'Bin': 'D:\코딩\mlops_sentiment_api\actions-runner\actions-runner\bin'
[2026-04-03 10:59:30Z INFO HostContext] Well known directory 'Root': 'D:\코딩\mlops_sentiment_api\actions-runner\actions-runner'
[2026-04-03 10:59:30Z INFO HostContext] Well known directory 'Diag': 'D:\코딩\mlops_sentiment_api\actions-runner\actions-runner\_diag'
[2026-04-03 10:59:30Z INFO HostContext] Well known directory 'Bin': 'D:\코딩\mlops_sentiment_api\actions-runner\actions-runner\bin'
[2026-04-03 10:59:30Z INFO HostContext] Well known directory 'Root': 'D:\코딩\mlops_sentiment_api\actions-runner\actions-runner'
[2026-04-03 10:59:30Z INFO HostContext] Well known directory 'Diag': 'D:\코딩\mlops_sentiment_api\actions-runner\actions-runner\_diag'
[2026-04-03 10:59:30Z INFO HostContext] Well known directory 'Bin': 'D:\코딩\mlops_sentiment_api\actions-runner\actions-runner\bin'
[2026-04-03 10:59:30Z INFO HostContext] Well known directory 'Root': 'D:\코딩\mlops_sentiment_api\actions-runner\actions-runner'
[2026-04-03 10:59:30Z INFO HostContext] Well known directory 'Diag': 'D:\코딩\mlops_sentiment_api\actions-runner\actions-runner\_diag'
[2026-04-03 10:59:30Z INFO HostContext] Well known directory 'Bin': 'D:\코딩\mlops_sentiment_api\actions-runner\actions-runner\bin'
[2026-04-03 10:59:30Z INFO HostContext] Well known directory 'Root': 'D:\코딩\mlops_sentiment_api\actions-runner\actions-runner'
[2026-04-03 10:59:30Z INFO HostContext] Well known directory 'Diag': 'D:\코딩\mlops_sentiment_api\actions-runner\actions-runner\_diag'
[2026-04-03 10:59:30Z INFO HostContext] Well known directory 'Bin': 'D:\코딩\mlops_sentiment_api\actions-runner\actions-runner\bin'
[2026-04-03 10:59:30Z INFO HostContext] Well known directory 'Root': 'D:\코딩\mlops_sentiment_api\actions-runner\actions-runner'
[2026-04-03 10:59:30Z INFO HostContext] Well known directory 'Diag': 'D:\코딩\mlops_sentiment_api\actions-runner\actions-runner\_diag'
[2026-04-03 10:59:30Z INFO HostContext] Well known directory 'Bin': 'D:\코딩\mlops_sentiment_api\actions-runner\actions-runner\bin'
[2026-04-03 10:59:30Z INFO HostContext] Well known directory 'Root': 'D:\코딩\mlops_sentiment_api\actions-runner\actions-runner'
[2026-04-03 10:59:30Z INFO HostContext] Well known directory 'Diag': 'D:\코딩\mlops_sentiment_api\actions-runner\actions-runner\_diag'
[2026-04-03 10:59:30Z INFO HostContext] Well known directory 'Bin': 'D:\코딩\mlops_sentiment_api\actions-runner\actions-runner\bin'
[2026-04-03 10:59:30Z INFO HostContext] Well known directory 'Root': 'D:\코딩\mlops_sentiment_api\actions-runner\actions-runner'
[2026-04-03 10:59:30Z INFO HostContext] Well known directory 'Diag': 'D:\코딩\mlops_sentiment_api\actions-runner\actions-runner\_diag'
[2026-04-03 10:59:30Z INFO HostContext] Well known directory 'Bin': 'D:\코딩\mlops_sentiment_api\actions-runner\actions-runner\bin'
[2026-04-03 10:59:30Z INFO HostContext] Well known directory 'Root': 'D:\코딩\mlops_sentiment_api\actions-runner\actions-runner'
[2026-04-03 10:59:30Z INFO HostContext] Well known directory 'Diag': 'D:\코딩\mlops_sentiment_api\actions-runner\actions-runner\_diag'
[2026-04-03 10:59:30Z INFO HostContext] Well known directory 'Bin': 'D:\코딩\mlops_sentiment_api\actions-runner\actions-runner\bin'
[2026-04-03 10:59:30Z INFO HostContext] Well known directory 'Root': 'D:\코딩\mlops_sentiment_api\actions-runner\actions-runner'
[2026-04-03 10:59:30Z INFO HostContext] Well known directory 'Diag': 'D:\코딩\mlops_sentiment_api\actions-runner\actions-runner\_diag'
[2026-04-03 10:59:30Z INFO HostContext] Well known directory 'Bin': 'D:\코딩\mlops_sentiment_api\actions-runner\actions-runner\bin'
[2026-04-03 10:59:30Z INFO HostContext] Well known directory 'Root': 'D:\코딩\mlops_sentiment_api\actions-runner\actions-runner'
[2026-04-03 10:59:30Z INFO HostContext] Well known directory 'Diag': 'D:\코딩\mlops_sentiment_api\actions-runner\actions-runner\_diag'
[2026-04-03 10:59:30Z INFO JobExtension] Total accessible running process: 370.
[2026-04-03 10:59:30Z INFO HostContext] Well known directory 'Bin': 'D:\코딩\mlops_sentiment_api\actions-runner\actions-runner\bin'
[2026-04-03 10:59:30Z INFO HostContext] Well known directory 'Root': 'D:\코딩\mlops_sentiment_api\actions-runner\actions-runner'
[2026-04-03 10:59:30Z INFO HostContext] Well known directory 'Work': 'D:\코딩\mlops_sentiment_api\actions-runner\actions-runner\_work'
[2026-04-03 10:59:30Z INFO JobExtension] Start checking server connectivity.
[2026-04-03 10:59:30Z INFO JobExtension] Check server connectivity for https://broker.actions.githubusercontent.com/health.
[2026-04-03 10:59:30Z INFO JobExtension] Check server connectivity for https://token.actions.githubusercontent.com/ready.
[2026-04-03 10:59:30Z INFO JobExtension] Check server connectivity for https://run.actions.githubusercontent.com/health.
[2026-04-03 10:59:30Z INFO JobExtension] Start checking service connectivity in background.
[2026-04-03 10:59:30Z INFO ExecutionContext] Publish step telemetry for current step {
  "action": "setup_job",
  "type": "runner",
  "stage": "Pre",
  "stepId": "c9242f5b-4fe8-48ba-8295-f06b2cd604da",
  "result": "succeeded",
  "errorMessages": [],
  "executionTimeInSeconds": 2,
  "startTime": "2026-04-03T10:59:29.0054025Z",
  "finishTime": "2026-04-03T10:59:30.8246454Z"
}.
[2026-04-03 10:59:30Z INFO JobRunner] Total job steps: 7.
[2026-04-03 10:59:30Z INFO JobRunner] Run all job steps.
[2026-04-03 10:59:30Z INFO StepsRunner] Processing step: DisplayName='Log in to Docker Hub'
[2026-04-03 10:59:30Z INFO StepsRunner] Evaluating: success()
[2026-04-03 10:59:30Z INFO StepsRunner] Result: true
[2026-04-03 10:59:30Z INFO StepsRunner] Starting the step.
[2026-04-03 10:59:30Z INFO HostContext] Well known directory 'Bin': 'D:\코딩\mlops_sentiment_api\actions-runner\actions-runner\bin'
[2026-04-03 10:59:30Z INFO HostContext] Well known directory 'Root': 'D:\코딩\mlops_sentiment_api\actions-runner\actions-runner'
[2026-04-03 10:59:30Z INFO HostContext] Well known directory 'Work': 'D:\코딩\mlops_sentiment_api\actions-runner\actions-runner\_work'
[2026-04-03 10:59:30Z INFO StepsRunner] Which2: 'chcp'
[2026-04-03 10:59:30Z INFO StepsRunner] Location: 'C:\WINDOWS\system32\chcp.COM'
[2026-04-03 10:59:30Z INFO ProcessInvokerWrapper] Starting process:
[2026-04-03 10:59:30Z INFO ProcessInvokerWrapper]   File name: 'C:\WINDOWS\system32\chcp.COM'
[2026-04-03 10:59:30Z INFO ProcessInvokerWrapper]   Arguments: '65001'
[2026-04-03 10:59:30Z INFO ProcessInvokerWrapper]   Working directory: 'D:\코딩\mlops_sentiment_api\actions-runner\actions-runner\_work'
[2026-04-03 10:59:30Z INFO ProcessInvokerWrapper]   Require exit code zero: 'False'
[2026-04-03 10:59:30Z INFO ProcessInvokerWrapper]   Encoding web name:  ; code page: ''
[2026-04-03 10:59:30Z INFO ProcessInvokerWrapper]   Force kill process on cancellation: 'False'
[2026-04-03 10:59:30Z INFO ProcessInvokerWrapper]   Redirected STDIN: 'False'
[2026-04-03 10:59:30Z INFO ProcessInvokerWrapper]   Persist current code page: 'True'
[2026-04-03 10:59:30Z INFO ProcessInvokerWrapper]   Keep redirected STDIN open: 'False'
[2026-04-03 10:59:30Z INFO ProcessInvokerWrapper]   High priority process: 'False'
[2026-04-03 10:59:30Z INFO ProcessInvokerWrapper] Process started with process id 30972, waiting for process exit.
[2026-04-03 10:59:30Z INFO ProcessInvokerWrapper] STDOUT/STDERR stream read finished.
[2026-04-03 10:59:30Z INFO ProcessInvokerWrapper] STDOUT/STDERR stream read finished.
[2026-04-03 10:59:30Z INFO ProcessInvokerWrapper] Finished process 30972 with exit code 0, and elapsed time 00:00:00.0303083.
[2026-04-03 10:59:30Z INFO StepsRunner] Successfully returned to code page 65001 (UTF8)
[2026-04-03 10:59:30Z INFO HostContext] Well known directory 'Bin': 'D:\코딩\mlops_sentiment_api\actions-runner\actions-runner\bin'
[2026-04-03 10:59:30Z INFO HostContext] Well known directory 'Root': 'D:\코딩\mlops_sentiment_api\actions-runner\actions-runner'
[2026-04-03 10:59:30Z INFO HostContext] Well known directory 'Work': 'D:\코딩\mlops_sentiment_api\actions-runner\actions-runner\_work'
[2026-04-03 10:59:30Z INFO HostContext] Well known directory 'Actions': 'D:\코딩\mlops_sentiment_api\actions-runner\actions-runner\_work\_actions'
[2026-04-03 10:59:30Z INFO ActionManager] Load action that reference repository from 'D:\코딩\mlops_sentiment_api\actions-runner\actions-runner\_work\_actions\docker\login-action\v3'
[2026-04-03 10:59:30Z INFO HostContext] Well known directory 'Bin': 'D:\코딩\mlops_sentiment_api\actions-runner\actions-runner\bin'
[2026-04-03 10:59:30Z INFO HostContext] Well known directory 'Root': 'D:\코딩\mlops_sentiment_api\actions-runner\actions-runner'
[2026-04-03 10:59:30Z INFO HostContext] Well known directory 'Work': 'D:\코딩\mlops_sentiment_api\actions-runner\actions-runner\_work'
[2026-04-03 10:59:30Z INFO HostContext] Well known directory 'Actions': 'D:\코딩\mlops_sentiment_api\actions-runner\actions-runner\_work\_actions'
[2026-04-03 10:59:30Z INFO ActionManifestManagerLegacy] Ignore action property author.
[2026-04-03 10:59:30Z INFO ActionManifestManagerLegacy] Ignore action property branding.
[2026-04-03 10:59:30Z INFO ActionManifestManagerLegacy] Loaded action.yml file: {
  "name": "Docker Login",
  "description": "GitHub Action to login against a Docker registry",
  "inputs": {
    "type": 2,
    "map": [
      {
        "key": {
          "type": 0,
          "file": 2,
          "line": 10,
          "col": 3,
          "lit": "registry"
        },
        "value": ""
      },
      {
        "key": {
          "type": 0,
          "file": 2,
          "line": 13,
          "col": 3,
          "lit": "username"
        },
        "value": ""
      },
      {
        "key": {
          "type": 0,
          "file": 2,
          "line": 16,
          "col": 3,
          "lit": "password"
        },
        "value": ""
      },
      {
        "key": {
          "type": 0,
          "file": 2,
          "line": 19,
          "col": 3,
          "lit": "ecr"
        },
        "value": ""
      },
      {
        "key": {
          "type": 0,
          "file": 2,
          "line": 22,
          "col": 3,
          "lit": "scope"
        },
        "value": ""
      },
      {
        "key": {
          "type": 0,
          "file": 2,
          "line": 25,
          "col": 3,
          "lit": "logout"
        },
        "value": {
          "type": 0,
          "file": 2,
          "line": 27,
          "col": 14,
          "lit": "true"
        }
      },
      {
        "key": {
          "type": 0,
          "file": 2,
          "line": 29,
          "col": 3,
          "lit": "registry-auth"
        },
        "value": ""
      }
    ]
  },
  "execution": {
    "executionType": "nodeJS",
    "hasPre": false,
    "hasPost": true,
    "script": "dist/index.js",
    "pre": null,
    "post": "dist/index.js",
    "nodeVersion": "node20",
    "cleanupCondition": "always()",
    "initCondition": "always()"
  },
  "deprecated": null
}
[2026-04-03 10:59:30Z INFO ActionManager] Action pre node.js file: N/A.
[2026-04-03 10:59:30Z INFO ActionManager] Action node.js file: dist/index.js.
[2026-04-03 10:59:30Z INFO ActionManager] Action post node.js file: dist/index.js.
[2026-04-03 10:59:30Z INFO ExecutionContext] Reserve record order 9 to 16 for post job actions.
[2026-04-03 10:59:30Z INFO HostContext] Well known directory 'Bin': 'D:\코딩\mlops_sentiment_api\actions-runner\actions-runner\bin'
[2026-04-03 10:59:30Z INFO HostContext] Well known directory 'Root': 'D:\코딩\mlops_sentiment_api\actions-runner\actions-runner'
[2026-04-03 10:59:30Z INFO HostContext] Well known directory 'Diag': 'D:\코딩\mlops_sentiment_api\actions-runner\actions-runner\_diag'
[2026-04-03 10:59:30Z INFO HostContext] Well known directory 'Bin': 'D:\코딩\mlops_sentiment_api\actions-runner\actions-runner\bin'
[2026-04-03 10:59:30Z INFO HostContext] Well known directory 'Root': 'D:\코딩\mlops_sentiment_api\actions-runner\actions-runner'
[2026-04-03 10:59:30Z INFO HostContext] Well known directory 'Diag': 'D:\코딩\mlops_sentiment_api\actions-runner\actions-runner\_diag'
[2026-04-03 10:59:30Z INFO HostContext] Well known directory 'Bin': 'D:\코딩\mlops_sentiment_api\actions-runner\actions-runner\bin'
[2026-04-03 10:59:30Z INFO HostContext] Well known directory 'Root': 'D:\코딩\mlops_sentiment_api\actions-runner\actions-runner'
[2026-04-03 10:59:30Z INFO HostContext] Well known directory 'Work': 'D:\코딩\mlops_sentiment_api\actions-runner\actions-runner\_work'
[2026-04-03 10:59:30Z INFO HostContext] Well known directory 'Temp': 'D:\코딩\mlops_sentiment_api\actions-runner\actions-runner\_work\_temp'
[2026-04-03 10:59:30Z INFO ExecutionContext] Write event payload to D:\코딩\mlops_sentiment_api\actions-runner\actions-runner\_work\_temp\_github_workflow\event.json
[2026-04-03 10:59:30Z INFO HostContext] Well known directory 'Bin': 'D:\코딩\mlops_sentiment_api\actions-runner\actions-runner\bin'
[2026-04-03 10:59:30Z INFO HostContext] Well known directory 'Root': 'D:\코딩\mlops_sentiment_api\actions-runner\actions-runner'
[2026-04-03 10:59:30Z INFO HostContext] Well known directory 'Work': 'D:\코딩\mlops_sentiment_api\actions-runner\actions-runner\_work'
[2026-04-03 10:59:30Z INFO HostContext] Well known directory 'Temp': 'D:\코딩\mlops_sentiment_api\actions-runner\actions-runner\_work\_temp'
[2026-04-03 10:59:30Z INFO ExtensionManager] Getting extensions for interface: 'GitHub.Runner.Worker.IFileCommandExtension'
[2026-04-03 10:59:30Z INFO ExtensionManager] Creating instance: GitHub.Runner.Worker.AddPathFileCommand, Runner.Worker
[2026-04-03 10:59:30Z INFO ExtensionManager] Creating instance: GitHub.Runner.Worker.SetEnvFileCommand, Runner.Worker
[2026-04-03 10:59:30Z INFO ExtensionManager] Creating instance: GitHub.Runner.Worker.CreateStepSummaryCommand, Runner.Worker
[2026-04-03 10:59:30Z INFO ExtensionManager] Creating instance: GitHub.Runner.Worker.SaveStateFileCommand, Runner.Worker
[2026-04-03 10:59:30Z INFO ExtensionManager] Creating instance: GitHub.Runner.Worker.SetOutputFileCommand, Runner.Worker
[2026-04-03 10:59:30Z INFO ActionManifestManagerLegacy] Input 'registry': default value evaluate result: ""
[2026-04-03 10:59:30Z INFO ActionManifestManagerLegacy] Input 'ecr': default value evaluate result: ""
[2026-04-03 10:59:30Z INFO ActionManifestManagerLegacy] Input 'scope': default value evaluate result: ""
[2026-04-03 10:59:30Z INFO ActionManifestManagerLegacy] Input 'logout': default value evaluate result: {
  "type": 0,
  "file": 2,
  "line": 27,
  "col": 14,
  "lit": "true"
}
[2026-04-03 10:59:30Z INFO ActionManifestManagerLegacy] Input 'registry-auth': default value evaluate result: ""
[2026-04-03 10:59:30Z INFO ExtensionManager] Getting extensions for interface: 'GitHub.Runner.Worker.IActionCommandExtension'
[2026-04-03 10:59:30Z INFO ExtensionManager] Creating instance: GitHub.Runner.Worker.InternalPluginSetRepoPathCommandExtension, Runner.Worker
[2026-04-03 10:59:30Z INFO ExtensionManager] Creating instance: GitHub.Runner.Worker.SetEnvCommandExtension, Runner.Worker
[2026-04-03 10:59:30Z INFO ExtensionManager] Creating instance: GitHub.Runner.Worker.SetOutputCommandExtension, Runner.Worker
[2026-04-03 10:59:30Z INFO ExtensionManager] Creating instance: GitHub.Runner.Worker.SaveStateCommandExtension, Runner.Worker
[2026-04-03 10:59:30Z INFO ExtensionManager] Creating instance: GitHub.Runner.Worker.AddPathCommandExtension, Runner.Worker
[2026-04-03 10:59:30Z INFO ExtensionManager] Creating instance: GitHub.Runner.Worker.AddMaskCommandExtension, Runner.Worker
[2026-04-03 10:59:30Z INFO ExtensionManager] Creating instance: GitHub.Runner.Worker.AddMatcherCommandExtension, Runner.Worker
[2026-04-03 10:59:30Z INFO ExtensionManager] Creating instance: GitHub.Runner.Worker.RemoveMatcherCommandExtension, Runner.Worker
[2026-04-03 10:59:30Z INFO ExtensionManager] Creating instance: GitHub.Runner.Worker.WarningCommandExtension, Runner.Worker
[2026-04-03 10:59:30Z INFO ExtensionManager] Creating instance: GitHub.Runner.Worker.ErrorCommandExtension, Runner.Worker
[2026-04-03 10:59:30Z INFO ExtensionManager] Creating instance: GitHub.Runner.Worker.NoticeCommandExtension, Runner.Worker
[2026-04-03 10:59:30Z INFO ExtensionManager] Creating instance: GitHub.Runner.Worker.DebugCommandExtension, Runner.Worker
[2026-04-03 10:59:30Z INFO ExtensionManager] Creating instance: GitHub.Runner.Worker.GroupCommandExtension, Runner.Worker
[2026-04-03 10:59:30Z INFO ExtensionManager] Creating instance: GitHub.Runner.Worker.EndGroupCommandExtension, Runner.Worker
[2026-04-03 10:59:30Z INFO ExtensionManager] Creating instance: GitHub.Runner.Worker.EchoCommandExtension, Runner.Worker
[2026-04-03 10:59:30Z INFO ActionCommandManager] Register action command extension for command internal-set-repo-path
[2026-04-03 10:59:30Z INFO ActionCommandManager] Register action command extension for command set-env
[2026-04-03 10:59:30Z INFO ActionCommandManager] Register action command extension for command set-output
[2026-04-03 10:59:30Z INFO ActionCommandManager] Register action command extension for command save-state
[2026-04-03 10:59:30Z INFO ActionCommandManager] Register action command extension for command add-path
[2026-04-03 10:59:30Z INFO ActionCommandManager] Register action command extension for command add-mask
[2026-04-03 10:59:30Z INFO ActionCommandManager] Register action command extension for command add-matcher
[2026-04-03 10:59:30Z INFO ActionCommandManager] Register action command extension for command remove-matcher
[2026-04-03 10:59:30Z INFO ActionCommandManager] Register action command extension for command warning
[2026-04-03 10:59:30Z INFO ActionCommandManager] Register action command extension for command error
[2026-04-03 10:59:30Z INFO ActionCommandManager] Register action command extension for command notice
[2026-04-03 10:59:30Z INFO ActionCommandManager] Register action command extension for command debug
[2026-04-03 10:59:30Z INFO ActionCommandManager] Register action command extension for command group
[2026-04-03 10:59:30Z INFO ActionCommandManager] Register action command extension for command endgroup
[2026-04-03 10:59:30Z INFO ActionCommandManager] Register action command extension for command echo
[2026-04-03 10:59:30Z INFO HostContext] Well known directory 'Bin': 'D:\코딩\mlops_sentiment_api\actions-runner\actions-runner\bin'
[2026-04-03 10:59:30Z INFO HostContext] Well known directory 'Root': 'D:\코딩\mlops_sentiment_api\actions-runner\actions-runner'
[2026-04-03 10:59:30Z INFO HostContext] Well known directory 'Externals': 'D:\코딩\mlops_sentiment_api\actions-runner\actions-runner\externals'
[2026-04-03 10:59:30Z INFO ProcessInvokerWrapper] Starting process:
[2026-04-03 10:59:30Z INFO ProcessInvokerWrapper]   File name: 'D:\코딩\mlops_sentiment_api\actions-runner\actions-runner\externals\node24\bin\node.exe'
[2026-04-03 10:59:30Z INFO ProcessInvokerWrapper]   Arguments: '"D:\코딩\mlops_sentiment_api\actions-runner\actions-runner\_work\_actions\docker\login-action\v3\dist/index.js"'
[2026-04-03 10:59:30Z INFO ProcessInvokerWrapper]   Working directory: 'D:\코딩\mlops_sentiment_api\actions-runner\actions-runner\_work\opensource-hw2\opensource-hw2'
[2026-04-03 10:59:30Z INFO ProcessInvokerWrapper]   Require exit code zero: 'False'
[2026-04-03 10:59:30Z INFO ProcessInvokerWrapper]   Encoding web name: utf-8 ; code page: '65001'
[2026-04-03 10:59:30Z INFO ProcessInvokerWrapper]   Force kill process on cancellation: 'False'
[2026-04-03 10:59:30Z INFO ProcessInvokerWrapper]   Redirected STDIN: 'False'
[2026-04-03 10:59:30Z INFO ProcessInvokerWrapper]   Persist current code page: 'True'
[2026-04-03 10:59:30Z INFO ProcessInvokerWrapper]   Keep redirected STDIN open: 'False'
[2026-04-03 10:59:30Z INFO ProcessInvokerWrapper]   High priority process: 'False'
[2026-04-03 10:59:30Z INFO ProcessInvokerWrapper] Process started with process id 30828, waiting for process exit.
[2026-04-03 10:59:30Z INFO JobServerQueue] Try to append 1 batches web console lines for record 'c9242f5b-4fe8-48ba-8295-f06b2cd604da', success rate: 1/1.
[2026-04-03 10:59:30Z INFO JobServerQueue] Try to append 1 batches web console lines for record 'c2dd78ff-0cca-4291-9789-1db1ed374e5c', success rate: 1/1.
[2026-04-03 10:59:31Z INFO JobServerQueue] Got a step log file to send to results service.
[2026-04-03 10:59:31Z INFO JobServerQueue] Starting upload of step log file to results service ResultsLog, D:\코딩\mlops_sentiment_api\actions-runner\actions-runner\_diag\blocks\d5950f3e-9b74-4bb9-9e7a-6d80ac0b886c_c9242f5b-4fe8-48ba-8295-f06b2cd604da.1
[2026-04-03 10:59:31Z INFO JobServerQueue] Try to upload 1 log files or attachments, success rate: 1/1.
[2026-04-03 10:59:31Z INFO JobServerQueue] Try to append 1 batches web console lines for record 'c2dd78ff-0cca-4291-9789-1db1ed374e5c', success rate: 1/1.
[2026-04-03 10:59:32Z INFO JobServerQueue] Tried to upload 1 file(s) to results, success rate: 1/1.
[2026-04-03 10:59:33Z INFO ProcessInvokerWrapper] STDOUT/STDERR stream read finished.
[2026-04-03 10:59:33Z INFO ProcessInvokerWrapper] STDOUT/STDERR stream read finished.
[2026-04-03 10:59:33Z INFO ProcessInvokerWrapper] Finished process 30828 with exit code 0, and elapsed time 00:00:03.0650164.
[2026-04-03 10:59:33Z INFO CreateStepSummaryCommand] Step Summary file (D:\코딩\mlops_sentiment_api\actions-runner\actions-runner\_work\_temp\_runner_file_commands\step_summary_1b607ac7-2bd4-4330-8605-2c53ac3808fa) is empty; skipping attachment upload
[2026-04-03 10:59:33Z INFO StepsRunner] Step result: 
[2026-04-03 10:59:33Z INFO ExecutionContext] Publish step telemetry for current step {
  "action": "docker/login-action",
  "ref": "v3",
  "type": "node24",
  "stage": "Main",
  "stepId": "c2dd78ff-0cca-4291-9789-1db1ed374e5c",
  "stepContextName": "__docker_login-action",
  "hasPreStep": false,
  "hasPostStep": true,
  "result": "succeeded",
  "errorMessages": [],
  "executionTimeInSeconds": 4,
  "startTime": "2026-04-03T10:59:30.8299903Z",
  "finishTime": "2026-04-03T10:59:33.9629151Z"
}.
[2026-04-03 10:59:33Z INFO StepsRunner] No need for updating job result with current step result 'Succeeded'.
[2026-04-03 10:59:33Z INFO StepsRunner] Current state: job state = ''
[2026-04-03 10:59:33Z INFO StepsRunner] Processing step: DisplayName='Check Docker is running'
[2026-04-03 10:59:33Z INFO StepsRunner] Evaluating: success()
[2026-04-03 10:59:33Z INFO StepsRunner] Result: true
[2026-04-03 10:59:33Z INFO StepsRunner] Starting the step.
[2026-04-03 10:59:33Z INFO HostContext] Well known directory 'Bin': 'D:\코딩\mlops_sentiment_api\actions-runner\actions-runner\bin'
[2026-04-03 10:59:33Z INFO HostContext] Well known directory 'Root': 'D:\코딩\mlops_sentiment_api\actions-runner\actions-runner'
[2026-04-03 10:59:33Z INFO HostContext] Well known directory 'Work': 'D:\코딩\mlops_sentiment_api\actions-runner\actions-runner\_work'
[2026-04-03 10:59:33Z INFO StepsRunner] Which2: 'chcp'
[2026-04-03 10:59:33Z INFO StepsRunner] Location: 'C:\WINDOWS\system32\chcp.COM'
[2026-04-03 10:59:33Z INFO ProcessInvokerWrapper] Starting process:
[2026-04-03 10:59:33Z INFO ProcessInvokerWrapper]   File name: 'C:\WINDOWS\system32\chcp.COM'
[2026-04-03 10:59:33Z INFO ProcessInvokerWrapper]   Arguments: '65001'
[2026-04-03 10:59:33Z INFO ProcessInvokerWrapper]   Working directory: 'D:\코딩\mlops_sentiment_api\actions-runner\actions-runner\_work'
[2026-04-03 10:59:33Z INFO ProcessInvokerWrapper]   Require exit code zero: 'False'
[2026-04-03 10:59:33Z INFO ProcessInvokerWrapper]   Encoding web name:  ; code page: ''
[2026-04-03 10:59:33Z INFO ProcessInvokerWrapper]   Force kill process on cancellation: 'False'
[2026-04-03 10:59:33Z INFO ProcessInvokerWrapper]   Redirected STDIN: 'False'
[2026-04-03 10:59:33Z INFO ProcessInvokerWrapper]   Persist current code page: 'True'
[2026-04-03 10:59:33Z INFO ProcessInvokerWrapper]   Keep redirected STDIN open: 'False'
[2026-04-03 10:59:33Z INFO ProcessInvokerWrapper]   High priority process: 'False'
[2026-04-03 10:59:33Z INFO ProcessInvokerWrapper] Process started with process id 27716, waiting for process exit.
[2026-04-03 10:59:33Z INFO ProcessInvokerWrapper] STDOUT/STDERR stream read finished.
[2026-04-03 10:59:33Z INFO ProcessInvokerWrapper] STDOUT/STDERR stream read finished.
[2026-04-03 10:59:33Z INFO ProcessInvokerWrapper] Finished process 27716 with exit code 0, and elapsed time 00:00:00.0074485.
[2026-04-03 10:59:33Z INFO StepsRunner] Successfully returned to code page 65001 (UTF8)
[2026-04-03 10:59:33Z INFO HostContext] Well known directory 'Bin': 'D:\코딩\mlops_sentiment_api\actions-runner\actions-runner\bin'
[2026-04-03 10:59:33Z INFO HostContext] Well known directory 'Root': 'D:\코딩\mlops_sentiment_api\actions-runner\actions-runner'
[2026-04-03 10:59:33Z INFO HostContext] Well known directory 'Work': 'D:\코딩\mlops_sentiment_api\actions-runner\actions-runner\_work'
[2026-04-03 10:59:33Z INFO HostContext] Well known directory 'Temp': 'D:\코딩\mlops_sentiment_api\actions-runner\actions-runner\_work\_temp'
[2026-04-03 10:59:33Z INFO ExecutionContext] Write event payload to D:\코딩\mlops_sentiment_api\actions-runner\actions-runner\_work\_temp\_github_workflow\event.json
[2026-04-03 10:59:33Z INFO HostContext] Well known directory 'Bin': 'D:\코딩\mlops_sentiment_api\actions-runner\actions-runner\bin'
[2026-04-03 10:59:33Z INFO HostContext] Well known directory 'Root': 'D:\코딩\mlops_sentiment_api\actions-runner\actions-runner'
[2026-04-03 10:59:33Z INFO HostContext] Well known directory 'Work': 'D:\코딩\mlops_sentiment_api\actions-runner\actions-runner\_work'
[2026-04-03 10:59:33Z INFO HostContext] Well known directory 'Temp': 'D:\코딩\mlops_sentiment_api\actions-runner\actions-runner\_work\_temp'
[2026-04-03 10:59:33Z INFO ExtensionManager] Getting extensions for interface: 'GitHub.Runner.Worker.IFileCommandExtension'
[2026-04-03 10:59:33Z INFO ExtensionManager] Getting extensions for interface: 'GitHub.Runner.Worker.IActionCommandExtension'
[2026-04-03 10:59:33Z INFO ActionCommandManager] Register action command extension for command internal-set-repo-path
[2026-04-03 10:59:33Z INFO ActionCommandManager] Register action command extension for command set-env
[2026-04-03 10:59:33Z INFO ActionCommandManager] Register action command extension for command set-output
[2026-04-03 10:59:33Z INFO ActionCommandManager] Register action command extension for command save-state
[2026-04-03 10:59:33Z INFO ActionCommandManager] Register action command extension for command add-path
[2026-04-03 10:59:33Z INFO ActionCommandManager] Register action command extension for command add-mask
[2026-04-03 10:59:33Z INFO ActionCommandManager] Register action command extension for command add-matcher
[2026-04-03 10:59:33Z INFO ActionCommandManager] Register action command extension for command remove-matcher
[2026-04-03 10:59:33Z INFO ActionCommandManager] Register action command extension for command warning
[2026-04-03 10:59:33Z INFO ActionCommandManager] Register action command extension for command error
[2026-04-03 10:59:33Z INFO ActionCommandManager] Register action command extension for command notice
[2026-04-03 10:59:33Z INFO ActionCommandManager] Register action command extension for command debug
[2026-04-03 10:59:33Z INFO ActionCommandManager] Register action command extension for command group
[2026-04-03 10:59:33Z INFO ActionCommandManager] Register action command extension for command endgroup
[2026-04-03 10:59:33Z INFO ActionCommandManager] Register action command extension for command echo
[2026-04-03 10:59:33Z INFO ScriptHandler] Which2: 'cmd'
[2026-04-03 10:59:33Z INFO ScriptHandler] Location: 'C:\WINDOWS\system32\cmd.EXE'
[2026-04-03 10:59:33Z INFO HostContext] Well known directory 'Bin': 'D:\코딩\mlops_sentiment_api\actions-runner\actions-runner\bin'
[2026-04-03 10:59:33Z INFO HostContext] Well known directory 'Root': 'D:\코딩\mlops_sentiment_api\actions-runner\actions-runner'
[2026-04-03 10:59:33Z INFO HostContext] Well known directory 'Work': 'D:\코딩\mlops_sentiment_api\actions-runner\actions-runner\_work'
[2026-04-03 10:59:33Z INFO HostContext] Well known directory 'Temp': 'D:\코딩\mlops_sentiment_api\actions-runner\actions-runner\_work\_temp'
[2026-04-03 10:59:33Z INFO ScriptHandler] Which2: 'cmd'
[2026-04-03 10:59:33Z INFO ScriptHandler] Location: 'C:\WINDOWS\system32\cmd.EXE'
[2026-04-03 10:59:33Z INFO ProcessInvokerWrapper] Starting process:
[2026-04-03 10:59:33Z INFO ProcessInvokerWrapper]   File name: 'C:\WINDOWS\system32\cmd.EXE'
[2026-04-03 10:59:33Z INFO ProcessInvokerWrapper]   Arguments: '/D /E:ON /V:OFF /S /C "CALL "D:\코딩\mlops_sentiment_api\actions-runner\actions-runner\_work\_temp\f7d4f455-b7e4-433b-8785-858c36a46b5c.cmd""'
[2026-04-03 10:59:33Z INFO ProcessInvokerWrapper]   Working directory: 'D:\코딩\mlops_sentiment_api\actions-runner\actions-runner\_work\opensource-hw2\opensource-hw2'
[2026-04-03 10:59:33Z INFO ProcessInvokerWrapper]   Require exit code zero: 'False'
[2026-04-03 10:59:33Z INFO ProcessInvokerWrapper]   Encoding web name:  ; code page: ''
[2026-04-03 10:59:33Z INFO ProcessInvokerWrapper]   Force kill process on cancellation: 'False'
[2026-04-03 10:59:33Z INFO ProcessInvokerWrapper]   Redirected STDIN: 'False'
[2026-04-03 10:59:33Z INFO ProcessInvokerWrapper]   Persist current code page: 'True'
[2026-04-03 10:59:33Z INFO ProcessInvokerWrapper]   Keep redirected STDIN open: 'False'
[2026-04-03 10:59:33Z INFO ProcessInvokerWrapper]   High priority process: 'False'
[2026-04-03 10:59:33Z INFO ProcessInvokerWrapper] Process started with process id 3400, waiting for process exit.
[2026-04-03 10:59:34Z INFO JobServerQueue] Try to upload 1 log files or attachments, success rate: 1/1.
[2026-04-03 10:59:34Z INFO JobServerQueue] Try to append 1 batches web console lines for record 'c2dd78ff-0cca-4291-9789-1db1ed374e5c', success rate: 1/1.
[2026-04-03 10:59:34Z INFO JobServerQueue] Try to append 1 batches web console lines for record '38708a67-bd0d-4b3e-9285-fe788578a4ac', success rate: 1/1.
[2026-04-03 10:59:34Z INFO JobServerQueue] Got a step log file to send to results service.
[2026-04-03 10:59:34Z INFO JobServerQueue] Starting upload of step log file to results service ResultsLog, D:\코딩\mlops_sentiment_api\actions-runner\actions-runner\_diag\blocks\d5950f3e-9b74-4bb9-9e7a-6d80ac0b886c_c2dd78ff-0cca-4291-9789-1db1ed374e5c.1
[2026-04-03 10:59:34Z INFO ProcessInvokerWrapper] STDOUT/STDERR stream read finished.
[2026-04-03 10:59:34Z INFO ProcessInvokerWrapper] STDOUT/STDERR stream read finished.
[2026-04-03 10:59:34Z INFO ProcessInvokerWrapper] Finished process 3400 with exit code 0, and elapsed time 00:00:00.2664238.
[2026-04-03 10:59:34Z INFO CreateStepSummaryCommand] Step Summary file (D:\코딩\mlops_sentiment_api\actions-runner\actions-runner\_work\_temp\_runner_file_commands\step_summary_c76ff1db-0bd2-45bf-b390-4d85949ae06a) is empty; skipping attachment upload
[2026-04-03 10:59:34Z INFO StepsRunner] Step result: 
[2026-04-03 10:59:34Z INFO ExecutionContext] Publish step telemetry for current step {
  "action": "cmd",
  "type": "run",
  "stage": "Main",
  "stepId": "38708a67-bd0d-4b3e-9285-fe788578a4ac",
  "stepContextName": "__run",
  "result": "succeeded",
  "errorMessages": [],
  "executionTimeInSeconds": 1,
  "startTime": "2026-04-03T10:59:33.9642221Z",
  "finishTime": "2026-04-03T10:59:34.2564654Z"
}.
[2026-04-03 10:59:34Z INFO StepsRunner] No need for updating job result with current step result 'Succeeded'.
[2026-04-03 10:59:34Z INFO StepsRunner] Current state: job state = ''
[2026-04-03 10:59:34Z INFO StepsRunner] Processing step: DisplayName='Pull latest image from Docker Hub'
[2026-04-03 10:59:34Z INFO StepsRunner] Evaluating: success()
[2026-04-03 10:59:34Z INFO StepsRunner] Result: true
[2026-04-03 10:59:34Z INFO StepsRunner] Starting the step.
[2026-04-03 10:59:34Z INFO HostContext] Well known directory 'Bin': 'D:\코딩\mlops_sentiment_api\actions-runner\actions-runner\bin'
[2026-04-03 10:59:34Z INFO HostContext] Well known directory 'Root': 'D:\코딩\mlops_sentiment_api\actions-runner\actions-runner'
[2026-04-03 10:59:34Z INFO HostContext] Well known directory 'Work': 'D:\코딩\mlops_sentiment_api\actions-runner\actions-runner\_work'
[2026-04-03 10:59:34Z INFO StepsRunner] Which2: 'chcp'
[2026-04-03 10:59:34Z INFO StepsRunner] Location: 'C:\WINDOWS\system32\chcp.COM'
[2026-04-03 10:59:34Z INFO ProcessInvokerWrapper] Starting process:
[2026-04-03 10:59:34Z INFO ProcessInvokerWrapper]   File name: 'C:\WINDOWS\system32\chcp.COM'
[2026-04-03 10:59:34Z INFO ProcessInvokerWrapper]   Arguments: '65001'
[2026-04-03 10:59:34Z INFO ProcessInvokerWrapper]   Working directory: 'D:\코딩\mlops_sentiment_api\actions-runner\actions-runner\_work'
[2026-04-03 10:59:34Z INFO ProcessInvokerWrapper]   Require exit code zero: 'False'
[2026-04-03 10:59:34Z INFO ProcessInvokerWrapper]   Encoding web name:  ; code page: ''
[2026-04-03 10:59:34Z INFO ProcessInvokerWrapper]   Force kill process on cancellation: 'False'
[2026-04-03 10:59:34Z INFO ProcessInvokerWrapper]   Redirected STDIN: 'False'
[2026-04-03 10:59:34Z INFO ProcessInvokerWrapper]   Persist current code page: 'True'
[2026-04-03 10:59:34Z INFO ProcessInvokerWrapper]   Keep redirected STDIN open: 'False'
[2026-04-03 10:59:34Z INFO ProcessInvokerWrapper]   High priority process: 'False'
[2026-04-03 10:59:34Z INFO ProcessInvokerWrapper] Process started with process id 29396, waiting for process exit.
[2026-04-03 10:59:34Z INFO ProcessInvokerWrapper] STDOUT/STDERR stream read finished.
[2026-04-03 10:59:34Z INFO ProcessInvokerWrapper] STDOUT/STDERR stream read finished.
[2026-04-03 10:59:34Z INFO ProcessInvokerWrapper] Finished process 29396 with exit code 0, and elapsed time 00:00:00.0067583.
[2026-04-03 10:59:34Z INFO StepsRunner] Successfully returned to code page 65001 (UTF8)
[2026-04-03 10:59:34Z INFO HostContext] Well known directory 'Bin': 'D:\코딩\mlops_sentiment_api\actions-runner\actions-runner\bin'
[2026-04-03 10:59:34Z INFO HostContext] Well known directory 'Root': 'D:\코딩\mlops_sentiment_api\actions-runner\actions-runner'
[2026-04-03 10:59:34Z INFO HostContext] Well known directory 'Work': 'D:\코딩\mlops_sentiment_api\actions-runner\actions-runner\_work'
[2026-04-03 10:59:34Z INFO HostContext] Well known directory 'Temp': 'D:\코딩\mlops_sentiment_api\actions-runner\actions-runner\_work\_temp'
[2026-04-03 10:59:34Z INFO ExecutionContext] Write event payload to D:\코딩\mlops_sentiment_api\actions-runner\actions-runner\_work\_temp\_github_workflow\event.json
[2026-04-03 10:59:34Z INFO HostContext] Well known directory 'Bin': 'D:\코딩\mlops_sentiment_api\actions-runner\actions-runner\bin'
[2026-04-03 10:59:34Z INFO HostContext] Well known directory 'Root': 'D:\코딩\mlops_sentiment_api\actions-runner\actions-runner'
[2026-04-03 10:59:34Z INFO HostContext] Well known directory 'Work': 'D:\코딩\mlops_sentiment_api\actions-runner\actions-runner\_work'
[2026-04-03 10:59:34Z INFO HostContext] Well known directory 'Temp': 'D:\코딩\mlops_sentiment_api\actions-runner\actions-runner\_work\_temp'
[2026-04-03 10:59:34Z INFO ExtensionManager] Getting extensions for interface: 'GitHub.Runner.Worker.IFileCommandExtension'
[2026-04-03 10:59:34Z INFO ExtensionManager] Getting extensions for interface: 'GitHub.Runner.Worker.IActionCommandExtension'
[2026-04-03 10:59:34Z INFO ActionCommandManager] Register action command extension for command internal-set-repo-path
[2026-04-03 10:59:34Z INFO ActionCommandManager] Register action command extension for command set-env
[2026-04-03 10:59:34Z INFO ActionCommandManager] Register action command extension for command set-output
[2026-04-03 10:59:34Z INFO ActionCommandManager] Register action command extension for command save-state
[2026-04-03 10:59:34Z INFO ActionCommandManager] Register action command extension for command add-path
[2026-04-03 10:59:34Z INFO ActionCommandManager] Register action command extension for command add-mask
[2026-04-03 10:59:34Z INFO ActionCommandManager] Register action command extension for command add-matcher
[2026-04-03 10:59:34Z INFO ActionCommandManager] Register action command extension for command remove-matcher
[2026-04-03 10:59:34Z INFO ActionCommandManager] Register action command extension for command warning
[2026-04-03 10:59:34Z INFO ActionCommandManager] Register action command extension for command error
[2026-04-03 10:59:34Z INFO ActionCommandManager] Register action command extension for command notice
[2026-04-03 10:59:34Z INFO ActionCommandManager] Register action command extension for command debug
[2026-04-03 10:59:34Z INFO ActionCommandManager] Register action command extension for command group
[2026-04-03 10:59:34Z INFO ActionCommandManager] Register action command extension for command endgroup
[2026-04-03 10:59:34Z INFO ActionCommandManager] Register action command extension for command echo
[2026-04-03 10:59:34Z INFO ScriptHandler] Which2: 'cmd'
[2026-04-03 10:59:34Z INFO ScriptHandler] Location: 'C:\WINDOWS\system32\cmd.EXE'
[2026-04-03 10:59:34Z INFO HostContext] Well known directory 'Bin': 'D:\코딩\mlops_sentiment_api\actions-runner\actions-runner\bin'
[2026-04-03 10:59:34Z INFO HostContext] Well known directory 'Root': 'D:\코딩\mlops_sentiment_api\actions-runner\actions-runner'
[2026-04-03 10:59:34Z INFO HostContext] Well known directory 'Work': 'D:\코딩\mlops_sentiment_api\actions-runner\actions-runner\_work'
[2026-04-03 10:59:34Z INFO HostContext] Well known directory 'Temp': 'D:\코딩\mlops_sentiment_api\actions-runner\actions-runner\_work\_temp'
[2026-04-03 10:59:34Z INFO ScriptHandler] Which2: 'cmd'
[2026-04-03 10:59:34Z INFO ScriptHandler] Location: 'C:\WINDOWS\system32\cmd.EXE'
[2026-04-03 10:59:34Z INFO ProcessInvokerWrapper] Starting process:
[2026-04-03 10:59:34Z INFO ProcessInvokerWrapper]   File name: 'C:\WINDOWS\system32\cmd.EXE'
[2026-04-03 10:59:34Z INFO ProcessInvokerWrapper]   Arguments: '/D /E:ON /V:OFF /S /C "CALL "D:\코딩\mlops_sentiment_api\actions-runner\actions-runner\_work\_temp\3cd206bd-d998-444c-8ba4-eb7eeafca10b.cmd""'
[2026-04-03 10:59:34Z INFO ProcessInvokerWrapper]   Working directory: 'D:\코딩\mlops_sentiment_api\actions-runner\actions-runner\_work\opensource-hw2\opensource-hw2'
[2026-04-03 10:59:34Z INFO ProcessInvokerWrapper]   Require exit code zero: 'False'
[2026-04-03 10:59:34Z INFO ProcessInvokerWrapper]   Encoding web name:  ; code page: ''
[2026-04-03 10:59:34Z INFO ProcessInvokerWrapper]   Force kill process on cancellation: 'False'
[2026-04-03 10:59:34Z INFO ProcessInvokerWrapper]   Redirected STDIN: 'False'
[2026-04-03 10:59:34Z INFO ProcessInvokerWrapper]   Persist current code page: 'True'
[2026-04-03 10:59:34Z INFO ProcessInvokerWrapper]   Keep redirected STDIN open: 'False'
[2026-04-03 10:59:34Z INFO ProcessInvokerWrapper]   High priority process: 'False'
[2026-04-03 10:59:34Z INFO ProcessInvokerWrapper] Process started with process id 9728, waiting for process exit.
[2026-04-03 10:59:34Z INFO JobServerQueue] Try to append 2 batches web console lines for record '38708a67-bd0d-4b3e-9285-fe788578a4ac', success rate: 2/2.
[2026-04-03 10:59:34Z INFO JobServerQueue] Try to append 1 batches web console lines for record '047af7fb-21f0-4eb2-994b-37f85676a132', success rate: 1/1.
[2026-04-03 10:59:34Z INFO JobServerQueue] Tried to upload 1 file(s) to results, success rate: 1/1.
[2026-04-03 10:59:35Z INFO JobServerQueue] Try to upload 1 log files or attachments, success rate: 1/1.
[2026-04-03 10:59:35Z INFO JobServerQueue] Got a step log file to send to results service.
[2026-04-03 10:59:35Z INFO JobServerQueue] Starting upload of step log file to results service ResultsLog, D:\코딩\mlops_sentiment_api\actions-runner\actions-runner\_diag\blocks\d5950f3e-9b74-4bb9-9e7a-6d80ac0b886c_38708a67-bd0d-4b3e-9285-fe788578a4ac.1
[2026-04-03 10:59:36Z INFO JobServerQueue] Try to append 1 batches web console lines for record '047af7fb-21f0-4eb2-994b-37f85676a132', success rate: 1/1.
[2026-04-03 10:59:36Z INFO JobServerQueue] Tried to upload 1 file(s) to results, success rate: 1/1.
[2026-04-03 10:59:37Z INFO JobServerQueue] Try to append 1 batches web console lines for record '047af7fb-21f0-4eb2-994b-37f85676a132', success rate: 1/1.
[2026-04-03 10:59:38Z INFO JobServerQueue] Try to append 1 batches web console lines for record '047af7fb-21f0-4eb2-994b-37f85676a132', success rate: 1/1.
[2026-04-03 10:59:38Z INFO JobServerQueue] Try to append 1 batches web console lines for record '047af7fb-21f0-4eb2-994b-37f85676a132', success rate: 1/1.
[2026-04-03 10:59:40Z INFO HostContext] Well known directory 'Bin': 'D:\코딩\mlops_sentiment_api\actions-runner\actions-runner\bin'
[2026-04-03 10:59:40Z INFO HostContext] Well known directory 'Root': 'D:\코딩\mlops_sentiment_api\actions-runner\actions-runner'
[2026-04-03 10:59:40Z INFO HostContext] Well known directory 'Work': 'D:\코딩\mlops_sentiment_api\actions-runner\actions-runner\_work'
[2026-04-03 10:59:50Z INFO HostContext] Well known directory 'Bin': 'D:\코딩\mlops_sentiment_api\actions-runner\actions-runner\bin'
[2026-04-03 10:59:50Z INFO HostContext] Well known directory 'Root': 'D:\코딩\mlops_sentiment_api\actions-runner\actions-runner'
[2026-04-03 10:59:50Z INFO HostContext] Well known directory 'Work': 'D:\코딩\mlops_sentiment_api\actions-runner\actions-runner\_work'
[2026-04-03 11:00:00Z INFO HostContext] Well known directory 'Bin': 'D:\코딩\mlops_sentiment_api\actions-runner\actions-runner\bin'
[2026-04-03 11:00:00Z INFO HostContext] Well known directory 'Root': 'D:\코딩\mlops_sentiment_api\actions-runner\actions-runner'
[2026-04-03 11:00:00Z INFO HostContext] Well known directory 'Work': 'D:\코딩\mlops_sentiment_api\actions-runner\actions-runner\_work'
[2026-04-03 11:00:07Z INFO JobServerQueue] Try to append 1 batches web console lines for record '047af7fb-21f0-4eb2-994b-37f85676a132', success rate: 1/1.
[2026-04-03 11:00:09Z INFO ProcessInvokerWrapper] STDOUT/STDERR stream read finished.
[2026-04-03 11:00:09Z INFO ProcessInvokerWrapper] STDOUT/STDERR stream read finished.
[2026-04-03 11:00:09Z INFO ProcessInvokerWrapper] Finished process 9728 with exit code 0, and elapsed time 00:00:35.0921457.
[2026-04-03 11:00:09Z INFO CreateStepSummaryCommand] Step Summary file (D:\코딩\mlops_sentiment_api\actions-runner\actions-runner\_work\_temp\_runner_file_commands\step_summary_7ab499d5-12d9-489f-a2fa-61f24171bd47) is empty; skipping attachment upload
[2026-04-03 11:00:09Z INFO StepsRunner] Step result: 
[2026-04-03 11:00:09Z INFO ExecutionContext] Publish step telemetry for current step {
  "action": "cmd",
  "type": "run",
  "stage": "Main",
  "stepId": "047af7fb-21f0-4eb2-994b-37f85676a132",
  "stepContextName": "__run_2",
  "result": "succeeded",
  "errorMessages": [],
  "executionTimeInSeconds": 36,
  "startTime": "2026-04-03T10:59:34.2572825Z",
  "finishTime": "2026-04-03T11:00:09.370697Z"
}.
[2026-04-03 11:00:09Z INFO StepsRunner] No need for updating job result with current step result 'Succeeded'.
[2026-04-03 11:00:09Z INFO StepsRunner] Current state: job state = ''
[2026-04-03 11:00:09Z INFO StepsRunner] Processing step: DisplayName='Stop existing container'
[2026-04-03 11:00:09Z INFO StepsRunner] Evaluating: success()
[2026-04-03 11:00:09Z INFO StepsRunner] Result: true
[2026-04-03 11:00:09Z INFO StepsRunner] Starting the step.
[2026-04-03 11:00:09Z INFO HostContext] Well known directory 'Bin': 'D:\코딩\mlops_sentiment_api\actions-runner\actions-runner\bin'
[2026-04-03 11:00:09Z INFO HostContext] Well known directory 'Root': 'D:\코딩\mlops_sentiment_api\actions-runner\actions-runner'
[2026-04-03 11:00:09Z INFO HostContext] Well known directory 'Work': 'D:\코딩\mlops_sentiment_api\actions-runner\actions-runner\_work'
[2026-04-03 11:00:09Z INFO StepsRunner] Which2: 'chcp'
[2026-04-03 11:00:09Z INFO StepsRunner] Location: 'C:\WINDOWS\system32\chcp.COM'
[2026-04-03 11:00:09Z INFO ProcessInvokerWrapper] Starting process:
[2026-04-03 11:00:09Z INFO ProcessInvokerWrapper]   File name: 'C:\WINDOWS\system32\chcp.COM'
[2026-04-03 11:00:09Z INFO ProcessInvokerWrapper]   Arguments: '65001'
[2026-04-03 11:00:09Z INFO ProcessInvokerWrapper]   Working directory: 'D:\코딩\mlops_sentiment_api\actions-runner\actions-runner\_work'
[2026-04-03 11:00:09Z INFO ProcessInvokerWrapper]   Require exit code zero: 'False'
[2026-04-03 11:00:09Z INFO ProcessInvokerWrapper]   Encoding web name:  ; code page: ''
[2026-04-03 11:00:09Z INFO ProcessInvokerWrapper]   Force kill process on cancellation: 'False'
[2026-04-03 11:00:09Z INFO ProcessInvokerWrapper]   Redirected STDIN: 'False'
[2026-04-03 11:00:09Z INFO ProcessInvokerWrapper]   Persist current code page: 'True'
[2026-04-03 11:00:09Z INFO ProcessInvokerWrapper]   Keep redirected STDIN open: 'False'
[2026-04-03 11:00:09Z INFO ProcessInvokerWrapper]   High priority process: 'False'
[2026-04-03 11:00:09Z INFO JobServerQueue] Try to upload 1 log files or attachments, success rate: 1/1.
[2026-04-03 11:00:09Z INFO ProcessInvokerWrapper] Process started with process id 32608, waiting for process exit.
[2026-04-03 11:00:09Z INFO ProcessInvokerWrapper] STDOUT/STDERR stream read finished.
[2026-04-03 11:00:09Z INFO ProcessInvokerWrapper] STDOUT/STDERR stream read finished.
[2026-04-03 11:00:09Z INFO ProcessInvokerWrapper] Finished process 32608 with exit code 0, and elapsed time 00:00:00.0121197.
[2026-04-03 11:00:09Z INFO StepsRunner] Successfully returned to code page 65001 (UTF8)
[2026-04-03 11:00:09Z INFO HostContext] Well known directory 'Bin': 'D:\코딩\mlops_sentiment_api\actions-runner\actions-runner\bin'
[2026-04-03 11:00:09Z INFO HostContext] Well known directory 'Root': 'D:\코딩\mlops_sentiment_api\actions-runner\actions-runner'
[2026-04-03 11:00:09Z INFO HostContext] Well known directory 'Work': 'D:\코딩\mlops_sentiment_api\actions-runner\actions-runner\_work'
[2026-04-03 11:00:09Z INFO HostContext] Well known directory 'Temp': 'D:\코딩\mlops_sentiment_api\actions-runner\actions-runner\_work\_temp'
[2026-04-03 11:00:09Z INFO ExecutionContext] Write event payload to D:\코딩\mlops_sentiment_api\actions-runner\actions-runner\_work\_temp\_github_workflow\event.json
[2026-04-03 11:00:09Z INFO HostContext] Well known directory 'Bin': 'D:\코딩\mlops_sentiment_api\actions-runner\actions-runner\bin'
[2026-04-03 11:00:09Z INFO HostContext] Well known directory 'Root': 'D:\코딩\mlops_sentiment_api\actions-runner\actions-runner'
[2026-04-03 11:00:09Z INFO HostContext] Well known directory 'Work': 'D:\코딩\mlops_sentiment_api\actions-runner\actions-runner\_work'
[2026-04-03 11:00:09Z INFO HostContext] Well known directory 'Temp': 'D:\코딩\mlops_sentiment_api\actions-runner\actions-runner\_work\_temp'
[2026-04-03 11:00:09Z INFO ExtensionManager] Getting extensions for interface: 'GitHub.Runner.Worker.IFileCommandExtension'
[2026-04-03 11:00:09Z INFO ExtensionManager] Getting extensions for interface: 'GitHub.Runner.Worker.IActionCommandExtension'
[2026-04-03 11:00:09Z INFO ActionCommandManager] Register action command extension for command internal-set-repo-path
[2026-04-03 11:00:09Z INFO ActionCommandManager] Register action command extension for command set-env
[2026-04-03 11:00:09Z INFO ActionCommandManager] Register action command extension for command set-output
[2026-04-03 11:00:09Z INFO ActionCommandManager] Register action command extension for command save-state
[2026-04-03 11:00:09Z INFO ActionCommandManager] Register action command extension for command add-path
[2026-04-03 11:00:09Z INFO ActionCommandManager] Register action command extension for command add-mask
[2026-04-03 11:00:09Z INFO ActionCommandManager] Register action command extension for command add-matcher
[2026-04-03 11:00:09Z INFO ActionCommandManager] Register action command extension for command remove-matcher
[2026-04-03 11:00:09Z INFO ActionCommandManager] Register action command extension for command warning
[2026-04-03 11:00:09Z INFO ActionCommandManager] Register action command extension for command error
[2026-04-03 11:00:09Z INFO ActionCommandManager] Register action command extension for command notice
[2026-04-03 11:00:09Z INFO ActionCommandManager] Register action command extension for command debug
[2026-04-03 11:00:09Z INFO ActionCommandManager] Register action command extension for command group
[2026-04-03 11:00:09Z INFO ActionCommandManager] Register action command extension for command endgroup
[2026-04-03 11:00:09Z INFO ActionCommandManager] Register action command extension for command echo
[2026-04-03 11:00:09Z INFO ScriptHandler] Which2: 'cmd'
[2026-04-03 11:00:09Z INFO ScriptHandler] Location: 'C:\WINDOWS\system32\cmd.EXE'
[2026-04-03 11:00:09Z INFO HostContext] Well known directory 'Bin': 'D:\코딩\mlops_sentiment_api\actions-runner\actions-runner\bin'
[2026-04-03 11:00:09Z INFO HostContext] Well known directory 'Root': 'D:\코딩\mlops_sentiment_api\actions-runner\actions-runner'
[2026-04-03 11:00:09Z INFO HostContext] Well known directory 'Work': 'D:\코딩\mlops_sentiment_api\actions-runner\actions-runner\_work'
[2026-04-03 11:00:09Z INFO HostContext] Well known directory 'Temp': 'D:\코딩\mlops_sentiment_api\actions-runner\actions-runner\_work\_temp'
[2026-04-03 11:00:09Z INFO ScriptHandler] Which2: 'cmd'
[2026-04-03 11:00:09Z INFO ScriptHandler] Location: 'C:\WINDOWS\system32\cmd.EXE'
[2026-04-03 11:00:09Z INFO ProcessInvokerWrapper] Starting process:
[2026-04-03 11:00:09Z INFO ProcessInvokerWrapper]   File name: 'C:\WINDOWS\system32\cmd.EXE'
[2026-04-03 11:00:09Z INFO ProcessInvokerWrapper]   Arguments: '/D /E:ON /V:OFF /S /C "CALL "D:\코딩\mlops_sentiment_api\actions-runner\actions-runner\_work\_temp\83b9b87b-8aed-4e74-a369-cdd0a3537ca5.cmd""'
[2026-04-03 11:00:09Z INFO ProcessInvokerWrapper]   Working directory: 'D:\코딩\mlops_sentiment_api\actions-runner\actions-runner\_work\opensource-hw2\opensource-hw2'
[2026-04-03 11:00:09Z INFO ProcessInvokerWrapper]   Require exit code zero: 'False'
[2026-04-03 11:00:09Z INFO ProcessInvokerWrapper]   Encoding web name:  ; code page: ''
[2026-04-03 11:00:09Z INFO ProcessInvokerWrapper]   Force kill process on cancellation: 'False'
[2026-04-03 11:00:09Z INFO ProcessInvokerWrapper]   Redirected STDIN: 'False'
[2026-04-03 11:00:09Z INFO ProcessInvokerWrapper]   Persist current code page: 'True'
[2026-04-03 11:00:09Z INFO ProcessInvokerWrapper]   Keep redirected STDIN open: 'False'
[2026-04-03 11:00:09Z INFO ProcessInvokerWrapper]   High priority process: 'False'
[2026-04-03 11:00:09Z INFO ProcessInvokerWrapper] Process started with process id 31312, waiting for process exit.
[2026-04-03 11:00:09Z INFO JobServerQueue] Try to append 1 batches web console lines for record '047af7fb-21f0-4eb2-994b-37f85676a132', success rate: 1/1.
[2026-04-03 11:00:09Z INFO JobServerQueue] Try to append 1 batches web console lines for record 'd1d8a69e-ad4f-485b-8319-7df220a9aba2', success rate: 1/1.
[2026-04-03 11:00:09Z INFO JobServerQueue] Got a step log file to send to results service.
[2026-04-03 11:00:09Z INFO JobServerQueue] Starting upload of step log file to results service ResultsLog, D:\코딩\mlops_sentiment_api\actions-runner\actions-runner\_diag\blocks\d5950f3e-9b74-4bb9-9e7a-6d80ac0b886c_047af7fb-21f0-4eb2-994b-37f85676a132.1
[2026-04-03 11:00:10Z INFO JobServerQueue] Tried to upload 1 file(s) to results, success rate: 1/1.
[2026-04-03 11:00:10Z INFO ProcessInvokerWrapper] STDOUT/STDERR stream read finished.
[2026-04-03 11:00:10Z INFO ProcessInvokerWrapper] STDOUT/STDERR stream read finished.
[2026-04-03 11:00:10Z INFO ProcessInvokerWrapper] Finished process 31312 with exit code 0, and elapsed time 00:00:01.3518419.
[2026-04-03 11:00:10Z INFO CreateStepSummaryCommand] Step Summary file (D:\코딩\mlops_sentiment_api\actions-runner\actions-runner\_work\_temp\_runner_file_commands\step_summary_1523053d-3aa2-4b3e-bfeb-38e4b8aeb1e3) is empty; skipping attachment upload
[2026-04-03 11:00:10Z INFO StepsRunner] Step result: 
[2026-04-03 11:00:10Z INFO ExecutionContext] Publish step telemetry for current step {
  "action": "cmd",
  "type": "run",
  "stage": "Main",
  "stepId": "d1d8a69e-ad4f-485b-8319-7df220a9aba2",
  "stepContextName": "__run_3",
  "result": "succeeded",
  "errorMessages": [],
  "executionTimeInSeconds": 2,
  "startTime": "2026-04-03T11:00:09.3717009Z",
  "finishTime": "2026-04-03T11:00:10.7454557Z"
}.
[2026-04-03 11:00:10Z INFO StepsRunner] No need for updating job result with current step result 'Succeeded'.
[2026-04-03 11:00:10Z INFO StepsRunner] Current state: job state = ''
[2026-04-03 11:00:10Z INFO StepsRunner] Processing step: DisplayName='Remove existing container'
[2026-04-03 11:00:10Z INFO StepsRunner] Evaluating: success()
[2026-04-03 11:00:10Z INFO StepsRunner] Result: true
[2026-04-03 11:00:10Z INFO StepsRunner] Starting the step.
[2026-04-03 11:00:10Z INFO HostContext] Well known directory 'Bin': 'D:\코딩\mlops_sentiment_api\actions-runner\actions-runner\bin'
[2026-04-03 11:00:10Z INFO HostContext] Well known directory 'Root': 'D:\코딩\mlops_sentiment_api\actions-runner\actions-runner'
[2026-04-03 11:00:10Z INFO HostContext] Well known directory 'Work': 'D:\코딩\mlops_sentiment_api\actions-runner\actions-runner\_work'
[2026-04-03 11:00:10Z INFO StepsRunner] Which2: 'chcp'
[2026-04-03 11:00:10Z INFO StepsRunner] Location: 'C:\WINDOWS\system32\chcp.COM'
[2026-04-03 11:00:10Z INFO ProcessInvokerWrapper] Starting process:
[2026-04-03 11:00:10Z INFO ProcessInvokerWrapper]   File name: 'C:\WINDOWS\system32\chcp.COM'
[2026-04-03 11:00:10Z INFO ProcessInvokerWrapper]   Arguments: '65001'
[2026-04-03 11:00:10Z INFO ProcessInvokerWrapper]   Working directory: 'D:\코딩\mlops_sentiment_api\actions-runner\actions-runner\_work'
[2026-04-03 11:00:10Z INFO ProcessInvokerWrapper]   Require exit code zero: 'False'
[2026-04-03 11:00:10Z INFO ProcessInvokerWrapper]   Encoding web name:  ; code page: ''
[2026-04-03 11:00:10Z INFO ProcessInvokerWrapper]   Force kill process on cancellation: 'False'
[2026-04-03 11:00:10Z INFO ProcessInvokerWrapper]   Redirected STDIN: 'False'
[2026-04-03 11:00:10Z INFO ProcessInvokerWrapper]   Persist current code page: 'True'
[2026-04-03 11:00:10Z INFO ProcessInvokerWrapper]   Keep redirected STDIN open: 'False'
[2026-04-03 11:00:10Z INFO ProcessInvokerWrapper]   High priority process: 'False'
[2026-04-03 11:00:10Z INFO ProcessInvokerWrapper] Process started with process id 12692, waiting for process exit.
[2026-04-03 11:00:10Z INFO ProcessInvokerWrapper] STDOUT/STDERR stream read finished.
[2026-04-03 11:00:10Z INFO ProcessInvokerWrapper] STDOUT/STDERR stream read finished.
[2026-04-03 11:00:10Z INFO ProcessInvokerWrapper] Finished process 12692 with exit code 0, and elapsed time 00:00:00.0082250.
[2026-04-03 11:00:10Z INFO StepsRunner] Successfully returned to code page 65001 (UTF8)
[2026-04-03 11:00:10Z INFO HostContext] Well known directory 'Bin': 'D:\코딩\mlops_sentiment_api\actions-runner\actions-runner\bin'
[2026-04-03 11:00:10Z INFO HostContext] Well known directory 'Root': 'D:\코딩\mlops_sentiment_api\actions-runner\actions-runner'
[2026-04-03 11:00:10Z INFO HostContext] Well known directory 'Work': 'D:\코딩\mlops_sentiment_api\actions-runner\actions-runner\_work'
[2026-04-03 11:00:10Z INFO HostContext] Well known directory 'Temp': 'D:\코딩\mlops_sentiment_api\actions-runner\actions-runner\_work\_temp'
[2026-04-03 11:00:10Z INFO ExecutionContext] Write event payload to D:\코딩\mlops_sentiment_api\actions-runner\actions-runner\_work\_temp\_github_workflow\event.json
[2026-04-03 11:00:10Z INFO HostContext] Well known directory 'Bin': 'D:\코딩\mlops_sentiment_api\actions-runner\actions-runner\bin'
[2026-04-03 11:00:10Z INFO HostContext] Well known directory 'Root': 'D:\코딩\mlops_sentiment_api\actions-runner\actions-runner'
[2026-04-03 11:00:10Z INFO HostContext] Well known directory 'Work': 'D:\코딩\mlops_sentiment_api\actions-runner\actions-runner\_work'
[2026-04-03 11:00:10Z INFO HostContext] Well known directory 'Temp': 'D:\코딩\mlops_sentiment_api\actions-runner\actions-runner\_work\_temp'
[2026-04-03 11:00:10Z INFO ExtensionManager] Getting extensions for interface: 'GitHub.Runner.Worker.IFileCommandExtension'
[2026-04-03 11:00:10Z INFO ExtensionManager] Getting extensions for interface: 'GitHub.Runner.Worker.IActionCommandExtension'
[2026-04-03 11:00:10Z INFO ActionCommandManager] Register action command extension for command internal-set-repo-path
[2026-04-03 11:00:10Z INFO ActionCommandManager] Register action command extension for command set-env
[2026-04-03 11:00:10Z INFO ActionCommandManager] Register action command extension for command set-output
[2026-04-03 11:00:10Z INFO ActionCommandManager] Register action command extension for command save-state
[2026-04-03 11:00:10Z INFO ActionCommandManager] Register action command extension for command add-path
[2026-04-03 11:00:10Z INFO ActionCommandManager] Register action command extension for command add-mask
[2026-04-03 11:00:10Z INFO ActionCommandManager] Register action command extension for command add-matcher
[2026-04-03 11:00:10Z INFO ActionCommandManager] Register action command extension for command remove-matcher
[2026-04-03 11:00:10Z INFO ActionCommandManager] Register action command extension for command warning
[2026-04-03 11:00:10Z INFO ActionCommandManager] Register action command extension for command error
[2026-04-03 11:00:10Z INFO ActionCommandManager] Register action command extension for command notice
[2026-04-03 11:00:10Z INFO ActionCommandManager] Register action command extension for command debug
[2026-04-03 11:00:10Z INFO ActionCommandManager] Register action command extension for command group
[2026-04-03 11:00:10Z INFO ActionCommandManager] Register action command extension for command endgroup
[2026-04-03 11:00:10Z INFO ActionCommandManager] Register action command extension for command echo
[2026-04-03 11:00:10Z INFO ScriptHandler] Which2: 'cmd'
[2026-04-03 11:00:10Z INFO ScriptHandler] Location: 'C:\WINDOWS\system32\cmd.EXE'
[2026-04-03 11:00:10Z INFO HostContext] Well known directory 'Bin': 'D:\코딩\mlops_sentiment_api\actions-runner\actions-runner\bin'
[2026-04-03 11:00:10Z INFO HostContext] Well known directory 'Root': 'D:\코딩\mlops_sentiment_api\actions-runner\actions-runner'
[2026-04-03 11:00:10Z INFO HostContext] Well known directory 'Work': 'D:\코딩\mlops_sentiment_api\actions-runner\actions-runner\_work'
[2026-04-03 11:00:10Z INFO HostContext] Well known directory 'Temp': 'D:\코딩\mlops_sentiment_api\actions-runner\actions-runner\_work\_temp'
[2026-04-03 11:00:10Z INFO ScriptHandler] Which2: 'cmd'
[2026-04-03 11:00:10Z INFO ScriptHandler] Location: 'C:\WINDOWS\system32\cmd.EXE'
[2026-04-03 11:00:10Z INFO ProcessInvokerWrapper] Starting process:
[2026-04-03 11:00:10Z INFO ProcessInvokerWrapper]   File name: 'C:\WINDOWS\system32\cmd.EXE'
[2026-04-03 11:00:10Z INFO ProcessInvokerWrapper]   Arguments: '/D /E:ON /V:OFF /S /C "CALL "D:\코딩\mlops_sentiment_api\actions-runner\actions-runner\_work\_temp\a84a1c31-1a28-4b38-be27-e5c8cc3592a9.cmd""'
[2026-04-03 11:00:10Z INFO ProcessInvokerWrapper]   Working directory: 'D:\코딩\mlops_sentiment_api\actions-runner\actions-runner\_work\opensource-hw2\opensource-hw2'
[2026-04-03 11:00:10Z INFO ProcessInvokerWrapper]   Require exit code zero: 'False'
[2026-04-03 11:00:10Z INFO ProcessInvokerWrapper]   Encoding web name:  ; code page: ''
[2026-04-03 11:00:10Z INFO ProcessInvokerWrapper]   Force kill process on cancellation: 'False'
[2026-04-03 11:00:10Z INFO ProcessInvokerWrapper]   Redirected STDIN: 'False'
[2026-04-03 11:00:10Z INFO ProcessInvokerWrapper]   Persist current code page: 'True'
[2026-04-03 11:00:10Z INFO ProcessInvokerWrapper]   Keep redirected STDIN open: 'False'
[2026-04-03 11:00:10Z INFO ProcessInvokerWrapper]   High priority process: 'False'
[2026-04-03 11:00:10Z INFO ProcessInvokerWrapper] Process started with process id 32000, waiting for process exit.
[2026-04-03 11:00:10Z INFO ProcessInvokerWrapper] STDOUT/STDERR stream read finished.
[2026-04-03 11:00:10Z INFO ProcessInvokerWrapper] STDOUT/STDERR stream read finished.
[2026-04-03 11:00:10Z INFO ProcessInvokerWrapper] Finished process 32000 with exit code 0, and elapsed time 00:00:00.0630591.
[2026-04-03 11:00:10Z INFO CreateStepSummaryCommand] Step Summary file (D:\코딩\mlops_sentiment_api\actions-runner\actions-runner\_work\_temp\_runner_file_commands\step_summary_1bbf927a-6010-4a13-b803-2e6174781af0) is empty; skipping attachment upload
[2026-04-03 11:00:10Z INFO StepsRunner] Step result: 
[2026-04-03 11:00:10Z INFO ExecutionContext] Publish step telemetry for current step {
  "action": "cmd",
  "type": "run",
  "stage": "Main",
  "stepId": "b95cf65a-1d44-4b81-815b-173ab4169c30",
  "stepContextName": "__run_4",
  "result": "succeeded",
  "errorMessages": [],
  "executionTimeInSeconds": 1,
  "startTime": "2026-04-03T11:00:10.7462508Z",
  "finishTime": "2026-04-03T11:00:10.828233Z"
}.
[2026-04-03 11:00:10Z INFO StepsRunner] No need for updating job result with current step result 'Succeeded'.
[2026-04-03 11:00:10Z INFO StepsRunner] Current state: job state = ''
[2026-04-03 11:00:10Z INFO StepsRunner] Processing step: DisplayName='Run new container'
[2026-04-03 11:00:10Z INFO StepsRunner] Evaluating: success()
[2026-04-03 11:00:10Z INFO StepsRunner] Result: true
[2026-04-03 11:00:10Z INFO StepsRunner] Starting the step.
[2026-04-03 11:00:10Z INFO HostContext] Well known directory 'Bin': 'D:\코딩\mlops_sentiment_api\actions-runner\actions-runner\bin'
[2026-04-03 11:00:10Z INFO HostContext] Well known directory 'Root': 'D:\코딩\mlops_sentiment_api\actions-runner\actions-runner'
[2026-04-03 11:00:10Z INFO HostContext] Well known directory 'Work': 'D:\코딩\mlops_sentiment_api\actions-runner\actions-runner\_work'
[2026-04-03 11:00:10Z INFO StepsRunner] Which2: 'chcp'
[2026-04-03 11:00:10Z INFO StepsRunner] Location: 'C:\WINDOWS\system32\chcp.COM'
[2026-04-03 11:00:10Z INFO ProcessInvokerWrapper] Starting process:
[2026-04-03 11:00:10Z INFO ProcessInvokerWrapper]   File name: 'C:\WINDOWS\system32\chcp.COM'
[2026-04-03 11:00:10Z INFO ProcessInvokerWrapper]   Arguments: '65001'
[2026-04-03 11:00:10Z INFO ProcessInvokerWrapper]   Working directory: 'D:\코딩\mlops_sentiment_api\actions-runner\actions-runner\_work'
[2026-04-03 11:00:10Z INFO ProcessInvokerWrapper]   Require exit code zero: 'False'
[2026-04-03 11:00:10Z INFO ProcessInvokerWrapper]   Encoding web name:  ; code page: ''
[2026-04-03 11:00:10Z INFO ProcessInvokerWrapper]   Force kill process on cancellation: 'False'
[2026-04-03 11:00:10Z INFO ProcessInvokerWrapper]   Redirected STDIN: 'False'
[2026-04-03 11:00:10Z INFO ProcessInvokerWrapper]   Persist current code page: 'True'
[2026-04-03 11:00:10Z INFO ProcessInvokerWrapper]   Keep redirected STDIN open: 'False'
[2026-04-03 11:00:10Z INFO ProcessInvokerWrapper]   High priority process: 'False'
[2026-04-03 11:00:10Z INFO ProcessInvokerWrapper] Process started with process id 32020, waiting for process exit.
[2026-04-03 11:00:10Z INFO ProcessInvokerWrapper] STDOUT/STDERR stream read finished.
[2026-04-03 11:00:10Z INFO ProcessInvokerWrapper] STDOUT/STDERR stream read finished.
[2026-04-03 11:00:10Z INFO ProcessInvokerWrapper] Finished process 32020 with exit code 0, and elapsed time 00:00:00.0070646.
[2026-04-03 11:00:10Z INFO StepsRunner] Successfully returned to code page 65001 (UTF8)
[2026-04-03 11:00:10Z INFO HostContext] Well known directory 'Bin': 'D:\코딩\mlops_sentiment_api\actions-runner\actions-runner\bin'
[2026-04-03 11:00:10Z INFO HostContext] Well known directory 'Root': 'D:\코딩\mlops_sentiment_api\actions-runner\actions-runner'
[2026-04-03 11:00:10Z INFO HostContext] Well known directory 'Work': 'D:\코딩\mlops_sentiment_api\actions-runner\actions-runner\_work'
[2026-04-03 11:00:10Z INFO HostContext] Well known directory 'Temp': 'D:\코딩\mlops_sentiment_api\actions-runner\actions-runner\_work\_temp'
[2026-04-03 11:00:10Z INFO ExecutionContext] Write event payload to D:\코딩\mlops_sentiment_api\actions-runner\actions-runner\_work\_temp\_github_workflow\event.json
[2026-04-03 11:00:10Z INFO HostContext] Well known directory 'Bin': 'D:\코딩\mlops_sentiment_api\actions-runner\actions-runner\bin'
[2026-04-03 11:00:10Z INFO HostContext] Well known directory 'Root': 'D:\코딩\mlops_sentiment_api\actions-runner\actions-runner'
[2026-04-03 11:00:10Z INFO HostContext] Well known directory 'Work': 'D:\코딩\mlops_sentiment_api\actions-runner\actions-runner\_work'
[2026-04-03 11:00:10Z INFO HostContext] Well known directory 'Temp': 'D:\코딩\mlops_sentiment_api\actions-runner\actions-runner\_work\_temp'
[2026-04-03 11:00:10Z INFO ExtensionManager] Getting extensions for interface: 'GitHub.Runner.Worker.IFileCommandExtension'
[2026-04-03 11:00:10Z INFO ExtensionManager] Getting extensions for interface: 'GitHub.Runner.Worker.IActionCommandExtension'
[2026-04-03 11:00:10Z INFO ActionCommandManager] Register action command extension for command internal-set-repo-path
[2026-04-03 11:00:10Z INFO ActionCommandManager] Register action command extension for command set-env
[2026-04-03 11:00:10Z INFO ActionCommandManager] Register action command extension for command set-output
[2026-04-03 11:00:10Z INFO ActionCommandManager] Register action command extension for command save-state
[2026-04-03 11:00:10Z INFO ActionCommandManager] Register action command extension for command add-path
[2026-04-03 11:00:10Z INFO ActionCommandManager] Register action command extension for command add-mask
[2026-04-03 11:00:10Z INFO ActionCommandManager] Register action command extension for command add-matcher
[2026-04-03 11:00:10Z INFO ActionCommandManager] Register action command extension for command remove-matcher
[2026-04-03 11:00:10Z INFO ActionCommandManager] Register action command extension for command warning
[2026-04-03 11:00:10Z INFO ActionCommandManager] Register action command extension for command error
[2026-04-03 11:00:10Z INFO ActionCommandManager] Register action command extension for command notice
[2026-04-03 11:00:10Z INFO ActionCommandManager] Register action command extension for command debug
[2026-04-03 11:00:10Z INFO ActionCommandManager] Register action command extension for command group
[2026-04-03 11:00:10Z INFO ActionCommandManager] Register action command extension for command endgroup
[2026-04-03 11:00:10Z INFO ActionCommandManager] Register action command extension for command echo
[2026-04-03 11:00:10Z INFO ScriptHandler] Which2: 'cmd'
[2026-04-03 11:00:10Z INFO ScriptHandler] Location: 'C:\WINDOWS\system32\cmd.EXE'
[2026-04-03 11:00:10Z INFO HostContext] Well known directory 'Bin': 'D:\코딩\mlops_sentiment_api\actions-runner\actions-runner\bin'
[2026-04-03 11:00:10Z INFO HostContext] Well known directory 'Root': 'D:\코딩\mlops_sentiment_api\actions-runner\actions-runner'
[2026-04-03 11:00:10Z INFO HostContext] Well known directory 'Work': 'D:\코딩\mlops_sentiment_api\actions-runner\actions-runner\_work'
[2026-04-03 11:00:10Z INFO HostContext] Well known directory 'Temp': 'D:\코딩\mlops_sentiment_api\actions-runner\actions-runner\_work\_temp'
[2026-04-03 11:00:10Z INFO ScriptHandler] Which2: 'cmd'
[2026-04-03 11:00:10Z INFO ScriptHandler] Location: 'C:\WINDOWS\system32\cmd.EXE'
[2026-04-03 11:00:10Z INFO ProcessInvokerWrapper] Starting process:
[2026-04-03 11:00:10Z INFO ProcessInvokerWrapper]   File name: 'C:\WINDOWS\system32\cmd.EXE'
[2026-04-03 11:00:10Z INFO ProcessInvokerWrapper]   Arguments: '/D /E:ON /V:OFF /S /C "CALL "D:\코딩\mlops_sentiment_api\actions-runner\actions-runner\_work\_temp\a406b809-9604-4363-ad47-f9d4e6196f5e.cmd""'
[2026-04-03 11:00:10Z INFO ProcessInvokerWrapper]   Working directory: 'D:\코딩\mlops_sentiment_api\actions-runner\actions-runner\_work\opensource-hw2\opensource-hw2'
[2026-04-03 11:00:10Z INFO ProcessInvokerWrapper]   Require exit code zero: 'False'
[2026-04-03 11:00:10Z INFO ProcessInvokerWrapper]   Encoding web name:  ; code page: ''
[2026-04-03 11:00:10Z INFO ProcessInvokerWrapper]   Force kill process on cancellation: 'False'
[2026-04-03 11:00:10Z INFO ProcessInvokerWrapper]   Redirected STDIN: 'False'
[2026-04-03 11:00:10Z INFO ProcessInvokerWrapper]   Persist current code page: 'True'
[2026-04-03 11:00:10Z INFO ProcessInvokerWrapper]   Keep redirected STDIN open: 'False'
[2026-04-03 11:00:10Z INFO ProcessInvokerWrapper]   High priority process: 'False'
[2026-04-03 11:00:10Z INFO ProcessInvokerWrapper] Process started with process id 30852, waiting for process exit.
[2026-04-03 11:00:10Z INFO HostContext] Well known directory 'Bin': 'D:\코딩\mlops_sentiment_api\actions-runner\actions-runner\bin'
[2026-04-03 11:00:10Z INFO HostContext] Well known directory 'Root': 'D:\코딩\mlops_sentiment_api\actions-runner\actions-runner'
[2026-04-03 11:00:10Z INFO HostContext] Well known directory 'Work': 'D:\코딩\mlops_sentiment_api\actions-runner\actions-runner\_work'
[2026-04-03 11:00:10Z INFO JobServerQueue] Try to append 1 batches web console lines for record 'd1d8a69e-ad4f-485b-8319-7df220a9aba2', success rate: 1/1.
[2026-04-03 11:00:10Z INFO JobServerQueue] Try to append 1 batches web console lines for record 'b95cf65a-1d44-4b81-815b-173ab4169c30', success rate: 1/1.
[2026-04-03 11:00:10Z INFO JobServerQueue] Try to append 1 batches web console lines for record '692c7d01-f6f9-4269-bfc9-4c4980452490', success rate: 1/1.
[2026-04-03 11:00:11Z INFO ProcessInvokerWrapper] STDOUT/STDERR stream read finished.
[2026-04-03 11:00:11Z INFO ProcessInvokerWrapper] STDOUT/STDERR stream read finished.
[2026-04-03 11:00:11Z INFO ProcessInvokerWrapper] Finished process 30852 with exit code 0, and elapsed time 00:00:00.2580746.
[2026-04-03 11:00:11Z INFO CreateStepSummaryCommand] Step Summary file (D:\코딩\mlops_sentiment_api\actions-runner\actions-runner\_work\_temp\_runner_file_commands\step_summary_af0e046c-fa5b-4fba-887f-2ef57a93fbaf) is empty; skipping attachment upload
[2026-04-03 11:00:11Z INFO StepsRunner] Step result: 
[2026-04-03 11:00:11Z INFO ExecutionContext] Publish step telemetry for current step {
  "action": "cmd",
  "type": "run",
  "stage": "Main",
  "stepId": "692c7d01-f6f9-4269-bfc9-4c4980452490",
  "stepContextName": "__run_5",
  "result": "succeeded",
  "errorMessages": [],
  "executionTimeInSeconds": 1,
  "startTime": "2026-04-03T11:00:10.8289791Z",
  "finishTime": "2026-04-03T11:00:11.1039357Z"
}.
[2026-04-03 11:00:11Z INFO StepsRunner] No need for updating job result with current step result 'Succeeded'.
[2026-04-03 11:00:11Z INFO StepsRunner] Current state: job state = ''
[2026-04-03 11:00:11Z INFO StepsRunner] Processing step: DisplayName='Verify deployment'
[2026-04-03 11:00:11Z INFO StepsRunner] Evaluating: success()
[2026-04-03 11:00:11Z INFO StepsRunner] Result: true
[2026-04-03 11:00:11Z INFO StepsRunner] Starting the step.
[2026-04-03 11:00:11Z INFO HostContext] Well known directory 'Bin': 'D:\코딩\mlops_sentiment_api\actions-runner\actions-runner\bin'
[2026-04-03 11:00:11Z INFO HostContext] Well known directory 'Root': 'D:\코딩\mlops_sentiment_api\actions-runner\actions-runner'
[2026-04-03 11:00:11Z INFO HostContext] Well known directory 'Work': 'D:\코딩\mlops_sentiment_api\actions-runner\actions-runner\_work'
[2026-04-03 11:00:11Z INFO StepsRunner] Which2: 'chcp'
[2026-04-03 11:00:11Z INFO StepsRunner] Location: 'C:\WINDOWS\system32\chcp.COM'
[2026-04-03 11:00:11Z INFO ProcessInvokerWrapper] Starting process:
[2026-04-03 11:00:11Z INFO ProcessInvokerWrapper]   File name: 'C:\WINDOWS\system32\chcp.COM'
[2026-04-03 11:00:11Z INFO ProcessInvokerWrapper]   Arguments: '65001'
[2026-04-03 11:00:11Z INFO ProcessInvokerWrapper]   Working directory: 'D:\코딩\mlops_sentiment_api\actions-runner\actions-runner\_work'
[2026-04-03 11:00:11Z INFO ProcessInvokerWrapper]   Require exit code zero: 'False'
[2026-04-03 11:00:11Z INFO ProcessInvokerWrapper]   Encoding web name:  ; code page: ''
[2026-04-03 11:00:11Z INFO ProcessInvokerWrapper]   Force kill process on cancellation: 'False'
[2026-04-03 11:00:11Z INFO ProcessInvokerWrapper]   Redirected STDIN: 'False'
[2026-04-03 11:00:11Z INFO ProcessInvokerWrapper]   Persist current code page: 'True'
[2026-04-03 11:00:11Z INFO ProcessInvokerWrapper]   Keep redirected STDIN open: 'False'
[2026-04-03 11:00:11Z INFO ProcessInvokerWrapper]   High priority process: 'False'
[2026-04-03 11:00:11Z INFO ProcessInvokerWrapper] Process started with process id 14352, waiting for process exit.
[2026-04-03 11:00:11Z INFO ProcessInvokerWrapper] STDOUT/STDERR stream read finished.
[2026-04-03 11:00:11Z INFO ProcessInvokerWrapper] STDOUT/STDERR stream read finished.
[2026-04-03 11:00:11Z INFO ProcessInvokerWrapper] Finished process 14352 with exit code 0, and elapsed time 00:00:00.0074298.
[2026-04-03 11:00:11Z INFO StepsRunner] Successfully returned to code page 65001 (UTF8)
[2026-04-03 11:00:11Z INFO HostContext] Well known directory 'Bin': 'D:\코딩\mlops_sentiment_api\actions-runner\actions-runner\bin'
[2026-04-03 11:00:11Z INFO HostContext] Well known directory 'Root': 'D:\코딩\mlops_sentiment_api\actions-runner\actions-runner'
[2026-04-03 11:00:11Z INFO HostContext] Well known directory 'Work': 'D:\코딩\mlops_sentiment_api\actions-runner\actions-runner\_work'
[2026-04-03 11:00:11Z INFO HostContext] Well known directory 'Temp': 'D:\코딩\mlops_sentiment_api\actions-runner\actions-runner\_work\_temp'
[2026-04-03 11:00:11Z INFO ExecutionContext] Write event payload to D:\코딩\mlops_sentiment_api\actions-runner\actions-runner\_work\_temp\_github_workflow\event.json
[2026-04-03 11:00:11Z INFO HostContext] Well known directory 'Bin': 'D:\코딩\mlops_sentiment_api\actions-runner\actions-runner\bin'
[2026-04-03 11:00:11Z INFO HostContext] Well known directory 'Root': 'D:\코딩\mlops_sentiment_api\actions-runner\actions-runner'
[2026-04-03 11:00:11Z INFO HostContext] Well known directory 'Work': 'D:\코딩\mlops_sentiment_api\actions-runner\actions-runner\_work'
[2026-04-03 11:00:11Z INFO HostContext] Well known directory 'Temp': 'D:\코딩\mlops_sentiment_api\actions-runner\actions-runner\_work\_temp'
[2026-04-03 11:00:11Z INFO ExtensionManager] Getting extensions for interface: 'GitHub.Runner.Worker.IFileCommandExtension'
[2026-04-03 11:00:11Z INFO ExtensionManager] Getting extensions for interface: 'GitHub.Runner.Worker.IActionCommandExtension'
[2026-04-03 11:00:11Z INFO ActionCommandManager] Register action command extension for command internal-set-repo-path
[2026-04-03 11:00:11Z INFO ActionCommandManager] Register action command extension for command set-env
[2026-04-03 11:00:11Z INFO ActionCommandManager] Register action command extension for command set-output
[2026-04-03 11:00:11Z INFO ActionCommandManager] Register action command extension for command save-state
[2026-04-03 11:00:11Z INFO ActionCommandManager] Register action command extension for command add-path
[2026-04-03 11:00:11Z INFO ActionCommandManager] Register action command extension for command add-mask
[2026-04-03 11:00:11Z INFO ActionCommandManager] Register action command extension for command add-matcher
[2026-04-03 11:00:11Z INFO ActionCommandManager] Register action command extension for command remove-matcher
[2026-04-03 11:00:11Z INFO ActionCommandManager] Register action command extension for command warning
[2026-04-03 11:00:11Z INFO ActionCommandManager] Register action command extension for command error
[2026-04-03 11:00:11Z INFO ActionCommandManager] Register action command extension for command notice
[2026-04-03 11:00:11Z INFO ActionCommandManager] Register action command extension for command debug
[2026-04-03 11:00:11Z INFO ActionCommandManager] Register action command extension for command group
[2026-04-03 11:00:11Z INFO ActionCommandManager] Register action command extension for command endgroup
[2026-04-03 11:00:11Z INFO ActionCommandManager] Register action command extension for command echo
[2026-04-03 11:00:11Z INFO ScriptHandler] Which2: 'cmd'
[2026-04-03 11:00:11Z INFO ScriptHandler] Location: 'C:\WINDOWS\system32\cmd.EXE'
[2026-04-03 11:00:11Z INFO HostContext] Well known directory 'Bin': 'D:\코딩\mlops_sentiment_api\actions-runner\actions-runner\bin'
[2026-04-03 11:00:11Z INFO HostContext] Well known directory 'Root': 'D:\코딩\mlops_sentiment_api\actions-runner\actions-runner'
[2026-04-03 11:00:11Z INFO HostContext] Well known directory 'Work': 'D:\코딩\mlops_sentiment_api\actions-runner\actions-runner\_work'
[2026-04-03 11:00:11Z INFO HostContext] Well known directory 'Temp': 'D:\코딩\mlops_sentiment_api\actions-runner\actions-runner\_work\_temp'
[2026-04-03 11:00:11Z INFO ScriptHandler] Which2: 'cmd'
[2026-04-03 11:00:11Z INFO ScriptHandler] Location: 'C:\WINDOWS\system32\cmd.EXE'
[2026-04-03 11:00:11Z INFO ProcessInvokerWrapper] Starting process:
[2026-04-03 11:00:11Z INFO ProcessInvokerWrapper]   File name: 'C:\WINDOWS\system32\cmd.EXE'
[2026-04-03 11:00:11Z INFO ProcessInvokerWrapper]   Arguments: '/D /E:ON /V:OFF /S /C "CALL "D:\코딩\mlops_sentiment_api\actions-runner\actions-runner\_work\_temp\74ee684b-7211-40f5-86eb-303665b8b239.cmd""'
[2026-04-03 11:00:11Z INFO ProcessInvokerWrapper]   Working directory: 'D:\코딩\mlops_sentiment_api\actions-runner\actions-runner\_work\opensource-hw2\opensource-hw2'
[2026-04-03 11:00:11Z INFO ProcessInvokerWrapper]   Require exit code zero: 'False'
[2026-04-03 11:00:11Z INFO ProcessInvokerWrapper]   Encoding web name:  ; code page: ''
[2026-04-03 11:00:11Z INFO ProcessInvokerWrapper]   Force kill process on cancellation: 'False'
[2026-04-03 11:00:11Z INFO ProcessInvokerWrapper]   Redirected STDIN: 'False'
[2026-04-03 11:00:11Z INFO ProcessInvokerWrapper]   Persist current code page: 'True'
[2026-04-03 11:00:11Z INFO ProcessInvokerWrapper]   Keep redirected STDIN open: 'False'
[2026-04-03 11:00:11Z INFO ProcessInvokerWrapper]   High priority process: 'False'
[2026-04-03 11:00:11Z INFO ProcessInvokerWrapper] Process started with process id 30876, waiting for process exit.
[2026-04-03 11:00:11Z INFO JobServerQueue] Try to append 1 batches web console lines for record '692c7d01-f6f9-4269-bfc9-4c4980452490', success rate: 1/1.
[2026-04-03 11:00:11Z INFO JobServerQueue] Try to append 1 batches web console lines for record '8045e6e6-b975-43c1-964b-0ebf0424eefa', success rate: 1/1.
[2026-04-03 11:00:11Z INFO ProcessInvokerWrapper] STDOUT/STDERR stream read finished.
[2026-04-03 11:00:11Z INFO ProcessInvokerWrapper] STDOUT/STDERR stream read finished.
[2026-04-03 11:00:11Z INFO ProcessInvokerWrapper] Finished process 30876 with exit code 0, and elapsed time 00:00:00.0647022.
[2026-04-03 11:00:11Z INFO CreateStepSummaryCommand] Step Summary file (D:\코딩\mlops_sentiment_api\actions-runner\actions-runner\_work\_temp\_runner_file_commands\step_summary_4b2bf631-ee95-4eff-b919-9a19011ff2a5) is empty; skipping attachment upload
[2026-04-03 11:00:11Z INFO StepsRunner] Step result: 
[2026-04-03 11:00:11Z INFO ExecutionContext] Publish step telemetry for current step {
  "action": "cmd",
  "type": "run",
  "stage": "Main",
  "stepId": "8045e6e6-b975-43c1-964b-0ebf0424eefa",
  "stepContextName": "__run_6",
  "result": "succeeded",
  "errorMessages": [],
  "executionTimeInSeconds": 1,
  "startTime": "2026-04-03T11:00:11.1049546Z",
  "finishTime": "2026-04-03T11:00:11.1861784Z"
}.
[2026-04-03 11:00:11Z INFO StepsRunner] No need for updating job result with current step result 'Succeeded'.
[2026-04-03 11:00:11Z INFO StepsRunner] Current state: job state = ''
[2026-04-03 11:00:11Z INFO StepsRunner] Processing step: DisplayName='Post Log in to Docker Hub'
[2026-04-03 11:00:11Z INFO StepsRunner] Evaluating: always()
[2026-04-03 11:00:11Z INFO StepsRunner] Result: true
[2026-04-03 11:00:11Z INFO StepsRunner] Starting the step.
[2026-04-03 11:00:11Z INFO HostContext] Well known directory 'Bin': 'D:\코딩\mlops_sentiment_api\actions-runner\actions-runner\bin'
[2026-04-03 11:00:11Z INFO HostContext] Well known directory 'Root': 'D:\코딩\mlops_sentiment_api\actions-runner\actions-runner'
[2026-04-03 11:00:11Z INFO HostContext] Well known directory 'Work': 'D:\코딩\mlops_sentiment_api\actions-runner\actions-runner\_work'
[2026-04-03 11:00:11Z INFO StepsRunner] Which2: 'chcp'
[2026-04-03 11:00:11Z INFO StepsRunner] Location: 'C:\WINDOWS\system32\chcp.COM'
[2026-04-03 11:00:11Z INFO ProcessInvokerWrapper] Starting process:
[2026-04-03 11:00:11Z INFO ProcessInvokerWrapper]   File name: 'C:\WINDOWS\system32\chcp.COM'
[2026-04-03 11:00:11Z INFO ProcessInvokerWrapper]   Arguments: '65001'
[2026-04-03 11:00:11Z INFO ProcessInvokerWrapper]   Working directory: 'D:\코딩\mlops_sentiment_api\actions-runner\actions-runner\_work'
[2026-04-03 11:00:11Z INFO ProcessInvokerWrapper]   Require exit code zero: 'False'
[2026-04-03 11:00:11Z INFO ProcessInvokerWrapper]   Encoding web name:  ; code page: ''
[2026-04-03 11:00:11Z INFO ProcessInvokerWrapper]   Force kill process on cancellation: 'False'
[2026-04-03 11:00:11Z INFO ProcessInvokerWrapper]   Redirected STDIN: 'False'
[2026-04-03 11:00:11Z INFO ProcessInvokerWrapper]   Persist current code page: 'True'
[2026-04-03 11:00:11Z INFO ProcessInvokerWrapper]   Keep redirected STDIN open: 'False'
[2026-04-03 11:00:11Z INFO ProcessInvokerWrapper]   High priority process: 'False'
[2026-04-03 11:00:11Z INFO ProcessInvokerWrapper] Process started with process id 27832, waiting for process exit.
[2026-04-03 11:00:11Z INFO ProcessInvokerWrapper] STDOUT/STDERR stream read finished.
[2026-04-03 11:00:11Z INFO ProcessInvokerWrapper] STDOUT/STDERR stream read finished.
[2026-04-03 11:00:11Z INFO ProcessInvokerWrapper] Finished process 27832 with exit code 0, and elapsed time 00:00:00.0077903.
[2026-04-03 11:00:11Z INFO StepsRunner] Successfully returned to code page 65001 (UTF8)
[2026-04-03 11:00:11Z INFO HostContext] Well known directory 'Bin': 'D:\코딩\mlops_sentiment_api\actions-runner\actions-runner\bin'
[2026-04-03 11:00:11Z INFO HostContext] Well known directory 'Root': 'D:\코딩\mlops_sentiment_api\actions-runner\actions-runner'
[2026-04-03 11:00:11Z INFO HostContext] Well known directory 'Work': 'D:\코딩\mlops_sentiment_api\actions-runner\actions-runner\_work'
[2026-04-03 11:00:11Z INFO HostContext] Well known directory 'Actions': 'D:\코딩\mlops_sentiment_api\actions-runner\actions-runner\_work\_actions'
[2026-04-03 11:00:11Z INFO ActionManager] Load action that reference repository from 'D:\코딩\mlops_sentiment_api\actions-runner\actions-runner\_work\_actions\docker\login-action\v3'
[2026-04-03 11:00:11Z INFO HostContext] Well known directory 'Bin': 'D:\코딩\mlops_sentiment_api\actions-runner\actions-runner\bin'
[2026-04-03 11:00:11Z INFO HostContext] Well known directory 'Root': 'D:\코딩\mlops_sentiment_api\actions-runner\actions-runner'
[2026-04-03 11:00:11Z INFO HostContext] Well known directory 'Work': 'D:\코딩\mlops_sentiment_api\actions-runner\actions-runner\_work'
[2026-04-03 11:00:11Z INFO HostContext] Well known directory 'Actions': 'D:\코딩\mlops_sentiment_api\actions-runner\actions-runner\_work\_actions'
[2026-04-03 11:00:11Z INFO ActionManifestManagerLegacy] Ignore action property author.
[2026-04-03 11:00:11Z INFO ActionManifestManagerLegacy] Ignore action property branding.
[2026-04-03 11:00:11Z INFO ActionManifestManagerLegacy] Loaded action.yml file: {
  "name": "Docker Login",
  "description": "GitHub Action to login against a Docker registry",
  "inputs": {
    "type": 2,
    "map": [
      {
        "key": {
          "type": 0,
          "file": 2,
          "line": 10,
          "col": 3,
          "lit": "registry"
        },
        "value": ""
      },
      {
        "key": {
          "type": 0,
          "file": 2,
          "line": 13,
          "col": 3,
          "lit": "username"
        },
        "value": ""
      },
      {
        "key": {
          "type": 0,
          "file": 2,
          "line": 16,
          "col": 3,
          "lit": "password"
        },
        "value": ""
      },
      {
        "key": {
          "type": 0,
          "file": 2,
          "line": 19,
          "col": 3,
          "lit": "ecr"
        },
        "value": ""
      },
      {
        "key": {
          "type": 0,
          "file": 2,
          "line": 22,
          "col": 3,
          "lit": "scope"
        },
        "value": ""
      },
      {
        "key": {
          "type": 0,
          "file": 2,
          "line": 25,
          "col": 3,
          "lit": "logout"
        },
        "value": {
          "type": 0,
          "file": 2,
          "line": 27,
          "col": 14,
          "lit": "true"
        }
      },
      {
        "key": {
          "type": 0,
          "file": 2,
          "line": 29,
          "col": 3,
          "lit": "registry-auth"
        },
        "value": ""
      }
    ]
  },
  "execution": {
    "executionType": "nodeJS",
    "hasPre": false,
    "hasPost": true,
    "script": "dist/index.js",
    "pre": null,
    "post": "dist/index.js",
    "nodeVersion": "node20",
    "cleanupCondition": "always()",
    "initCondition": "always()"
  },
  "deprecated": null
}
[2026-04-03 11:00:11Z INFO ActionManager] Action pre node.js file: N/A.
[2026-04-03 11:00:11Z INFO ActionManager] Action node.js file: dist/index.js.
[2026-04-03 11:00:11Z INFO ActionManager] Action post node.js file: dist/index.js.
[2026-04-03 11:00:11Z INFO HostContext] Well known directory 'Bin': 'D:\코딩\mlops_sentiment_api\actions-runner\actions-runner\bin'
[2026-04-03 11:00:11Z INFO HostContext] Well known directory 'Root': 'D:\코딩\mlops_sentiment_api\actions-runner\actions-runner'
[2026-04-03 11:00:11Z INFO HostContext] Well known directory 'Work': 'D:\코딩\mlops_sentiment_api\actions-runner\actions-runner\_work'
[2026-04-03 11:00:11Z INFO HostContext] Well known directory 'Temp': 'D:\코딩\mlops_sentiment_api\actions-runner\actions-runner\_work\_temp'
[2026-04-03 11:00:11Z INFO ExecutionContext] Write event payload to D:\코딩\mlops_sentiment_api\actions-runner\actions-runner\_work\_temp\_github_workflow\event.json
[2026-04-03 11:00:11Z INFO HostContext] Well known directory 'Bin': 'D:\코딩\mlops_sentiment_api\actions-runner\actions-runner\bin'
[2026-04-03 11:00:11Z INFO HostContext] Well known directory 'Root': 'D:\코딩\mlops_sentiment_api\actions-runner\actions-runner'
[2026-04-03 11:00:11Z INFO HostContext] Well known directory 'Work': 'D:\코딩\mlops_sentiment_api\actions-runner\actions-runner\_work'
[2026-04-03 11:00:11Z INFO HostContext] Well known directory 'Temp': 'D:\코딩\mlops_sentiment_api\actions-runner\actions-runner\_work\_temp'
[2026-04-03 11:00:11Z INFO ExtensionManager] Getting extensions for interface: 'GitHub.Runner.Worker.IFileCommandExtension'
[2026-04-03 11:00:11Z INFO ActionManifestManagerLegacy] Input 'registry': default value evaluate result: ""
[2026-04-03 11:00:11Z INFO ActionManifestManagerLegacy] Input 'ecr': default value evaluate result: ""
[2026-04-03 11:00:11Z INFO ActionManifestManagerLegacy] Input 'scope': default value evaluate result: ""
[2026-04-03 11:00:11Z INFO ActionManifestManagerLegacy] Input 'logout': default value evaluate result: {
  "type": 0,
  "file": 2,
  "line": 27,
  "col": 14,
  "lit": "true"
}
[2026-04-03 11:00:11Z INFO ActionManifestManagerLegacy] Input 'registry-auth': default value evaluate result: ""
[2026-04-03 11:00:11Z INFO ExtensionManager] Getting extensions for interface: 'GitHub.Runner.Worker.IActionCommandExtension'
[2026-04-03 11:00:11Z INFO ActionCommandManager] Register action command extension for command internal-set-repo-path
[2026-04-03 11:00:11Z INFO ActionCommandManager] Register action command extension for command set-env
[2026-04-03 11:00:11Z INFO ActionCommandManager] Register action command extension for command set-output
[2026-04-03 11:00:11Z INFO ActionCommandManager] Register action command extension for command save-state
[2026-04-03 11:00:11Z INFO ActionCommandManager] Register action command extension for command add-path
[2026-04-03 11:00:11Z INFO ActionCommandManager] Register action command extension for command add-mask
[2026-04-03 11:00:11Z INFO ActionCommandManager] Register action command extension for command add-matcher
[2026-04-03 11:00:11Z INFO ActionCommandManager] Register action command extension for command remove-matcher
[2026-04-03 11:00:11Z INFO ActionCommandManager] Register action command extension for command warning
[2026-04-03 11:00:11Z INFO ActionCommandManager] Register action command extension for command error
[2026-04-03 11:00:11Z INFO ActionCommandManager] Register action command extension for command notice
[2026-04-03 11:00:11Z INFO ActionCommandManager] Register action command extension for command debug
[2026-04-03 11:00:11Z INFO ActionCommandManager] Register action command extension for command group
[2026-04-03 11:00:11Z INFO ActionCommandManager] Register action command extension for command endgroup
[2026-04-03 11:00:11Z INFO ActionCommandManager] Register action command extension for command echo
[2026-04-03 11:00:11Z INFO HostContext] Well known directory 'Bin': 'D:\코딩\mlops_sentiment_api\actions-runner\actions-runner\bin'
[2026-04-03 11:00:11Z INFO HostContext] Well known directory 'Root': 'D:\코딩\mlops_sentiment_api\actions-runner\actions-runner'
[2026-04-03 11:00:11Z INFO HostContext] Well known directory 'Externals': 'D:\코딩\mlops_sentiment_api\actions-runner\actions-runner\externals'
[2026-04-03 11:00:11Z INFO ProcessInvokerWrapper] Starting process:
[2026-04-03 11:00:11Z INFO ProcessInvokerWrapper]   File name: 'D:\코딩\mlops_sentiment_api\actions-runner\actions-runner\externals\node24\bin\node.exe'
[2026-04-03 11:00:11Z INFO ProcessInvokerWrapper]   Arguments: '"D:\코딩\mlops_sentiment_api\actions-runner\actions-runner\_work\_actions\docker\login-action\v3\dist/index.js"'
[2026-04-03 11:00:11Z INFO ProcessInvokerWrapper]   Working directory: 'D:\코딩\mlops_sentiment_api\actions-runner\actions-runner\_work\opensource-hw2\opensource-hw2'
[2026-04-03 11:00:11Z INFO ProcessInvokerWrapper]   Require exit code zero: 'False'
[2026-04-03 11:00:11Z INFO ProcessInvokerWrapper]   Encoding web name: utf-8 ; code page: '65001'
[2026-04-03 11:00:11Z INFO ProcessInvokerWrapper]   Force kill process on cancellation: 'False'
[2026-04-03 11:00:11Z INFO ProcessInvokerWrapper]   Redirected STDIN: 'False'
[2026-04-03 11:00:11Z INFO ProcessInvokerWrapper]   Persist current code page: 'True'
[2026-04-03 11:00:11Z INFO ProcessInvokerWrapper]   Keep redirected STDIN open: 'False'
[2026-04-03 11:00:11Z INFO ProcessInvokerWrapper]   High priority process: 'False'
[2026-04-03 11:00:11Z INFO ProcessInvokerWrapper] Process started with process id 19424, waiting for process exit.
[2026-04-03 11:00:11Z INFO JobServerQueue] Try to upload 4 log files or attachments, success rate: 4/4.
[2026-04-03 11:00:11Z INFO JobServerQueue] Try to append 1 batches web console lines for record '8045e6e6-b975-43c1-964b-0ebf0424eefa', success rate: 1/1.
[2026-04-03 11:00:11Z INFO JobServerQueue] Try to append 1 batches web console lines for record '97eafa25-36a7-44cd-a8d1-b1a93efbbb28', success rate: 1/1.
[2026-04-03 11:00:11Z INFO JobServerQueue] Got a step log file to send to results service.
[2026-04-03 11:00:11Z INFO JobServerQueue] Starting upload of step log file to results service ResultsLog, D:\코딩\mlops_sentiment_api\actions-runner\actions-runner\_diag\blocks\d5950f3e-9b74-4bb9-9e7a-6d80ac0b886c_d1d8a69e-ad4f-485b-8319-7df220a9aba2.1
[2026-04-03 11:00:11Z INFO JobServerQueue] Try to append 1 batches web console lines for record '97eafa25-36a7-44cd-a8d1-b1a93efbbb28', success rate: 1/1.
[2026-04-03 11:00:12Z INFO JobServerQueue] Got a step log file to send to results service.
[2026-04-03 11:00:12Z INFO JobServerQueue] Starting upload of step log file to results service ResultsLog, D:\코딩\mlops_sentiment_api\actions-runner\actions-runner\_diag\blocks\d5950f3e-9b74-4bb9-9e7a-6d80ac0b886c_b95cf65a-1d44-4b81-815b-173ab4169c30.1
[2026-04-03 11:00:12Z INFO JobServerQueue] Got a step log file to send to results service.
[2026-04-03 11:00:12Z INFO JobServerQueue] Starting upload of step log file to results service ResultsLog, D:\코딩\mlops_sentiment_api\actions-runner\actions-runner\_diag\blocks\d5950f3e-9b74-4bb9-9e7a-6d80ac0b886c_692c7d01-f6f9-4269-bfc9-4c4980452490.1
[2026-04-03 11:00:13Z INFO JobServerQueue] Got a step log file to send to results service.
[2026-04-03 11:00:13Z INFO JobServerQueue] Starting upload of step log file to results service ResultsLog, D:\코딩\mlops_sentiment_api\actions-runner\actions-runner\_diag\blocks\d5950f3e-9b74-4bb9-9e7a-6d80ac0b886c_8045e6e6-b975-43c1-964b-0ebf0424eefa.1
[2026-04-03 11:00:14Z INFO JobServerQueue] Tried to upload 4 file(s) to results, success rate: 4/4.
[2026-04-03 11:00:15Z INFO ProcessInvokerWrapper] STDOUT/STDERR stream read finished.
[2026-04-03 11:00:15Z INFO ProcessInvokerWrapper] STDOUT/STDERR stream read finished.
[2026-04-03 11:00:15Z INFO ProcessInvokerWrapper] Finished process 19424 with exit code 0, and elapsed time 00:00:04.4178288.
[2026-04-03 11:00:15Z INFO CreateStepSummaryCommand] Step Summary file (D:\코딩\mlops_sentiment_api\actions-runner\actions-runner\_work\_temp\_runner_file_commands\step_summary_a88afd5c-9b3c-446e-ae9d-8f2a4c167df6) is empty; skipping attachment upload
[2026-04-03 11:00:15Z INFO StepsRunner] Step result: 
[2026-04-03 11:00:15Z INFO ExecutionContext] Publish step telemetry for current step {
  "action": "docker/login-action",
  "ref": "v3",
  "type": "node24",
  "stage": "Post",
  "stepId": "97eafa25-36a7-44cd-a8d1-b1a93efbbb28",
  "result": "succeeded",
  "errorMessages": [],
  "executionTimeInSeconds": 5,
  "startTime": "2026-04-03T11:00:11.1871508Z",
  "finishTime": "2026-04-03T11:00:15.624821Z"
}.
[2026-04-03 11:00:15Z INFO StepsRunner] No need for updating job result with current step result 'Succeeded'.
[2026-04-03 11:00:15Z INFO StepsRunner] Current state: job state = ''
[2026-04-03 11:00:15Z INFO JobRunner] Finalize job.
[2026-04-03 11:00:15Z INFO HostContext] Well known directory 'Bin': 'D:\코딩\mlops_sentiment_api\actions-runner\actions-runner\bin'
[2026-04-03 11:00:15Z INFO HostContext] Well known directory 'Root': 'D:\코딩\mlops_sentiment_api\actions-runner\actions-runner'
[2026-04-03 11:00:15Z INFO HostContext] Well known directory 'Diag': 'D:\코딩\mlops_sentiment_api\actions-runner\actions-runner\_diag'
[2026-04-03 11:00:15Z INFO HostContext] Well known directory 'Bin': 'D:\코딩\mlops_sentiment_api\actions-runner\actions-runner\bin'
[2026-04-03 11:00:15Z INFO HostContext] Well known directory 'Root': 'D:\코딩\mlops_sentiment_api\actions-runner\actions-runner'
[2026-04-03 11:00:15Z INFO HostContext] Well known directory 'Diag': 'D:\코딩\mlops_sentiment_api\actions-runner\actions-runner\_diag'
[2026-04-03 11:00:15Z INFO JobExtension] Initialize Env context
[2026-04-03 11:00:15Z INFO JobExtension] Initialize steps context
[2026-04-03 11:00:15Z INFO JobExtension] Total accessible running process: 370.
[2026-04-03 11:00:15Z INFO JobExtension] Wait for all connectivity checks to finish.
[2026-04-03 11:00:15Z INFO JobExtension] Connectivity check result: GitHub.Runner.Worker.JobExtension+CheckResult
[2026-04-03 11:00:15Z INFO JobExtension] Connectivity check result: GitHub.Runner.Worker.JobExtension+CheckResult
[2026-04-03 11:00:15Z INFO JobExtension] Connectivity check result: GitHub.Runner.Worker.JobExtension+CheckResult
[2026-04-03 11:00:15Z INFO ExecutionContext] Publish step telemetry for current step {
  "action": "complete_job",
  "type": "runner",
  "stage": "Post",
  "stepId": "47976efd-11e7-4096-b197-6d5b2e3eaaa3",
  "result": "succeeded",
  "errorMessages": [
    "Node.js 20 is deprecated. The following actions target Node.js 20 but are being forced to run on Node.js 24: docker/login-action@v3. For more information see: https://github.blog/changelog/2025-09-19-deprecation-of-node-20-on-github-actions-runners/"
  ],
  "executionTimeInSeconds": 1,
  "startTime": "2026-04-03T11:00:15.6307226Z",
  "finishTime": "2026-04-03T11:00:15.6434858Z"
}.
[2026-04-03 11:00:15Z INFO JobRunner] Job result after all job steps finish: Succeeded
[2026-04-03 11:00:15Z INFO JobRunner] Completing the job execution context.
[2026-04-03 11:00:15Z INFO JobRunner] Shutting down the job server queue.
[2026-04-03 11:00:15Z INFO JobServerQueue] Fire signal to shutdown all queues.
[2026-04-03 11:00:16Z INFO JobServerQueue] All queue process task stopped.
[2026-04-03 11:00:16Z INFO JobServerQueue] Try to append 1 batches web console lines for record '97eafa25-36a7-44cd-a8d1-b1a93efbbb28', success rate: 1/1.
[2026-04-03 11:00:16Z INFO JobServerQueue] Try to append 1 batches web console lines for record '47976efd-11e7-4096-b197-6d5b2e3eaaa3', success rate: 1/1.
[2026-04-03 11:00:16Z INFO JobServerQueue] Web console line queue drained.
[2026-04-03 11:00:16Z INFO JobServerQueue] Uploading 3 files in one shot.
[2026-04-03 11:00:16Z INFO JobServerQueue] Try to upload 3 log files or attachments, success rate: 3/3.
[2026-04-03 11:00:16Z INFO JobServerQueue] File upload queue drained.
[2026-04-03 11:00:16Z INFO JobServerQueue] Starting results-based upload queue...
[2026-04-03 11:00:16Z INFO JobServerQueue] Uploading 3 file(s) in one shot through results service.
[2026-04-03 11:00:16Z INFO JobServerQueue] Got a step log file to send to results service.
[2026-04-03 11:00:16Z INFO JobServerQueue] Starting upload of step log file to results service ResultsLog, D:\코딩\mlops_sentiment_api\actions-runner\actions-runner\_diag\blocks\d5950f3e-9b74-4bb9-9e7a-6d80ac0b886c_97eafa25-36a7-44cd-a8d1-b1a93efbbb28.1
[2026-04-03 11:00:17Z INFO JobServerQueue] Got a step log file to send to results service.
[2026-04-03 11:00:17Z INFO JobServerQueue] Starting upload of step log file to results service ResultsLog, D:\코딩\mlops_sentiment_api\actions-runner\actions-runner\_diag\blocks\d5950f3e-9b74-4bb9-9e7a-6d80ac0b886c_47976efd-11e7-4096-b197-6d5b2e3eaaa3.1
[2026-04-03 11:00:17Z INFO JobServerQueue] Got a job log file to send to results service.
[2026-04-03 11:00:17Z INFO JobServerQueue] Starting upload of job log file to results service ResultsLog, D:\코딩\mlops_sentiment_api\actions-runner\actions-runner\_diag\blocks\d5950f3e-9b74-4bb9-9e7a-6d80ac0b886c_d78b86a3-a886-5323-8613-7eaefefb2584.1
[2026-04-03 11:00:18Z INFO JobServerQueue] Tried to upload 3 file(s) to results, success rate: 3/3.
[2026-04-03 11:00:18Z INFO JobServerQueue] Results upload queue drained.
[2026-04-03 11:00:18Z INFO JobServerQueue] Timeline update queue drained.
[2026-04-03 11:00:18Z INFO JobServerQueue] Disposing job server ...
[2026-04-03 11:00:18Z INFO JobServerQueue] Disposing results server ...
[2026-04-03 11:00:18Z INFO JobServerQueue] All queue process tasks have been stopped, and all queues are drained.
[2026-04-03 11:00:18Z INFO TempDirectoryManager] Cleaning runner temp folder: D:\코딩\mlops_sentiment_api\actions-runner\actions-runner\_work\_temp
[2026-04-03 11:00:18Z INFO HostContext] Well known directory 'Bin': 'D:\코딩\mlops_sentiment_api\actions-runner\actions-runner\bin'
[2026-04-03 11:00:18Z INFO HostContext] Well known directory 'Root': 'D:\코딩\mlops_sentiment_api\actions-runner\actions-runner'
[2026-04-03 11:00:18Z INFO HostContext] Well known directory 'Diag': 'D:\코딩\mlops_sentiment_api\actions-runner\actions-runner\_diag'
[2026-04-03 11:00:18Z INFO HostContext] Well known config file 'Telemetry': 'D:\코딩\mlops_sentiment_api\actions-runner\actions-runner\_diag\.telemetry'
[2026-04-03 11:00:18Z INFO JobRunner] Raising job completed against run service
[2026-04-03 11:00:19Z INFO Worker] Job completed.
