[2026-04-03 10:08:47Z INFO HostContext] No proxy settings were found based on environmental variables (http_proxy/https_proxy/HTTP_PROXY/HTTPS_PROXY)
[2026-04-03 10:08:47Z INFO HostContext] Well known directory 'Bin': 'D:\코딩\mlops_sentiment_api\actions-runner\actions-runner\bin'
[2026-04-03 10:08:47Z INFO HostContext] Well known directory 'Root': 'D:\코딩\mlops_sentiment_api\actions-runner\actions-runner'
[2026-04-03 10:08:47Z INFO HostContext] Well known config file 'Credentials': 'D:\코딩\mlops_sentiment_api\actions-runner\actions-runner\.credentials'
[2026-04-03 10:08:48Z INFO HostContext] Well known directory 'Bin': 'D:\코딩\mlops_sentiment_api\actions-runner\actions-runner\bin'
[2026-04-03 10:08:48Z INFO HostContext] Well known directory 'Root': 'D:\코딩\mlops_sentiment_api\actions-runner\actions-runner'
[2026-04-03 10:08:48Z INFO HostContext] Well known config file 'Runner': 'D:\코딩\mlops_sentiment_api\actions-runner\actions-runner\.runner'
[2026-04-03 10:08:48Z INFO Worker] Version: 2.333.1
[2026-04-03 10:08:48Z INFO Worker] Commit: 6792966801e8925346735b68c03bf9f347af4646
[2026-04-03 10:08:48Z INFO Worker] Culture: ko-KR
[2026-04-03 10:08:48Z INFO Worker] UI Culture: ko-KR
[2026-04-03 10:08:48Z INFO Worker] Waiting to receive the job message from the channel.
[2026-04-03 10:08:48Z INFO ProcessChannel] Receiving message of length 21971, with hash 'ddb63137addff96405276e552dd84b508f48cf5d69cfd0b27e8a1249a8eb01c4'
[2026-04-03 10:08:48Z INFO Worker] Message received.
[2026-04-03 10:08:48Z INFO Worker] Job message:
 {
  "fileTable": [
    ".github/workflows/ci.yml"
  ],
  "mask": [
    {
      "type": "regex",
      "value": "***"
    },
    {
      "type": "regex",
      "value": "***"
    },
    {
      "type": "regex",
      "value": "***"
    },
    {
      "type": "regex",
      "value": "***"
    },
    {
      "type": "regex",
      "value": "***"
    },
    {
      "type": "regex",
      "value": "***"
    },
    {
      "type": "regex",
      "value": "***"
    },
    {
      "type": "regex",
      "value": "***"
    },
    {
      "type": "regex",
      "value": "***"
    },
    {
      "type": "regex",
      "value": "***"
    },
    {
      "type": "regex",
      "value": "***"
    },
    {
      "type": "regex",
      "value": "***"
    },
    {
      "type": "regex",
      "value": "***"
    },
    {
      "type": "regex",
      "value": "***"
    },
    {
      "type": "regex",
      "value": "***"
    },
    {
      "type": "regex",
      "value": "***"
    },
    {
      "type": "regex",
      "value": "***"
    },
    {
      "type": "regex",
      "value": "***"
    }
  ],
  "steps": [
    {
      "type": "action",
      "reference": {
        "type": "repository",
        "name": "docker/login-action",
        "ref": "v3",
        "repositoryType": "GitHub"
      },
      "displayNameToken": {
        "type": 0,
        "file": 1,
        "line": 48,
        "col": 15,
        "lit": "Log in to Docker Hub"
      },
      "contextName": "__docker_login-action",
      "inputs": {
        "type": 2,
        "file": 1,
        "line": 51,
        "col": 11,
        "map": [
          {
            "key": {
              "type": 0,
              "file": 1,
              "line": 51,
              "col": 11,
              "lit": "username"
            },
            "value": {
              "type": 3,
              "file": 1,
              "line": 51,
              "col": 21,
              "expr": "secrets.DOCKERHUB_USERNAME"
            }
          },
          {
            "key": {
              "type": 0,
              "file": 1,
              "line": 52,
              "col": 11,
              "lit": "password"
            },
            "value": {
              "type": 3,
              "file": 1,
              "line": 52,
              "col": 21,
              "expr": "secrets.DOCKERHUB_TOKEN"
            }
          }
        ]
      },
      "condition": "success()",
      "id": "1fe675c2-0a62-466e-94df-607c5ed11cd6",
      "name": "__docker_login-action"
    },
    {
      "type": "action",
      "reference": {
        "type": "script"
      },
      "displayNameToken": {
        "type": 0,
        "file": 1,
        "line": 55,
        "col": 15,
        "lit": "Pull latest image"
      },
      "contextName": "__run",
      "inputs": {
        "type": 2,
        "map": [
          {
            "key": "script",
            "value": {
              "type": 3,
              "file": 1,
              "line": 56,
              "col": 14,
              "expr": "format('docker pull {0}/mlops-sentiment-api:latest', secrets.DOCKERHUB_USERNAME)"
            }
          }
        ]
      },
      "condition": "success()",
      "id": "6e81488e-39f0-4388-bdd8-357f3e3a7c3e",
      "name": "__run"
    },
    {
      "type": "action",
      "reference": {
        "type": "script"
      },
      "displayNameToken": {
        "type": 0,
        "file": 1,
        "line": 59,
        "col": 15,
        "lit": "Stop existing container"
      },
      "contextName": "__run_2",
      "inputs": {
        "type": 2,
        "map": [
          {
            "key": "script",
            "value": {
              "type": 0,
              "file": 1,
              "line": 60,
              "col": 14,
              "lit": "docker stop mlops-api-container"
            }
          }
        ]
      },
      "condition": "success()",
      "continueOnError": {
        "type": 5,
        "file": 1,
        "line": 61,
        "col": 28,
        "bool": true
      },
      "id": "27023135-4732-4a1c-a0f3-8fecb21c84db",
      "name": "__run_2"
    },
    {
      "type": "action",
      "reference": {
        "type": "script"
      },
      "displayNameToken": {
        "type": 0,
        "file": 1,
        "line": 64,
        "col": 15,
        "lit": "Remove existing container"
      },
      "contextName": "__run_3",
      "inputs": {
        "type": 2,
        "map": [
          {
            "key": "script",
            "value": {
              "type": 0,
              "file": 1,
              "line": 65,
              "col": 14,
              "lit": "docker rm mlops-api-container"
            }
          }
        ]
      },
      "condition": "success()",
      "continueOnError": {
        "type": 5,
        "file": 1,
        "line": 66,
        "col": 28,
        "bool": true
      },
      "id": "d1c024d1-0f56-437d-9c17-52a84af45998",
      "name": "__run_3"
    },
    {
      "type": "action",
      "reference": {
        "type": "script"
      },
      "displayNameToken": {
        "type": 0,
        "file": 1,
        "line": 69,
        "col": 15,
        "lit": "Run new container"
      },
      "contextName": "__run_4",
      "inputs": {
        "type": 2,
        "map": [
          {
            "key": "script",
            "value": {
              "type": 3,
              "file": 1,
              "line": 70,
              "col": 14,
              "expr": "format('docker run -d --name mlops-api-container -p 8000:8000 {0}/mlops-sentiment-api:latest', secrets.DOCKERHUB_USERNAME)"
            }
          }
        ]
      },
      "condition": "success()",
      "id": "3a8f1654-61eb-4f98-acf7-4e4745e0d8e4",
      "name": "__run_4"
    }
  ],
  "variables": {
    "Actions.EnableHttpRedirects": {
      "value": "true"
    },
    "DOCKERHUB_TOKEN": {
      "value": "***",
      "isSecret": true
    },
    "DOCKERHUB_USERNAME": {
      "value": "***",
      "isSecret": true
    },
    "DistributedTask.AddWarningToNode12Action": {
      "value": "true"
    },
    "DistributedTask.AddWarningToNode16Action": {
      "value": "true"
    },
    "DistributedTask.AllowRunnerContainerHooks": {
      "value": "true"
    },
    "DistributedTask.DeprecateStepOutputCommands": {
      "value": "true"
    },
    "DistributedTask.DetailUntarFailure": {
      "value": "true"
    },
    "DistributedTask.EnableCompositeActions": {
      "value": "true"
    },
    "DistributedTask.EnableJobServerQueueTelemetry": {
      "value": "true"
    },
    "DistributedTask.EnhancedAnnotations": {
      "value": "true"
    },
    "DistributedTask.ForceGithubJavascriptActionsToNode16": {
      "value": "true"
    },
    "DistributedTask.ForceGithubJavascriptActionsToNode20": {
      "value": "true"
    },
    "DistributedTask.LogTemplateErrorsAsDebugMessages": {
      "value": "true"
    },
    "DistributedTask.MarkJobAsFailedOnWorkerCrash": {
      "value": "true"
    },
    "DistributedTask.NewActionMetadata": {
      "value": "true"
    },
    "DistributedTask.UploadStepSummary": {
      "value": "true"
    },
    "DistributedTask.UseActionArchiveCache": {
      "value": "true"
    },
    "DistributedTask.UseWhich2": {
      "value": "true"
    },
    "RunService.FixEmbeddedIssues": {
      "value": "true"
    },
    "actions.runner.requirenode24": {
      "value": "false"
    },
    "actions.runner.usenode24bydefault": {
      "value": "false"
    },
    "actions.runner.warnonnode20": {
      "value": "true"
    },
    "actions_add_check_run_id_to_job_context": {
      "value": "true"
    },
    "actions_batch_action_resolution": {
      "value": "false"
    },
    "actions_container_action_runner_temp": {
      "value": "true"
    },
    "actions_display_helpful_actions_download_errors": {
      "value": "true"
    },
    "actions_runner_compare_workflow_parser": {
      "value": "false"
    },
    "actions_runner_deprecate_linux_arm32": {
      "value": "false"
    },
    "actions_runner_emit_composite_markers": {
      "value": "false"
    },
    "actions_runner_kill_linux_arm32": {
      "value": "false"
    },
    "actions_runner_node20_removal_date": {
      "value": ""
    },
    "actions_runner_node24_default_date": {
      "value": ""
    },
    "actions_service_container_command": {
      "value": "true"
    },
    "actions_set_orchestration_id_env_for_actions": {
      "value": "true"
    },
    "actions_skip_retry_complete_job_upon_known_errors": {
      "value": "true"
    },
    "actions_snapshot_preflight_hosted_runner_check": {
      "value": "false"
    },
    "actions_snapshot_preflight_image_gen_pool_check": {
      "value": "false"
    },
    "actions_use_bearer_token_for_codeload": {
      "value": "false"
    },
    "actions_uses_cache_service_v2": {
      "value": "true"
    },
    "github_token": {
      "value": "***",
      "isSecret": true
    },
    "system.from_run_service": {
      "value": "true"
    },
    "system.github.job": {
      "value": "deploy-to-local"
    },
    "system.github.launch_endpoint": {
      "value": "https://launch.actions.githubusercontent.com"
    },
    "system.github.results_endpoint": {
      "value": "https://results-receiver.actions.githubusercontent.com/"
    },
    "system.github.results_upload_with_sdk": {
      "value": "true"
    },
    "system.github.token": {
      "value": "***",
      "isSecret": true
    },
    "system.github.token.permissions": {
      "value": "{\"Contents\":\"read\",\"Metadata\":\"read\",\"Packages\":\"read\"}"
    },
    "system.orchestrationId": {
      "value": "8310c09e-84d5-4ab5-af9f-3ac27aa53184.deploy-to-local.__default"
    },
    "system.phaseDisplayName": {
      "value": "deploy-to-local"
    },
    "system.runner.lowdiskspacethreshold": {
      "value": "100"
    },
    "system.runnerEnvironment": {
      "value": "self-hosted"
    },
    "system.runnerGroupName": {
      "value": "Default"
    }
  },
  "messageType": "RunnerJobRequest",
  "plan": {
    "scopeIdentifier": "00000000-0000-0000-0000-000000000000",
    "planType": "actions",
    "version": 0,
    "planId": "8310c09e-84d5-4ab5-af9f-3ac27aa53184",
    "planGroup": null,
    "artifactUri": null,
    "artifactLocation": null,
    "definition": null,
    "owner": null
  },
  "timeline": {
    "id": "8310c09e-84d5-4ab5-af9f-3ac27aa53184",
    "changeId": 0,
    "location": null
  },
  "jobId": "63fa480c-03dd-5706-b2e4-0aa4fb6635eb",
  "jobDisplayName": "deploy-to-local",
  "jobName": "__default",
  "requestId": 0,
  "lockedUntil": "0001-01-01T00:00:00",
  "resources": {
    "endpoints": [
      {
        "data": {
          "ServerId": "",
          "ServerName": "",
          "CacheServerUrl": "https://artifactcache.actions.githubusercontent.com/z49N8K4gn7qMzcLyfyIpqMLYf9jT4Ucg5zUAjGS2CgmPKPzEWX/",
          "FeedStreamUrl": "wss://results-receiver.actions.githubusercontent.com/_ws/ingest.sock",
          "ResultsServiceUrl": "https://results-receiver.actions.githubusercontent.com/",
          "PipelinesServiceUrl": "https://pipelinesghubeus2.actions.githubusercontent.com/z49N8K4gn7qMzcLyfyIpqMLYf9jT4Ucg5zUAjGS2CgmPKPzEWX/",
          "GenerateIdTokenUrl": "",
          "ConnectivityChecks": "[\"https://broker.actions.githubusercontent.com/health\",\"https://token.actions.githubusercontent.com/ready\",\"https://run.actions.githubusercontent.com/health\"]"
        },
        "name": "SystemVssConnection",
        "url": "https://run-actions-1-azure-eastus.actions.githubusercontent.com/172/",
        "authorization": {
          "parameters": {
            "AccessToken": "***"
          },
          "scheme": "OAuth"
        },
        "isShared": false,
        "isReady": true
      }
    ]
  },
  "contextData": {
    "github": {
      "t": 2,
      "d": [
        {
          "k": "ref",
          "v": "refs/heads/main"
        },
        {
          "k": "sha",
          "v": "d21fcfc372fc4a5f0d0d24b5678e10b360753110"
        },
        {
          "k": "repository",
          "v": "minjik39/opensource-hw2"
        },
        {
          "k": "repository_owner",
          "v": "minjik39"
        },
        {
          "k": "repository_owner_id",
          "v": "139597629"
        },
        {
          "k": "repositoryUrl",
          "v": "git://github.com/minjik39/opensource-hw2.git"
        },
        {
          "k": "run_id",
          "v": "23942573457"
        },
        {
          "k": "run_number",
          "v": "3"
        },
        {
          "k": "retention_days",
          "v": "90"
        },
        {
          "k": "run_attempt",
          "v": "1"
        },
        {
          "k": "artifact_cache_size_limit",
          "v": "10"
        },
        {
          "k": "repository_visibility",
          "v": "public"
        },
        {
          "k": "actor_id",
          "v": "139597629"
        },
        {
          "k": "actor",
          "v": "minjik39"
        },
        {
          "k": "workflow",
          "v": "CI/CD Pipeline for ML API"
        },
        {
          "k": "head_ref",
          "v": ""
        },
        {
          "k": "base_ref",
          "v": ""
        },
        {
          "k": "event_name",
          "v": "push"
        },
        {
          "k": "server_url",
          "v": "https://github.com"
        },
        {
          "k": "api_url",
          "v": "https://api.github.com"
        },
        {
          "k": "graphql_url",
          "v": "https://api.github.com/graphql"
        },
        {
          "k": "ref_name",
          "v": "main"
        },
        {
          "k": "ref_protected",
          "v": false
        },
        {
          "k": "ref_type",
          "v": "branch"
        },
        {
          "k": "secret_source",
          "v": "Actions"
        },
        {
          "k": "event",
          "v": {
            "t": 2,
            "d": [
              {
                "k": "after",
                "v": "d21fcfc372fc4a5f0d0d24b5678e10b360753110"
              },
              {
                "k": "base_ref",
                "v": null
              },
              {
                "k": "before",
                "v": "193abb51658fcd519c531f8432aa405e0c009bd7"
              },
              {
                "k": "commits",
                "v": {
                  "t": 1,
                  "a": [
                    {
                      "t": 2,
                      "d": [
                        {
                          "k": "author",
                          "v": {
                            "t": 2,
                            "d": [
                              {
                                "k": "email",
                                "v": "knight44014@gmail.com"
                              },
                              {
                                "k": "name",
                                "v": "minjik39"
                              },
                              {
                                "k": "username",
                                "v": "minjik39"
                              }
                            ]
                          }
                        },
                        {
                          "k": "committer",
                          "v": {
                            "t": 2,
                            "d": [
                              {
                                "k": "email",
                                "v": "knight44014@gmail.com"
                              },
                              {
                                "k": "name",
                                "v": "minjik39"
                              },
                              {
                                "k": "username",
                                "v": "minjik39"
                              }
                            ]
                          }
                        },
                        {
                          "k": "distinct",
                          "v": true
                        },
                        {
                          "k": "id",
                          "v": "d21fcfc372fc4a5f0d0d24b5678e10b360753110"
                        },
                        {
                          "k": "message",
                          "v": "feat: MLOps CI/CD pipeline setup"
                        },
                        {
                          "k": "timestamp",
                          "v": "2026-04-03T19:08:07+09:00"
                        },
                        {
                          "k": "tree_id",
                          "v": "39ac5377ffa6bc2da2a8486e2ebd15a737ee44a8"
                        },
                        {
                          "k": "url",
                          "v": "https://github.com/minjik39/opensource-hw2/commit/d21fcfc372fc4a5f0d0d24b5678e10b360753110"
                        }
                      ]
                    }
                  ]
                }
              },
              {
                "k": "compare",
                "v": "https://github.com/minjik39/opensource-hw2/compare/193abb51658f...d21fcfc372fc"
              },
              {
                "k": "created",
                "v": false
              },
              {
                "k": "deleted",
                "v": false
              },
              {
                "k": "forced",
                "v": false
              },
              {
                "k": "head_commit",
                "v": {
                  "t": 2,
                  "d": [
                    {
                      "k": "author",
                      "v": {
                        "t": 2,
                        "d": [
                          {
                            "k": "email",
                            "v": "knight44014@gmail.com"
                          },
                          {
                            "k": "name",
                            "v": "minjik39"
                          },
                          {
                            "k": "username",
                            "v": "minjik39"
                          }
                        ]
                      }
                    },
                    {
                      "k": "committer",
                      "v": {
                        "t": 2,
                        "d": [
                          {
                            "k": "email",
                            "v": "knight44014@gmail.com"
                          },
                          {
                            "k": "name",
                            "v": "minjik39"
                          },
                          {
                            "k": "username",
                            "v": "minjik39"
                          }
                        ]
                      }
                    },
                    {
                      "k": "distinct",
                      "v": true
                    },
                    {
                      "k": "id",
                      "v": "d21fcfc372fc4a5f0d0d24b5678e10b360753110"
                    },
                    {
                      "k": "message",
                      "v": "feat: MLOps CI/CD pipeline setup"
                    },
                    {
                      "k": "timestamp",
                      "v": "2026-04-03T19:08:07+09:00"
                    },
                    {
                      "k": "tree_id",
                      "v": "39ac5377ffa6bc2da2a8486e2ebd15a737ee44a8"
                    },
                    {
                      "k": "url",
                      "v": "https://github.com/minjik39/opensource-hw2/commit/d21fcfc372fc4a5f0d0d24b5678e10b360753110"
                    }
                  ]
                }
              },
              {
                "k": "pusher",
                "v": {
                  "t": 2,
                  "d": [
                    {
                      "k": "email",
                      "v": "139597629+minjik39@users.noreply.github.com"
                    },
                    {
                      "k": "name",
                      "v": "minjik39"
                    }
                  ]
                }
              },
              {
                "k": "ref",
                "v": "refs/heads/main"
              },
              {
                "k": "repository",
                "v": {
                  "t": 2,
                  "d": [
                    {
                      "k": "allow_forking",
                      "v": true
                    },
                    {
                      "k": "archive_url",
                      "v": "https://api.github.com/repos/minjik39/opensource-hw2/{archive_format}{/ref}"
                    },
                    {
                      "k": "archived",
                      "v": false
                    },
                    {
                      "k": "assignees_url",
                      "v": "https://api.github.com/repos/minjik39/opensource-hw2/assignees{/user}"
                    },
                    {
                      "k": "blobs_url",
                      "v": "https://api.github.com/repos/minjik39/opensource-hw2/git/blobs{/sha}"
                    },
                    {
                      "k": "branches_url",
                      "v": "https://api.github.com/repos/minjik39/opensource-hw2/branches{/branch}"
                    },
                    {
                      "k": "clone_url",
                      "v": "https://github.com/minjik39/opensource-hw2.git"
                    },
                    {
                      "k": "collaborators_url",
                      "v": "https://api.github.com/repos/minjik39/opensource-hw2/collaborators{/collaborator}"
                    },
                    {
                      "k": "comments_url",
                      "v": "https://api.github.com/repos/minjik39/opensource-hw2/comments{/number}"
                    },
                    {
                      "k": "commits_url",
                      "v": "https://api.github.com/repos/minjik39/opensource-hw2/commits{/sha}"
                    },
                    {
                      "k": "compare_url",
                      "v": "https://api.github.com/repos/minjik39/opensource-hw2/compare/{base}...{head}"
                    },
                    {
                      "k": "contents_url",
                      "v": "https://api.github.com/repos/minjik39/opensource-hw2/contents/{+path}"
                    },
                    {
                      "k": "contributors_url",
                      "v": "https://api.github.com/repos/minjik39/opensource-hw2/contributors"
                    },
                    {
                      "k": "created_at",
                      "v": 1775196349.0
                    },
                    {
                      "k": "default_branch",
                      "v": "main"
                    },
                    {
                      "k": "deployments_url",
                      "v": "https://api.github.com/repos/minjik39/opensource-hw2/deployments"
                    },
                    {
                      "k": "description",
                      "v": null
                    },
                    {
                      "k": "disabled",
                      "v": false
                    },
                    {
                      "k": "downloads_url",
                      "v": "https://api.github.com/repos/minjik39/opensource-hw2/downloads"
                    },
                    {
                      "k": "events_url",
                      "v": "https://api.github.com/repos/minjik39/opensource-hw2/events"
                    },
                    {
                      "k": "fork",
                      "v": false
                    },
                    {
                      "k": "forks",
                      "v": 0.0
                    },
                    {
                      "k": "forks_count",
                      "v": 0.0
                    },
                    {
                      "k": "forks_url",
                      "v": "https://api.github.com/repos/minjik39/opensource-hw2/forks"
                    },
                    {
                      "k": "full_name",
                      "v": "minjik39/opensource-hw2"
                    },
                    {
                      "k": "git_commits_url",
                      "v": "https://api.github.com/repos/minjik39/opensource-hw2/git/commits{/sha}"
                    },
                    {
                      "k": "git_refs_url",
                      "v": "https://api.github.com/repos/minjik39/opensource-hw2/git/refs{/sha}"
                    },
                    {
                      "k": "git_tags_url",
                      "v": "https://api.github.com/repos/minjik39/opensource-hw2/git/tags{/sha}"
                    },
                    {
                      "k": "git_url",
                      "v": "git://github.com/minjik39/opensource-hw2.git"
                    },
                    {
                      "k": "has_discussions",
                      "v": false
                    },
                    {
                      "k": "has_downloads",
                      "v": true
                    },
                    {
                      "k": "has_issues",
                      "v": true
                    },
                    {
                      "k": "has_pages",
                      "v": false
                    },
                    {
                      "k": "has_projects",
                      "v": true
                    },
                    {
                      "k": "has_pull_requests",
                      "v": true
                    },
                    {
                      "k": "has_wiki",
                      "v": true
                    },
                    {
                      "k": "homepage",
                      "v": null
                    },
                    {
                      "k": "hooks_url",
                      "v": "https://api.github.com/repos/minjik39/opensource-hw2/hooks"
                    },
                    {
                      "k": "html_url",
                      "v": "https://github.com/minjik39/opensource-hw2"
                    },
                    {
                      "k": "id",
                      "v": 1200187896.0
                    },
                    {
                      "k": "is_template",
                      "v": false
                    },
                    {
                      "k": "issue_comment_url",
                      "v": "https://api.github.com/repos/minjik39/opensource-hw2/issues/comments{/number}"
                    },
                    {
                      "k": "issue_events_url",
                      "v": "https://api.github.com/repos/minjik39/opensource-hw2/issues/events{/number}"
                    },
                    {
                      "k": "issues_url",
                      "v": "https://api.github.com/repos/minjik39/opensource-hw2/issues{/number}"
                    },
                    {
                      "k": "keys_url",
                      "v": "https://api.github.com/repos/minjik39/opensource-hw2/keys{/key_id}"
                    },
                    {
                      "k": "labels_url",
                      "v": "https://api.github.com/repos/minjik39/opensource-hw2/labels{/name}"
                    },
                    {
                      "k": "language",
                      "v": "JavaScript"
                    },
                    {
                      "k": "languages_url",
                      "v": "https://api.github.com/repos/minjik39/opensource-hw2/languages"
                    },
                    {
                      "k": "license",
                      "v": null
                    },
                    {
                      "k": "master_branch",
                      "v": "main"
                    },
                    {
                      "k": "merges_url",
                      "v": "https://api.github.com/repos/minjik39/opensource-hw2/merges"
                    },
                    {
                      "k": "milestones_url",
                      "v": "https://api.github.com/repos/minjik39/opensource-hw2/milestones{/number}"
                    },
                    {
                      "k": "mirror_url",
                      "v": null
                    },
                    {
                      "k": "name",
                      "v": "opensource-hw2"
                    },
                    {
                      "k": "node_id",
                      "v": "R_kgDOR4lp-A"
                    },
                    {
                      "k": "notifications_url",
                      "v": "https://api.github.com/repos/minjik39/opensource-hw2/notifications{?since,all,participating}"
                    },
                    {
                      "k": "open_issues",
                      "v": 0.0
                    },
                    {
                      "k": "open_issues_count",
                      "v": 0.0
                    },
                    {
                      "k": "owner",
                      "v": {
                        "t": 2,
                        "d": [
                          {
                            "k": "avatar_url",
                            "v": "https://avatars.githubusercontent.com/u/139597629?v=4"
                          },
                          {
                            "k": "email",
                            "v": "139597629+minjik39@users.noreply.github.com"
                          },
                          {
                            "k": "events_url",
                            "v": "https://api.github.com/users/minjik39/events{/privacy}"
                          },
                          {
                            "k": "followers_url",
                            "v": "https://api.github.com/users/minjik39/followers"
                          },
                          {
                            "k": "following_url",
                            "v": "https://api.github.com/users/minjik39/following{/other_user}"
                          },
                          {
                            "k": "gists_url",
                            "v": "https://api.github.com/users/minjik39/gists{/gist_id}"
                          },
                          {
                            "k": "gravatar_id",
                            "v": ""
                          },
                          {
                            "k": "html_url",
                            "v": "https://github.com/minjik39"
                          },
                          {
                            "k": "id",
                            "v": 139597629.0
                          },
                          {
                            "k": "login",
                            "v": "minjik39"
                          },
                          {
                            "k": "name",
                            "v": "minjik39"
                          },
                          {
                            "k": "node_id",
                            "v": "U_kgDOCFIXPQ"
                          },
                          {
                            "k": "organizations_url",
                            "v": "https://api.github.com/users/minjik39/orgs"
                          },
                          {
                            "k": "received_events_url",
                            "v": "https://api.github.com/users/minjik39/received_events"
                          },
                          {
                            "k": "repos_url",
                            "v": "https://api.github.com/users/minjik39/repos"
                          },
                          {
                            "k": "site_admin",
                            "v": false
                          },
                          {
                            "k": "starred_url",
                            "v": "https://api.github.com/users/minjik39/starred{/owner}{/repo}"
                          },
                          {
                            "k": "subscriptions_url",
                            "v": "https://api.github.com/users/minjik39/subscriptions"
                          },
                          {
                            "k": "type",
                            "v": "User"
                          },
                          {
                            "k": "url",
                            "v": "https://api.github.com/users/minjik39"
                          },
                          {
                            "k": "user_view_type",
                            "v": "public"
                          }
                        ]
                      }
                    },
                    {
                      "k": "private",
                      "v": false
                    },
                    {
                      "k": "pull_request_creation_policy",
                      "v": "all"
                    },
                    {
                      "k": "pulls_url",
                      "v": "https://api.github.com/repos/minjik39/opensource-hw2/pulls{/number}"
                    },
                    {
                      "k": "pushed_at",
                      "v": 1775210761.0
                    },
                    {
                      "k": "releases_url",
                      "v": "https://api.github.com/repos/minjik39/opensource-hw2/releases{/id}"
                    },
                    {
                      "k": "size",
                      "v": 177171.0
                    },
                    {
                      "k": "ssh_url",
                      "v": "git@github.com:minjik39/opensource-hw2.git"
                    },
                    {
                      "k": "stargazers",
                      "v": 0.0
                    },
                    {
                      "k": "stargazers_count",
                      "v": 0.0
                    },
                    {
                      "k": "stargazers_url",
                      "v": "https://api.github.com/repos/minjik39/opensource-hw2/stargazers"
                    },
                    {
                      "k": "statuses_url",
                      "v": "https://api.github.com/repos/minjik39/opensource-hw2/statuses/{sha}"
                    },
                    {
                      "k": "subscribers_url",
                      "v": "https://api.github.com/repos/minjik39/opensource-hw2/subscribers"
                    },
                    {
                      "k": "subscription_url",
                      "v": "https://api.github.com/repos/minjik39/opensource-hw2/subscription"
                    },
                    {
                      "k": "svn_url",
                      "v": "https://github.com/minjik39/opensource-hw2"
                    },
                    {
                      "k": "tags_url",
                      "v": "https://api.github.com/repos/minjik39/opensource-hw2/tags"
                    },
                    {
                      "k": "teams_url",
                      "v": "https://api.github.com/repos/minjik39/opensource-hw2/teams"
                    },
                    {
                      "k": "topics",
                      "v": {
                        "t": 1
                      }
                    },
                    {
                      "k": "trees_url",
                      "v": "https://api.github.com/repos/minjik39/opensource-hw2/git/trees{/sha}"
                    },
                    {
                      "k": "updated_at",
                      "v": "2026-04-03T09:07:46Z"
                    },
                    {
                      "k": "url",
                      "v": "https://api.github.com/repos/minjik39/opensource-hw2"
                    },
                    {
                      "k": "visibility",
                      "v": "public"
                    },
                    {
                      "k": "watchers",
                      "v": 0.0
                    },
                    {
                      "k": "watchers_count",
                      "v": 0.0
                    },
                    {
                      "k": "web_commit_signoff_required",
                      "v": false
                    }
                  ]
                }
              },
              {
                "k": "sender",
                "v": {
                  "t": 2,
                  "d": [
                    {
                      "k": "avatar_url",
                      "v": "https://avatars.githubusercontent.com/u/139597629?v=4"
                    },
                    {
                      "k": "events_url",
                      "v": "https://api.github.com/users/minjik39/events{/privacy}"
                    },
                    {
                      "k": "followers_url",
                      "v": "https://api.github.com/users/minjik39/followers"
                    },
                    {
                      "k": "following_url",
                      "v": "https://api.github.com/users/minjik39/following{/other_user}"
                    },
                    {
                      "k": "gists_url",
                      "v": "https://api.github.com/users/minjik39/gists{/gist_id}"
                    },
                    {
                      "k": "gravatar_id",
                      "v": ""
                    },
                    {
                      "k": "html_url",
                      "v": "https://github.com/minjik39"
                    },
                    {
                      "k": "id",
                      "v": 139597629.0
                    },
                    {
                      "k": "login",
                      "v": "minjik39"
                    },
                    {
                      "k": "node_id",
                      "v": "U_kgDOCFIXPQ"
                    },
                    {
                      "k": "organizations_url",
                      "v": "https://api.github.com/users/minjik39/orgs"
                    },
                    {
                      "k": "received_events_url",
                      "v": "https://api.github.com/users/minjik39/received_events"
                    },
                    {
                      "k": "repos_url",
                      "v": "https://api.github.com/users/minjik39/repos"
                    },
                    {
                      "k": "site_admin",
                      "v": false
                    },
                    {
                      "k": "starred_url",
                      "v": "https://api.github.com/users/minjik39/starred{/owner}{/repo}"
                    },
                    {
                      "k": "subscriptions_url",
                      "v": "https://api.github.com/users/minjik39/subscriptions"
                    },
                    {
                      "k": "type",
                      "v": "User"
                    },
                    {
                      "k": "url",
                      "v": "https://api.github.com/users/minjik39"
                    },
                    {
                      "k": "user_view_type",
                      "v": "public"
                    }
                  ]
                }
              }
            ]
          }
        },
        {
          "k": "workflow_ref",
          "v": "minjik39/opensource-hw2/.github/workflows/ci.yml@refs/heads/main"
        },
        {
          "k": "workflow_sha",
          "v": "d21fcfc372fc4a5f0d0d24b5678e10b360753110"
        },
        {
          "k": "repository_id",
          "v": "1200187896"
        },
        {
          "k": "triggering_actor",
          "v": "minjik39"
        }
      ]
    },
    "inputs": {
      "t": 2
    },
    "job": {
      "t": 2,
      "d": [
        {
          "k": "check_run_id",
          "v": 69831906704.0
        }
      ]
    },
    "matrix": null,
    "needs": {
      "t": 2,
      "d": [
        {
          "k": "build-and-push",
          "v": {
            "t": 2,
            "d": [
              {
                "k": "result",
                "v": "success"
              },
              {
                "k": "outputs",
                "v": {
                  "t": 2
                }
              }
            ]
          }
        }
      ]
    },
    "strategy": {
      "t": 2,
      "d": [
        {
          "k": "fail-fast",
          "v": true
        },
        {
          "k": "job-index",
          "v": 0.0
        },
        {
          "k": "job-total",
          "v": 1.0
        },
        {
          "k": "max-parallel",
          "v": 1.0
        }
      ]
    },
    "vars": {
      "t": 2
    }
  },
  "billingOwnerId": "U_kgDOCFIXPQ"
}
[2026-04-03 10:08:48Z INFO JobRunner] Job ID 63fa480c-03dd-5706-b2e4-0aa4fb6635eb
[2026-04-03 10:08:48Z INFO ConfigurationStore] currentAssemblyLocation: D:\코딩\mlops_sentiment_api\actions-runner\actions-runner\bin\Runner.Worker.dll
[2026-04-03 10:08:48Z INFO HostContext] Well known directory 'Bin': 'D:\코딩\mlops_sentiment_api\actions-runner\actions-runner\bin'
[2026-04-03 10:08:48Z INFO ConfigurationStore] binPath: D:\코딩\mlops_sentiment_api\actions-runner\actions-runner\bin
[2026-04-03 10:08:48Z INFO HostContext] Well known directory 'Bin': 'D:\코딩\mlops_sentiment_api\actions-runner\actions-runner\bin'
[2026-04-03 10:08:48Z INFO HostContext] Well known directory 'Root': 'D:\코딩\mlops_sentiment_api\actions-runner\actions-runner'
[2026-04-03 10:08:48Z INFO ConfigurationStore] RootFolder: D:\코딩\mlops_sentiment_api\actions-runner\actions-runner
[2026-04-03 10:08:48Z INFO HostContext] Well known directory 'Bin': 'D:\코딩\mlops_sentiment_api\actions-runner\actions-runner\bin'
[2026-04-03 10:08:48Z INFO HostContext] Well known directory 'Root': 'D:\코딩\mlops_sentiment_api\actions-runner\actions-runner'
[2026-04-03 10:08:48Z INFO HostContext] Well known config file 'Runner': 'D:\코딩\mlops_sentiment_api\actions-runner\actions-runner\.runner'
[2026-04-03 10:08:48Z INFO ConfigurationStore] ConfigFilePath: D:\코딩\mlops_sentiment_api\actions-runner\actions-runner\.runner
[2026-04-03 10:08:48Z INFO HostContext] Well known directory 'Bin': 'D:\코딩\mlops_sentiment_api\actions-runner\actions-runner\bin'
[2026-04-03 10:08:48Z INFO HostContext] Well known directory 'Root': 'D:\코딩\mlops_sentiment_api\actions-runner\actions-runner'
[2026-04-03 10:08:48Z INFO HostContext] Well known config file 'MigratedRunner': 'D:\코딩\mlops_sentiment_api\actions-runner\actions-runner\.runner_migrated'
[2026-04-03 10:08:48Z INFO ConfigurationStore] MigratedConfigFilePath: D:\코딩\mlops_sentiment_api\actions-runner\actions-runner\.runner_migrated
[2026-04-03 10:08:48Z INFO HostContext] Well known directory 'Bin': 'D:\코딩\mlops_sentiment_api\actions-runner\actions-runner\bin'
[2026-04-03 10:08:48Z INFO HostContext] Well known directory 'Root': 'D:\코딩\mlops_sentiment_api\actions-runner\actions-runner'
[2026-04-03 10:08:48Z INFO HostContext] Well known config file 'Credentials': 'D:\코딩\mlops_sentiment_api\actions-runner\actions-runner\.credentials'
[2026-04-03 10:08:48Z INFO ConfigurationStore] CredFilePath: D:\코딩\mlops_sentiment_api\actions-runner\actions-runner\.credentials
[2026-04-03 10:08:48Z INFO HostContext] Well known directory 'Bin': 'D:\코딩\mlops_sentiment_api\actions-runner\actions-runner\bin'
[2026-04-03 10:08:48Z INFO HostContext] Well known directory 'Root': 'D:\코딩\mlops_sentiment_api\actions-runner\actions-runner'
[2026-04-03 10:08:48Z INFO HostContext] Well known config file 'MigratedCredentials': 'D:\코딩\mlops_sentiment_api\actions-runner\actions-runner\.credentials_migrated'
[2026-04-03 10:08:48Z INFO ConfigurationStore] MigratedCredFilePath: D:\코딩\mlops_sentiment_api\actions-runner\actions-runner\.credentials_migrated
[2026-04-03 10:08:48Z INFO HostContext] Well known directory 'Bin': 'D:\코딩\mlops_sentiment_api\actions-runner\actions-runner\bin'
[2026-04-03 10:08:48Z INFO HostContext] Well known directory 'Root': 'D:\코딩\mlops_sentiment_api\actions-runner\actions-runner'
[2026-04-03 10:08:48Z INFO HostContext] Well known config file 'Service': 'D:\코딩\mlops_sentiment_api\actions-runner\actions-runner\.service'
[2026-04-03 10:08:48Z INFO ConfigurationStore] ServiceConfigFilePath: D:\코딩\mlops_sentiment_api\actions-runner\actions-runner\.service
[2026-04-03 10:08:48Z INFO ConfigurationStore] Read setting file: 392 chars
[2026-04-03 10:08:48Z INFO JobRunner] Initializing launch client
[2026-04-03 10:08:48Z INFO JobServerQueue] Initializing results client
[2026-04-03 10:08:48Z INFO ResultServer] Creating websocket client ...wss://results-receiver.actions.githubusercontent.com/_ws/ingest.sock
[2026-04-03 10:08:48Z INFO ResultServer] Attempting to start websocket client with delay 00:00:00.
[2026-04-03 10:08:48Z INFO JobServerQueue] Start process web console line queue.
[2026-04-03 10:08:48Z INFO JobServerQueue] Start process file upload queue.
[2026-04-03 10:08:48Z INFO JobServerQueue] Start results file upload queue.
[2026-04-03 10:08:48Z INFO JobServerQueue] Starting results-based upload queue...
[2026-04-03 10:08:48Z INFO JobServerQueue] Start process timeline update queue.
[2026-04-03 10:08:48Z INFO ExecutionContext] Initializing Job context
[2026-04-03 10:08:48Z INFO ExecutionContext] Initialize GitHub context
[2026-04-03 10:08:48Z INFO ExecutionContext] Initialize Env context
[2026-04-03 10:08:48Z INFO HostContext] Well known directory 'Bin': 'D:\코딩\mlops_sentiment_api\actions-runner\actions-runner\bin'
[2026-04-03 10:08:48Z INFO HostContext] Well known directory 'Root': 'D:\코딩\mlops_sentiment_api\actions-runner\actions-runner'
[2026-04-03 10:08:48Z INFO HostContext] Well known directory 'Diag': 'D:\코딩\mlops_sentiment_api\actions-runner\actions-runner\_diag'
[2026-04-03 10:08:48Z INFO HostContext] Well known directory 'Bin': 'D:\코딩\mlops_sentiment_api\actions-runner\actions-runner\bin'
[2026-04-03 10:08:48Z INFO HostContext] Well known directory 'Root': 'D:\코딩\mlops_sentiment_api\actions-runner\actions-runner'
[2026-04-03 10:08:48Z INFO HostContext] Well known directory 'Diag': 'D:\코딩\mlops_sentiment_api\actions-runner\actions-runner\_diag'
[2026-04-03 10:08:48Z INFO JobRunner] Starting the job execution context.
[2026-04-03 10:08:48Z INFO HostContext] Well known directory 'Bin': 'D:\코딩\mlops_sentiment_api\actions-runner\actions-runner\bin'
[2026-04-03 10:08:48Z INFO HostContext] Well known directory 'Root': 'D:\코딩\mlops_sentiment_api\actions-runner\actions-runner'
[2026-04-03 10:08:48Z INFO HostContext] Well known directory 'Work': 'D:\코딩\mlops_sentiment_api\actions-runner\actions-runner\_work'
[2026-04-03 10:08:48Z INFO JobRunner] Validating directory permissions for: 'D:\코딩\mlops_sentiment_api\actions-runner\actions-runner\_work'
[2026-04-03 10:08:48Z INFO HostContext] Well known directory 'Bin': 'D:\코딩\mlops_sentiment_api\actions-runner\actions-runner\bin'
[2026-04-03 10:08:48Z INFO HostContext] Well known directory 'Root': 'D:\코딩\mlops_sentiment_api\actions-runner\actions-runner'
[2026-04-03 10:08:48Z INFO HostContext] Well known directory 'Work': 'D:\코딩\mlops_sentiment_api\actions-runner\actions-runner\_work'
[2026-04-03 10:08:48Z INFO HostContext] Well known directory 'Tools': 'D:\코딩\mlops_sentiment_api\actions-runner\actions-runner\_work\_tool'
[2026-04-03 10:08:48Z INFO HostContext] Well known directory 'Bin': 'D:\코딩\mlops_sentiment_api\actions-runner\actions-runner\bin'
[2026-04-03 10:08:48Z INFO HostContext] Well known directory 'Root': 'D:\코딩\mlops_sentiment_api\actions-runner\actions-runner'
[2026-04-03 10:08:48Z INFO HostContext] Well known directory 'Work': 'D:\코딩\mlops_sentiment_api\actions-runner\actions-runner\_work'
[2026-04-03 10:08:48Z INFO HostContext] Well known directory 'Temp': 'D:\코딩\mlops_sentiment_api\actions-runner\actions-runner\_work\_temp'
[2026-04-03 10:08:48Z INFO JobRunner] Getting job extension.
[2026-04-03 10:08:48Z INFO JobRunner] Initialize job. Getting all job steps.
[2026-04-03 10:08:48Z INFO HostContext] Well known directory 'Bin': 'D:\코딩\mlops_sentiment_api\actions-runner\actions-runner\bin'
[2026-04-03 10:08:48Z INFO HostContext] Well known directory 'Root': 'D:\코딩\mlops_sentiment_api\actions-runner\actions-runner'
[2026-04-03 10:08:48Z INFO HostContext] Well known directory 'Diag': 'D:\코딩\mlops_sentiment_api\actions-runner\actions-runner\_diag'
[2026-04-03 10:08:48Z INFO HostContext] Well known directory 'Bin': 'D:\코딩\mlops_sentiment_api\actions-runner\actions-runner\bin'
[2026-04-03 10:08:48Z INFO HostContext] Well known directory 'Root': 'D:\코딩\mlops_sentiment_api\actions-runner\actions-runner'
[2026-04-03 10:08:48Z INFO HostContext] Well known directory 'Diag': 'D:\코딩\mlops_sentiment_api\actions-runner\actions-runner\_diag'
[2026-04-03 10:08:48Z INFO HostContext] Well known directory 'Bin': 'D:\코딩\mlops_sentiment_api\actions-runner\actions-runner\bin'
[2026-04-03 10:08:48Z INFO HostContext] Well known directory 'Root': 'D:\코딩\mlops_sentiment_api\actions-runner\actions-runner'
[2026-04-03 10:08:48Z INFO HostContext] Well known config file 'Credentials': 'D:\코딩\mlops_sentiment_api\actions-runner\actions-runner\.credentials'
[2026-04-03 10:08:48Z INFO HostContext] Well known directory 'Bin': 'D:\코딩\mlops_sentiment_api\actions-runner\actions-runner\bin'
[2026-04-03 10:08:48Z INFO HostContext] Well known directory 'Root': 'D:\코딩\mlops_sentiment_api\actions-runner\actions-runner'
[2026-04-03 10:08:48Z INFO HostContext] Well known config file 'SetupInfo': 'D:\코딩\mlops_sentiment_api\actions-runner\actions-runner\.setup_info'
[2026-04-03 10:08:48Z INFO HostContext] Well known directory 'Bin': 'D:\코딩\mlops_sentiment_api\actions-runner\actions-runner\bin'
[2026-04-03 10:08:48Z INFO HostContext] Well known directory 'Root': 'D:\코딩\mlops_sentiment_api\actions-runner\actions-runner'
[2026-04-03 10:08:48Z INFO HostContext] Well known directory 'Work': 'D:\코딩\mlops_sentiment_api\actions-runner\actions-runner\_work'
[2026-04-03 10:08:48Z INFO PipelineDirectoryManager] Loading tracking config if exists: D:\코딩\mlops_sentiment_api\actions-runner\actions-runner\_work\_PipelineMapping\minjik39/opensource-hw2\PipelineFolder.json
[2026-04-03 10:08:48Z INFO PipelineDirectoryManager] Creating a new tracking config file.
[2026-04-03 10:08:48Z INFO HostContext] Well known directory 'Bin': 'D:\코딩\mlops_sentiment_api\actions-runner\actions-runner\bin'
[2026-04-03 10:08:48Z INFO HostContext] Well known directory 'Root': 'D:\코딩\mlops_sentiment_api\actions-runner\actions-runner'
[2026-04-03 10:08:48Z INFO HostContext] Well known directory 'Work': 'D:\코딩\mlops_sentiment_api\actions-runner\actions-runner\_work'
[2026-04-03 10:08:48Z INFO PipelineDirectoryManager] Creating pipeline directory.
[2026-04-03 10:08:48Z INFO HostContext] Well known directory 'Bin': 'D:\코딩\mlops_sentiment_api\actions-runner\actions-runner\bin'
[2026-04-03 10:08:48Z INFO HostContext] Well known directory 'Root': 'D:\코딩\mlops_sentiment_api\actions-runner\actions-runner'
[2026-04-03 10:08:48Z INFO HostContext] Well known directory 'Work': 'D:\코딩\mlops_sentiment_api\actions-runner\actions-runner\_work'
[2026-04-03 10:08:48Z INFO PipelineDirectoryManager] Creating workspace directory.
[2026-04-03 10:08:48Z INFO HostContext] Well known directory 'Bin': 'D:\코딩\mlops_sentiment_api\actions-runner\actions-runner\bin'
[2026-04-03 10:08:48Z INFO HostContext] Well known directory 'Root': 'D:\코딩\mlops_sentiment_api\actions-runner\actions-runner'
[2026-04-03 10:08:48Z INFO HostContext] Well known directory 'Work': 'D:\코딩\mlops_sentiment_api\actions-runner\actions-runner\_work'
[2026-04-03 10:08:48Z INFO JobExtension] Downloading actions
[2026-04-03 10:08:48Z INFO HostContext] Well known directory 'Bin': 'D:\코딩\mlops_sentiment_api\actions-runner\actions-runner\bin'
[2026-04-03 10:08:48Z INFO HostContext] Well known directory 'Root': 'D:\코딩\mlops_sentiment_api\actions-runner\actions-runner'
[2026-04-03 10:08:48Z INFO HostContext] Well known directory 'Work': 'D:\코딩\mlops_sentiment_api\actions-runner\actions-runner\_work'
[2026-04-03 10:08:48Z INFO HostContext] Well known directory 'Actions': 'D:\코딩\mlops_sentiment_api\actions-runner\actions-runner\_work\_actions'
[2026-04-03 10:08:48Z INFO Worker] Listening for cancel message from the channel.
[2026-04-03 10:08:48Z INFO Worker] Waiting for the job to complete or for a cancel message from the channel.
[2026-04-03 10:08:48Z INFO ResultServer] Successfully started websocket client.
[2026-04-03 10:08:48Z INFO JobServerQueue] Try to append 1 batches web console lines for record '38514636-e5de-4821-bfc5-fe0d9674b961', success rate: 1/1.
[2026-04-03 10:08:49Z INFO HostContext] Well known directory 'Bin': 'D:\코딩\mlops_sentiment_api\actions-runner\actions-runner\bin'
[2026-04-03 10:08:49Z INFO HostContext] Well known directory 'Root': 'D:\코딩\mlops_sentiment_api\actions-runner\actions-runner'
[2026-04-03 10:08:49Z INFO HostContext] Well known directory 'Work': 'D:\코딩\mlops_sentiment_api\actions-runner\actions-runner\_work'
[2026-04-03 10:08:49Z INFO HostContext] Well known directory 'Actions': 'D:\코딩\mlops_sentiment_api\actions-runner\actions-runner\_work\_actions'
[2026-04-03 10:08:49Z INFO HostContext] Well known directory 'Bin': 'D:\코딩\mlops_sentiment_api\actions-runner\actions-runner\bin'
[2026-04-03 10:08:49Z INFO HostContext] Well known directory 'Root': 'D:\코딩\mlops_sentiment_api\actions-runner\actions-runner'
[2026-04-03 10:08:49Z INFO HostContext] Well known directory 'Work': 'D:\코딩\mlops_sentiment_api\actions-runner\actions-runner\_work'
[2026-04-03 10:08:49Z INFO HostContext] Well known directory 'Actions': 'D:\코딩\mlops_sentiment_api\actions-runner\actions-runner\_work\_actions'
[2026-04-03 10:08:49Z INFO ActionManager] Save archive 'https://api.github.com/repos/docker/login-action/zipball/c94ce9fb468520275223c153574b00df6fe4bcc9' into D:\코딩\mlops_sentiment_api\actions-runner\actions-runner\_work\_actions\_temp_6ffb0af2-b572-47b8-9a54-d374b2423c37\96933af6-7e72-4c3a-ac12-ce10788ad59b.zip.
[2026-04-03 10:08:49Z INFO JobServerQueue] Try to append 1 batches web console lines for record '38514636-e5de-4821-bfc5-fe0d9674b961', success rate: 1/1.
[2026-04-03 10:08:49Z INFO JobServerQueue] Job timeline record has been updated for the first time.
[2026-04-03 10:08:50Z INFO ActionManager] Request URL: https://api.github.com/repos/docker/login-action/zipball/c94ce9fb468520275223c153574b00df6fe4bcc9 X-GitHub-Request-Id: 2273:2EA275:BB8F:52724:69CF912C Http Status: OK
[2026-04-03 10:08:50Z INFO ActionManager] Finished getting action repository.
[2026-04-03 10:08:50Z INFO HostContext] Well known directory 'Bin': 'D:\코딩\mlops_sentiment_api\actions-runner\actions-runner\bin'
[2026-04-03 10:08:50Z INFO HostContext] Well known directory 'Root': 'D:\코딩\mlops_sentiment_api\actions-runner\actions-runner'
[2026-04-03 10:08:50Z INFO HostContext] Well known directory 'Work': 'D:\코딩\mlops_sentiment_api\actions-runner\actions-runner\_work'
[2026-04-03 10:08:50Z INFO HostContext] Well known directory 'Actions': 'D:\코딩\mlops_sentiment_api\actions-runner\actions-runner\_work\_actions'
[2026-04-03 10:08:50Z INFO ActionManifestManagerLegacy] Load schema file with definitions: [
  "null",
  "boolean",
  "number",
  "string",
  "sequence",
  "mapping",
  "any",
  "action-root",
  "inputs",
  "input",
  "outputs",
  "output-definition",
  "runs",
  "container-runs",
  "container-runs-args",
  "container-runs-env",
  "node-runs",
  "plugin-runs",
  "composite-runs",
  "composite-steps",
  "composite-step",
  "run-step",
  "uses-step",
  "container-runs-context",
  "output-value",
  "input-default-context",
  "non-empty-string",
  "string-steps-context",
  "boolean-steps-context",
  "step-env",
  "step-if",
  "step-with"
]
[2026-04-03 10:08:50Z INFO ActionManifestManager] Load schema file with definitions: [
  "null",
  "boolean",
  "number",
  "string",
  "sequence",
  "mapping",
  "any",
  "action-root",
  "inputs",
  "input",
  "outputs",
  "output-definition",
  "runs",
  "container-runs",
  "container-runs-args",
  "container-runs-env",
  "node-runs",
  "plugin-runs",
  "composite-runs",
  "composite-steps",
  "composite-step",
  "run-step",
  "uses-step",
  "container-runs-context",
  "output-value",
  "input-default-context",
  "non-empty-string",
  "string-steps-context",
  "boolean-steps-context",
  "step-env",
  "step-if",
  "step-with"
]
[2026-04-03 10:08:50Z INFO HostContext] Well known directory 'Bin': 'D:\코딩\mlops_sentiment_api\actions-runner\actions-runner\bin'
[2026-04-03 10:08:50Z INFO HostContext] Well known directory 'Root': 'D:\코딩\mlops_sentiment_api\actions-runner\actions-runner'
[2026-04-03 10:08:50Z INFO HostContext] Well known directory 'Work': 'D:\코딩\mlops_sentiment_api\actions-runner\actions-runner\_work'
[2026-04-03 10:08:50Z INFO HostContext] Well known directory 'Actions': 'D:\코딩\mlops_sentiment_api\actions-runner\actions-runner\_work\_actions'
[2026-04-03 10:08:50Z INFO ActionManifestManagerLegacy] Ignore action property author.
[2026-04-03 10:08:50Z INFO ActionManifestManagerLegacy] Ignore action property branding.
[2026-04-03 10:08:50Z INFO ActionManifestManagerLegacy] Loaded action.yml file: {
  "name": "Docker Login",
  "description": "GitHub Action to login against a Docker registry",
  "inputs": {
    "type": 2,
    "map": [
      {
        "key": {
          "type": 0,
          "file": 2,
          "line": 10,
          "col": 3,
          "lit": "registry"
        },
        "value": ""
      },
      {
        "key": {
          "type": 0,
          "file": 2,
          "line": 13,
          "col": 3,
          "lit": "username"
        },
        "value": ""
      },
      {
        "key": {
          "type": 0,
          "file": 2,
          "line": 16,
          "col": 3,
          "lit": "password"
        },
        "value": ""
      },
      {
        "key": {
          "type": 0,
          "file": 2,
          "line": 19,
          "col": 3,
          "lit": "ecr"
        },
        "value": ""
      },
      {
        "key": {
          "type": 0,
          "file": 2,
          "line": 22,
          "col": 3,
          "lit": "scope"
        },
        "value": ""
      },
      {
        "key": {
          "type": 0,
          "file": 2,
          "line": 25,
          "col": 3,
          "lit": "logout"
        },
        "value": {
          "type": 0,
          "file": 2,
          "line": 27,
          "col": 14,
          "lit": "true"
        }
      },
      {
        "key": {
          "type": 0,
          "file": 2,
          "line": 29,
          "col": 3,
          "lit": "registry-auth"
        },
        "value": ""
      }
    ]
  },
  "execution": {
    "executionType": "nodeJS",
    "hasPre": false,
    "hasPost": true,
    "script": "dist/index.js",
    "pre": null,
    "post": "dist/index.js",
    "nodeVersion": "node20",
    "cleanupCondition": "always()",
    "initCondition": "always()"
  },
  "deprecated": null
}
[2026-04-03 10:08:50Z INFO ActionManager] Action node.js file: dist/index.js, no more preparation.
[2026-04-03 10:08:50Z INFO HostContext] Well known directory 'Bin': 'D:\코딩\mlops_sentiment_api\actions-runner\actions-runner\bin'
[2026-04-03 10:08:50Z INFO HostContext] Well known directory 'Root': 'D:\코딩\mlops_sentiment_api\actions-runner\actions-runner'
[2026-04-03 10:08:50Z INFO HostContext] Well known directory 'Work': 'D:\코딩\mlops_sentiment_api\actions-runner\actions-runner\_work'
[2026-04-03 10:08:50Z INFO HostContext] Well known directory 'Actions': 'D:\코딩\mlops_sentiment_api\actions-runner\actions-runner\_work\_actions'
[2026-04-03 10:08:50Z INFO ActionManager] Load action that reference repository from 'D:\코딩\mlops_sentiment_api\actions-runner\actions-runner\_work\_actions\docker\login-action\v3'
[2026-04-03 10:08:50Z INFO HostContext] Well known directory 'Bin': 'D:\코딩\mlops_sentiment_api\actions-runner\actions-runner\bin'
[2026-04-03 10:08:50Z INFO HostContext] Well known directory 'Root': 'D:\코딩\mlops_sentiment_api\actions-runner\actions-runner'
[2026-04-03 10:08:50Z INFO HostContext] Well known directory 'Work': 'D:\코딩\mlops_sentiment_api\actions-runner\actions-runner\_work'
[2026-04-03 10:08:50Z INFO HostContext] Well known directory 'Actions': 'D:\코딩\mlops_sentiment_api\actions-runner\actions-runner\_work\_actions'
[2026-04-03 10:08:50Z INFO ActionManifestManagerLegacy] Ignore action property author.
[2026-04-03 10:08:50Z INFO ActionManifestManagerLegacy] Ignore action property branding.
[2026-04-03 10:08:50Z INFO ActionManifestManagerLegacy] Loaded action.yml file: {
  "name": "Docker Login",
  "description": "GitHub Action to login against a Docker registry",
  "inputs": {
    "type": 2,
    "map": [
      {
        "key": {
          "type": 0,
          "file": 2,
          "line": 10,
          "col": 3,
          "lit": "registry"
        },
        "value": ""
      },
      {
        "key": {
          "type": 0,
          "file": 2,
          "line": 13,
          "col": 3,
          "lit": "username"
        },
        "value": ""
      },
      {
        "key": {
          "type": 0,
          "file": 2,
          "line": 16,
          "col": 3,
          "lit": "password"
        },
        "value": ""
      },
      {
        "key": {
          "type": 0,
          "file": 2,
          "line": 19,
          "col": 3,
          "lit": "ecr"
        },
        "value": ""
      },
      {
        "key": {
          "type": 0,
          "file": 2,
          "line": 22,
          "col": 3,
          "lit": "scope"
        },
        "value": ""
      },
      {
        "key": {
          "type": 0,
          "file": 2,
          "line": 25,
          "col": 3,
          "lit": "logout"
        },
        "value": {
          "type": 0,
          "file": 2,
          "line": 27,
          "col": 14,
          "lit": "true"
        }
      },
      {
        "key": {
          "type": 0,
          "file": 2,
          "line": 29,
          "col": 3,
          "lit": "registry-auth"
        },
        "value": ""
      }
    ]
  },
  "execution": {
    "executionType": "nodeJS",
    "hasPre": false,
    "hasPost": true,
    "script": "dist/index.js",
    "pre": null,
    "post": "dist/index.js",
    "nodeVersion": "node20",
    "cleanupCondition": "always()",
    "initCondition": "always()"
  },
  "deprecated": null
}
[2026-04-03 10:08:50Z INFO ActionManager] Action pre node.js file: N/A.
[2026-04-03 10:08:50Z INFO ActionManager] Action node.js file: dist/index.js.
[2026-04-03 10:08:50Z INFO ActionManager] Action post node.js file: dist/index.js.
[2026-04-03 10:08:50Z INFO JobExtension] Adding .
[2026-04-03 10:08:50Z INFO JobExtension] Adding .
[2026-04-03 10:08:50Z INFO JobExtension] Adding .
[2026-04-03 10:08:50Z INFO JobExtension] Adding .
[2026-04-03 10:08:50Z INFO JobExtension] Adding .
[2026-04-03 10:08:50Z INFO HostContext] Well known directory 'Bin': 'D:\코딩\mlops_sentiment_api\actions-runner\actions-runner\bin'
[2026-04-03 10:08:50Z INFO HostContext] Well known directory 'Root': 'D:\코딩\mlops_sentiment_api\actions-runner\actions-runner'
[2026-04-03 10:08:50Z INFO HostContext] Well known directory 'Diag': 'D:\코딩\mlops_sentiment_api\actions-runner\actions-runner\_diag'
[2026-04-03 10:08:50Z INFO HostContext] Well known directory 'Bin': 'D:\코딩\mlops_sentiment_api\actions-runner\actions-runner\bin'
[2026-04-03 10:08:50Z INFO HostContext] Well known directory 'Root': 'D:\코딩\mlops_sentiment_api\actions-runner\actions-runner'
[2026-04-03 10:08:50Z INFO HostContext] Well known directory 'Diag': 'D:\코딩\mlops_sentiment_api\actions-runner\actions-runner\_diag'
[2026-04-03 10:08:50Z INFO HostContext] Well known directory 'Bin': 'D:\코딩\mlops_sentiment_api\actions-runner\actions-runner\bin'
[2026-04-03 10:08:50Z INFO HostContext] Well known directory 'Root': 'D:\코딩\mlops_sentiment_api\actions-runner\actions-runner'
[2026-04-03 10:08:50Z INFO HostContext] Well known directory 'Diag': 'D:\코딩\mlops_sentiment_api\actions-runner\actions-runner\_diag'
[2026-04-03 10:08:50Z INFO HostContext] Well known directory 'Bin': 'D:\코딩\mlops_sentiment_api\actions-runner\actions-runner\bin'
[2026-04-03 10:08:50Z INFO HostContext] Well known directory 'Root': 'D:\코딩\mlops_sentiment_api\actions-runner\actions-runner'
[2026-04-03 10:08:50Z INFO HostContext] Well known directory 'Diag': 'D:\코딩\mlops_sentiment_api\actions-runner\actions-runner\_diag'
[2026-04-03 10:08:50Z INFO HostContext] Well known directory 'Bin': 'D:\코딩\mlops_sentiment_api\actions-runner\actions-runner\bin'
[2026-04-03 10:08:50Z INFO HostContext] Well known directory 'Root': 'D:\코딩\mlops_sentiment_api\actions-runner\actions-runner'
[2026-04-03 10:08:50Z INFO HostContext] Well known directory 'Diag': 'D:\코딩\mlops_sentiment_api\actions-runner\actions-runner\_diag'
[2026-04-03 10:08:50Z INFO HostContext] Well known directory 'Bin': 'D:\코딩\mlops_sentiment_api\actions-runner\actions-runner\bin'
[2026-04-03 10:08:50Z INFO HostContext] Well known directory 'Root': 'D:\코딩\mlops_sentiment_api\actions-runner\actions-runner'
[2026-04-03 10:08:50Z INFO HostContext] Well known directory 'Diag': 'D:\코딩\mlops_sentiment_api\actions-runner\actions-runner\_diag'
[2026-04-03 10:08:50Z INFO HostContext] Well known directory 'Bin': 'D:\코딩\mlops_sentiment_api\actions-runner\actions-runner\bin'
[2026-04-03 10:08:50Z INFO HostContext] Well known directory 'Root': 'D:\코딩\mlops_sentiment_api\actions-runner\actions-runner'
[2026-04-03 10:08:50Z INFO HostContext] Well known directory 'Diag': 'D:\코딩\mlops_sentiment_api\actions-runner\actions-runner\_diag'
[2026-04-03 10:08:50Z INFO HostContext] Well known directory 'Bin': 'D:\코딩\mlops_sentiment_api\actions-runner\actions-runner\bin'
[2026-04-03 10:08:50Z INFO HostContext] Well known directory 'Root': 'D:\코딩\mlops_sentiment_api\actions-runner\actions-runner'
[2026-04-03 10:08:50Z INFO HostContext] Well known directory 'Diag': 'D:\코딩\mlops_sentiment_api\actions-runner\actions-runner\_diag'
[2026-04-03 10:08:50Z INFO HostContext] Well known directory 'Bin': 'D:\코딩\mlops_sentiment_api\actions-runner\actions-runner\bin'
[2026-04-03 10:08:50Z INFO HostContext] Well known directory 'Root': 'D:\코딩\mlops_sentiment_api\actions-runner\actions-runner'
[2026-04-03 10:08:50Z INFO HostContext] Well known directory 'Diag': 'D:\코딩\mlops_sentiment_api\actions-runner\actions-runner\_diag'
[2026-04-03 10:08:50Z INFO HostContext] Well known directory 'Bin': 'D:\코딩\mlops_sentiment_api\actions-runner\actions-runner\bin'
[2026-04-03 10:08:50Z INFO HostContext] Well known directory 'Root': 'D:\코딩\mlops_sentiment_api\actions-runner\actions-runner'
[2026-04-03 10:08:50Z INFO HostContext] Well known directory 'Diag': 'D:\코딩\mlops_sentiment_api\actions-runner\actions-runner\_diag'
[2026-04-03 10:08:50Z INFO JobExtension] Total accessible running process: 370.
[2026-04-03 10:08:50Z INFO HostContext] Well known directory 'Bin': 'D:\코딩\mlops_sentiment_api\actions-runner\actions-runner\bin'
[2026-04-03 10:08:50Z INFO HostContext] Well known directory 'Root': 'D:\코딩\mlops_sentiment_api\actions-runner\actions-runner'
[2026-04-03 10:08:50Z INFO HostContext] Well known directory 'Work': 'D:\코딩\mlops_sentiment_api\actions-runner\actions-runner\_work'
[2026-04-03 10:08:50Z INFO JobExtension] Start checking server connectivity.
[2026-04-03 10:08:50Z INFO JobExtension] Check server connectivity for https://broker.actions.githubusercontent.com/health.
[2026-04-03 10:08:50Z INFO JobExtension] Check server connectivity for https://token.actions.githubusercontent.com/ready.
[2026-04-03 10:08:50Z INFO JobExtension] Check server connectivity for https://run.actions.githubusercontent.com/health.
[2026-04-03 10:08:50Z INFO JobExtension] Start checking service connectivity in background.
[2026-04-03 10:08:50Z INFO ExecutionContext] Publish step telemetry for current step {
  "action": "setup_job",
  "type": "runner",
  "stage": "Pre",
  "stepId": "38514636-e5de-4821-bfc5-fe0d9674b961",
  "result": "succeeded",
  "errorMessages": [],
  "executionTimeInSeconds": 3,
  "startTime": "2026-04-03T10:08:48.2700919Z",
  "finishTime": "2026-04-03T10:08:50.3164958Z"
}.
[2026-04-03 10:08:50Z INFO JobRunner] Total job steps: 5.
[2026-04-03 10:08:50Z INFO JobRunner] Run all job steps.
[2026-04-03 10:08:50Z INFO StepsRunner] Processing step: DisplayName='Log in to Docker Hub'
[2026-04-03 10:08:50Z INFO StepsRunner] Evaluating: success()
[2026-04-03 10:08:50Z INFO StepsRunner] Result: true
[2026-04-03 10:08:50Z INFO StepsRunner] Starting the step.
[2026-04-03 10:08:50Z INFO HostContext] Well known directory 'Bin': 'D:\코딩\mlops_sentiment_api\actions-runner\actions-runner\bin'
[2026-04-03 10:08:50Z INFO HostContext] Well known directory 'Root': 'D:\코딩\mlops_sentiment_api\actions-runner\actions-runner'
[2026-04-03 10:08:50Z INFO HostContext] Well known directory 'Work': 'D:\코딩\mlops_sentiment_api\actions-runner\actions-runner\_work'
[2026-04-03 10:08:50Z INFO StepsRunner] Which2: 'chcp'
[2026-04-03 10:08:50Z INFO StepsRunner] Location: 'C:\WINDOWS\system32\chcp.COM'
[2026-04-03 10:08:50Z INFO ProcessInvokerWrapper] Starting process:
[2026-04-03 10:08:50Z INFO ProcessInvokerWrapper]   File name: 'C:\WINDOWS\system32\chcp.COM'
[2026-04-03 10:08:50Z INFO ProcessInvokerWrapper]   Arguments: '65001'
[2026-04-03 10:08:50Z INFO ProcessInvokerWrapper]   Working directory: 'D:\코딩\mlops_sentiment_api\actions-runner\actions-runner\_work'
[2026-04-03 10:08:50Z INFO ProcessInvokerWrapper]   Require exit code zero: 'False'
[2026-04-03 10:08:50Z INFO ProcessInvokerWrapper]   Encoding web name:  ; code page: ''
[2026-04-03 10:08:50Z INFO ProcessInvokerWrapper]   Force kill process on cancellation: 'False'
[2026-04-03 10:08:50Z INFO ProcessInvokerWrapper]   Redirected STDIN: 'False'
[2026-04-03 10:08:50Z INFO ProcessInvokerWrapper]   Persist current code page: 'True'
[2026-04-03 10:08:50Z INFO ProcessInvokerWrapper]   Keep redirected STDIN open: 'False'
[2026-04-03 10:08:50Z INFO ProcessInvokerWrapper]   High priority process: 'False'
[2026-04-03 10:08:50Z INFO ProcessInvokerWrapper] Process started with process id 22420, waiting for process exit.
[2026-04-03 10:08:50Z INFO ProcessInvokerWrapper] STDOUT/STDERR stream read finished.
[2026-04-03 10:08:50Z INFO ProcessInvokerWrapper] STDOUT/STDERR stream read finished.
[2026-04-03 10:08:50Z INFO ProcessInvokerWrapper] Finished process 22420 with exit code 0, and elapsed time 00:00:00.0325535.
[2026-04-03 10:08:50Z INFO StepsRunner] Successfully returned to code page 65001 (UTF8)
[2026-04-03 10:08:50Z INFO HostContext] Well known directory 'Bin': 'D:\코딩\mlops_sentiment_api\actions-runner\actions-runner\bin'
[2026-04-03 10:08:50Z INFO HostContext] Well known directory 'Root': 'D:\코딩\mlops_sentiment_api\actions-runner\actions-runner'
[2026-04-03 10:08:50Z INFO HostContext] Well known directory 'Work': 'D:\코딩\mlops_sentiment_api\actions-runner\actions-runner\_work'
[2026-04-03 10:08:50Z INFO HostContext] Well known directory 'Actions': 'D:\코딩\mlops_sentiment_api\actions-runner\actions-runner\_work\_actions'
[2026-04-03 10:08:50Z INFO ActionManager] Load action that reference repository from 'D:\코딩\mlops_sentiment_api\actions-runner\actions-runner\_work\_actions\docker\login-action\v3'
[2026-04-03 10:08:50Z INFO HostContext] Well known directory 'Bin': 'D:\코딩\mlops_sentiment_api\actions-runner\actions-runner\bin'
[2026-04-03 10:08:50Z INFO HostContext] Well known directory 'Root': 'D:\코딩\mlops_sentiment_api\actions-runner\actions-runner'
[2026-04-03 10:08:50Z INFO HostContext] Well known directory 'Work': 'D:\코딩\mlops_sentiment_api\actions-runner\actions-runner\_work'
[2026-04-03 10:08:50Z INFO HostContext] Well known directory 'Actions': 'D:\코딩\mlops_sentiment_api\actions-runner\actions-runner\_work\_actions'
[2026-04-03 10:08:50Z INFO ActionManifestManagerLegacy] Ignore action property author.
[2026-04-03 10:08:50Z INFO ActionManifestManagerLegacy] Ignore action property branding.
[2026-04-03 10:08:50Z INFO ActionManifestManagerLegacy] Loaded action.yml file: {
  "name": "Docker Login",
  "description": "GitHub Action to login against a Docker registry",
  "inputs": {
    "type": 2,
    "map": [
      {
        "key": {
          "type": 0,
          "file": 2,
          "line": 10,
          "col": 3,
          "lit": "registry"
        },
        "value": ""
      },
      {
        "key": {
          "type": 0,
          "file": 2,
          "line": 13,
          "col": 3,
          "lit": "username"
        },
        "value": ""
      },
      {
        "key": {
          "type": 0,
          "file": 2,
          "line": 16,
          "col": 3,
          "lit": "password"
        },
        "value": ""
      },
      {
        "key": {
          "type": 0,
          "file": 2,
          "line": 19,
          "col": 3,
          "lit": "ecr"
        },
        "value": ""
      },
      {
        "key": {
          "type": 0,
          "file": 2,
          "line": 22,
          "col": 3,
          "lit": "scope"
        },
        "value": ""
      },
      {
        "key": {
          "type": 0,
          "file": 2,
          "line": 25,
          "col": 3,
          "lit": "logout"
        },
        "value": {
          "type": 0,
          "file": 2,
          "line": 27,
          "col": 14,
          "lit": "true"
        }
      },
      {
        "key": {
          "type": 0,
          "file": 2,
          "line": 29,
          "col": 3,
          "lit": "registry-auth"
        },
        "value": ""
      }
    ]
  },
  "execution": {
    "executionType": "nodeJS",
    "hasPre": false,
    "hasPost": true,
    "script": "dist/index.js",
    "pre": null,
    "post": "dist/index.js",
    "nodeVersion": "node20",
    "cleanupCondition": "always()",
    "initCondition": "always()"
  },
  "deprecated": null
}
[2026-04-03 10:08:50Z INFO ActionManager] Action pre node.js file: N/A.
[2026-04-03 10:08:50Z INFO ActionManager] Action node.js file: dist/index.js.
[2026-04-03 10:08:50Z INFO ActionManager] Action post node.js file: dist/index.js.
[2026-04-03 10:08:50Z INFO ExecutionContext] Reserve record order 7 to 12 for post job actions.
[2026-04-03 10:08:50Z INFO HostContext] Well known directory 'Bin': 'D:\코딩\mlops_sentiment_api\actions-runner\actions-runner\bin'
[2026-04-03 10:08:50Z INFO HostContext] Well known directory 'Root': 'D:\코딩\mlops_sentiment_api\actions-runner\actions-runner'
[2026-04-03 10:08:50Z INFO HostContext] Well known directory 'Diag': 'D:\코딩\mlops_sentiment_api\actions-runner\actions-runner\_diag'
[2026-04-03 10:08:50Z INFO HostContext] Well known directory 'Bin': 'D:\코딩\mlops_sentiment_api\actions-runner\actions-runner\bin'
[2026-04-03 10:08:50Z INFO HostContext] Well known directory 'Root': 'D:\코딩\mlops_sentiment_api\actions-runner\actions-runner'
[2026-04-03 10:08:50Z INFO HostContext] Well known directory 'Diag': 'D:\코딩\mlops_sentiment_api\actions-runner\actions-runner\_diag'
[2026-04-03 10:08:50Z INFO HostContext] Well known directory 'Bin': 'D:\코딩\mlops_sentiment_api\actions-runner\actions-runner\bin'
[2026-04-03 10:08:50Z INFO HostContext] Well known directory 'Root': 'D:\코딩\mlops_sentiment_api\actions-runner\actions-runner'
[2026-04-03 10:08:50Z INFO HostContext] Well known directory 'Work': 'D:\코딩\mlops_sentiment_api\actions-runner\actions-runner\_work'
[2026-04-03 10:08:50Z INFO HostContext] Well known directory 'Temp': 'D:\코딩\mlops_sentiment_api\actions-runner\actions-runner\_work\_temp'
[2026-04-03 10:08:50Z INFO ExecutionContext] Write event payload to D:\코딩\mlops_sentiment_api\actions-runner\actions-runner\_work\_temp\_github_workflow\event.json
[2026-04-03 10:08:50Z INFO HostContext] Well known directory 'Bin': 'D:\코딩\mlops_sentiment_api\actions-runner\actions-runner\bin'
[2026-04-03 10:08:50Z INFO HostContext] Well known directory 'Root': 'D:\코딩\mlops_sentiment_api\actions-runner\actions-runner'
[2026-04-03 10:08:50Z INFO HostContext] Well known directory 'Work': 'D:\코딩\mlops_sentiment_api\actions-runner\actions-runner\_work'
[2026-04-03 10:08:50Z INFO HostContext] Well known directory 'Temp': 'D:\코딩\mlops_sentiment_api\actions-runner\actions-runner\_work\_temp'
[2026-04-03 10:08:50Z INFO ExtensionManager] Getting extensions for interface: 'GitHub.Runner.Worker.IFileCommandExtension'
[2026-04-03 10:08:50Z INFO ExtensionManager] Creating instance: GitHub.Runner.Worker.AddPathFileCommand, Runner.Worker
[2026-04-03 10:08:50Z INFO ExtensionManager] Creating instance: GitHub.Runner.Worker.SetEnvFileCommand, Runner.Worker
[2026-04-03 10:08:50Z INFO ExtensionManager] Creating instance: GitHub.Runner.Worker.CreateStepSummaryCommand, Runner.Worker
[2026-04-03 10:08:50Z INFO ExtensionManager] Creating instance: GitHub.Runner.Worker.SaveStateFileCommand, Runner.Worker
[2026-04-03 10:08:50Z INFO ExtensionManager] Creating instance: GitHub.Runner.Worker.SetOutputFileCommand, Runner.Worker
[2026-04-03 10:08:50Z INFO ActionManifestManagerLegacy] Input 'registry': default value evaluate result: ""
[2026-04-03 10:08:50Z INFO ActionManifestManagerLegacy] Input 'ecr': default value evaluate result: ""
[2026-04-03 10:08:50Z INFO ActionManifestManagerLegacy] Input 'scope': default value evaluate result: ""
[2026-04-03 10:08:50Z INFO ActionManifestManagerLegacy] Input 'logout': default value evaluate result: {
  "type": 0,
  "file": 2,
  "line": 27,
  "col": 14,
  "lit": "true"
}
[2026-04-03 10:08:50Z INFO ActionManifestManagerLegacy] Input 'registry-auth': default value evaluate result: ""
[2026-04-03 10:08:50Z INFO ExtensionManager] Getting extensions for interface: 'GitHub.Runner.Worker.IActionCommandExtension'
[2026-04-03 10:08:50Z INFO ExtensionManager] Creating instance: GitHub.Runner.Worker.InternalPluginSetRepoPathCommandExtension, Runner.Worker
[2026-04-03 10:08:50Z INFO ExtensionManager] Creating instance: GitHub.Runner.Worker.SetEnvCommandExtension, Runner.Worker
[2026-04-03 10:08:50Z INFO ExtensionManager] Creating instance: GitHub.Runner.Worker.SetOutputCommandExtension, Runner.Worker
[2026-04-03 10:08:50Z INFO ExtensionManager] Creating instance: GitHub.Runner.Worker.SaveStateCommandExtension, Runner.Worker
[2026-04-03 10:08:50Z INFO ExtensionManager] Creating instance: GitHub.Runner.Worker.AddPathCommandExtension, Runner.Worker
[2026-04-03 10:08:50Z INFO ExtensionManager] Creating instance: GitHub.Runner.Worker.AddMaskCommandExtension, Runner.Worker
[2026-04-03 10:08:50Z INFO ExtensionManager] Creating instance: GitHub.Runner.Worker.AddMatcherCommandExtension, Runner.Worker
[2026-04-03 10:08:50Z INFO ExtensionManager] Creating instance: GitHub.Runner.Worker.RemoveMatcherCommandExtension, Runner.Worker
[2026-04-03 10:08:50Z INFO ExtensionManager] Creating instance: GitHub.Runner.Worker.WarningCommandExtension, Runner.Worker
[2026-04-03 10:08:50Z INFO ExtensionManager] Creating instance: GitHub.Runner.Worker.ErrorCommandExtension, Runner.Worker
[2026-04-03 10:08:50Z INFO ExtensionManager] Creating instance: GitHub.Runner.Worker.NoticeCommandExtension, Runner.Worker
[2026-04-03 10:08:50Z INFO ExtensionManager] Creating instance: GitHub.Runner.Worker.DebugCommandExtension, Runner.Worker
[2026-04-03 10:08:50Z INFO ExtensionManager] Creating instance: GitHub.Runner.Worker.GroupCommandExtension, Runner.Worker
[2026-04-03 10:08:50Z INFO ExtensionManager] Creating instance: GitHub.Runner.Worker.EndGroupCommandExtension, Runner.Worker
[2026-04-03 10:08:50Z INFO ExtensionManager] Creating instance: GitHub.Runner.Worker.EchoCommandExtension, Runner.Worker
[2026-04-03 10:08:50Z INFO ActionCommandManager] Register action command extension for command internal-set-repo-path
[2026-04-03 10:08:50Z INFO ActionCommandManager] Register action command extension for command set-env
[2026-04-03 10:08:50Z INFO ActionCommandManager] Register action command extension for command set-output
[2026-04-03 10:08:50Z INFO ActionCommandManager] Register action command extension for command save-state
[2026-04-03 10:08:50Z INFO ActionCommandManager] Register action command extension for command add-path
[2026-04-03 10:08:50Z INFO ActionCommandManager] Register action command extension for command add-mask
[2026-04-03 10:08:50Z INFO ActionCommandManager] Register action command extension for command add-matcher
[2026-04-03 10:08:50Z INFO ActionCommandManager] Register action command extension for command remove-matcher
[2026-04-03 10:08:50Z INFO ActionCommandManager] Register action command extension for command warning
[2026-04-03 10:08:50Z INFO ActionCommandManager] Register action command extension for command error
[2026-04-03 10:08:50Z INFO ActionCommandManager] Register action command extension for command notice
[2026-04-03 10:08:50Z INFO ActionCommandManager] Register action command extension for command debug
[2026-04-03 10:08:50Z INFO ActionCommandManager] Register action command extension for command group
[2026-04-03 10:08:50Z INFO ActionCommandManager] Register action command extension for command endgroup
[2026-04-03 10:08:50Z INFO ActionCommandManager] Register action command extension for command echo
[2026-04-03 10:08:50Z INFO HostContext] Well known directory 'Bin': 'D:\코딩\mlops_sentiment_api\actions-runner\actions-runner\bin'
[2026-04-03 10:08:50Z INFO HostContext] Well known directory 'Root': 'D:\코딩\mlops_sentiment_api\actions-runner\actions-runner'
[2026-04-03 10:08:50Z INFO HostContext] Well known directory 'Externals': 'D:\코딩\mlops_sentiment_api\actions-runner\actions-runner\externals'
[2026-04-03 10:08:50Z INFO ProcessInvokerWrapper] Starting process:
[2026-04-03 10:08:50Z INFO ProcessInvokerWrapper]   File name: 'D:\코딩\mlops_sentiment_api\actions-runner\actions-runner\externals\node20\bin\node.exe'
[2026-04-03 10:08:50Z INFO ProcessInvokerWrapper]   Arguments: '"D:\코딩\mlops_sentiment_api\actions-runner\actions-runner\_work\_actions\docker\login-action\v3\dist/index.js"'
[2026-04-03 10:08:50Z INFO ProcessInvokerWrapper]   Working directory: 'D:\코딩\mlops_sentiment_api\actions-runner\actions-runner\_work\opensource-hw2\opensource-hw2'
[2026-04-03 10:08:50Z INFO ProcessInvokerWrapper]   Require exit code zero: 'False'
[2026-04-03 10:08:50Z INFO ProcessInvokerWrapper]   Encoding web name: utf-8 ; code page: '65001'
[2026-04-03 10:08:50Z INFO ProcessInvokerWrapper]   Force kill process on cancellation: 'False'
[2026-04-03 10:08:50Z INFO ProcessInvokerWrapper]   Redirected STDIN: 'False'
[2026-04-03 10:08:50Z INFO ProcessInvokerWrapper]   Persist current code page: 'True'
[2026-04-03 10:08:50Z INFO ProcessInvokerWrapper]   Keep redirected STDIN open: 'False'
[2026-04-03 10:08:50Z INFO ProcessInvokerWrapper]   High priority process: 'False'
[2026-04-03 10:08:50Z INFO JobServerQueue] Try to append 1 batches web console lines for record '38514636-e5de-4821-bfc5-fe0d9674b961', success rate: 1/1.
[2026-04-03 10:08:50Z INFO JobServerQueue] Try to append 1 batches web console lines for record '1fe675c2-0a62-466e-94df-607c5ed11cd6', success rate: 1/1.
[2026-04-03 10:08:50Z INFO ProcessInvokerWrapper] Process started with process id 21124, waiting for process exit.
[2026-04-03 10:08:51Z INFO JobServerQueue] Try to append 1 batches web console lines for record '1fe675c2-0a62-466e-94df-607c5ed11cd6', success rate: 1/1.
[2026-04-03 10:08:51Z INFO JobServerQueue] Got a step log file to send to results service.
[2026-04-03 10:08:51Z INFO JobServerQueue] Starting upload of step log file to results service ResultsLog, D:\코딩\mlops_sentiment_api\actions-runner\actions-runner\_diag\blocks\8310c09e-84d5-4ab5-af9f-3ac27aa53184_38514636-e5de-4821-bfc5-fe0d9674b961.1
[2026-04-03 10:08:51Z INFO JobServerQueue] Try to upload 1 log files or attachments, success rate: 1/1.
[2026-04-03 10:08:52Z INFO JobServerQueue] Tried to upload 1 file(s) to results, success rate: 1/1.
[2026-04-03 10:08:53Z INFO ProcessInvokerWrapper] STDOUT/STDERR stream read finished.
[2026-04-03 10:08:53Z INFO ProcessInvokerWrapper] STDOUT/STDERR stream read finished.
[2026-04-03 10:08:53Z INFO ProcessInvokerWrapper] Finished process 21124 with exit code 0, and elapsed time 00:00:03.4024052.
[2026-04-03 10:08:53Z INFO CreateStepSummaryCommand] Step Summary file (D:\코딩\mlops_sentiment_api\actions-runner\actions-runner\_work\_temp\_runner_file_commands\step_summary_ead7168f-afe8-4c5b-ac14-2dacbabb9ec5) is empty; skipping attachment upload
[2026-04-03 10:08:53Z INFO StepsRunner] Step result: 
[2026-04-03 10:08:53Z INFO ExecutionContext] Publish step telemetry for current step {
  "action": "docker/login-action",
  "ref": "v3",
  "type": "node20",
  "stage": "Main",
  "stepId": "1fe675c2-0a62-466e-94df-607c5ed11cd6",
  "stepContextName": "__docker_login-action",
  "hasPreStep": false,
  "hasPostStep": true,
  "result": "succeeded",
  "errorMessages": [],
  "executionTimeInSeconds": 4,
  "startTime": "2026-04-03T10:08:50.3229963Z",
  "finishTime": "2026-04-03T10:08:53.80032Z"
}.
[2026-04-03 10:08:53Z INFO StepsRunner] No need for updating job result with current step result 'Succeeded'.
[2026-04-03 10:08:53Z INFO StepsRunner] Current state: job state = ''
[2026-04-03 10:08:53Z INFO StepsRunner] Processing step: DisplayName='Pull latest image'
[2026-04-03 10:08:53Z INFO StepsRunner] Evaluating: success()
[2026-04-03 10:08:53Z INFO StepsRunner] Result: true
[2026-04-03 10:08:53Z INFO StepsRunner] Starting the step.
[2026-04-03 10:08:53Z INFO HostContext] Well known directory 'Bin': 'D:\코딩\mlops_sentiment_api\actions-runner\actions-runner\bin'
[2026-04-03 10:08:53Z INFO HostContext] Well known directory 'Root': 'D:\코딩\mlops_sentiment_api\actions-runner\actions-runner'
[2026-04-03 10:08:53Z INFO HostContext] Well known directory 'Work': 'D:\코딩\mlops_sentiment_api\actions-runner\actions-runner\_work'
[2026-04-03 10:08:53Z INFO StepsRunner] Which2: 'chcp'
[2026-04-03 10:08:53Z INFO StepsRunner] Location: 'C:\WINDOWS\system32\chcp.COM'
[2026-04-03 10:08:53Z INFO ProcessInvokerWrapper] Starting process:
[2026-04-03 10:08:53Z INFO ProcessInvokerWrapper]   File name: 'C:\WINDOWS\system32\chcp.COM'
[2026-04-03 10:08:53Z INFO ProcessInvokerWrapper]   Arguments: '65001'
[2026-04-03 10:08:53Z INFO ProcessInvokerWrapper]   Working directory: 'D:\코딩\mlops_sentiment_api\actions-runner\actions-runner\_work'
[2026-04-03 10:08:53Z INFO ProcessInvokerWrapper]   Require exit code zero: 'False'
[2026-04-03 10:08:53Z INFO ProcessInvokerWrapper]   Encoding web name:  ; code page: ''
[2026-04-03 10:08:53Z INFO ProcessInvokerWrapper]   Force kill process on cancellation: 'False'
[2026-04-03 10:08:53Z INFO ProcessInvokerWrapper]   Redirected STDIN: 'False'
[2026-04-03 10:08:53Z INFO ProcessInvokerWrapper]   Persist current code page: 'True'
[2026-04-03 10:08:53Z INFO ProcessInvokerWrapper]   Keep redirected STDIN open: 'False'
[2026-04-03 10:08:53Z INFO ProcessInvokerWrapper]   High priority process: 'False'
[2026-04-03 10:08:53Z INFO ProcessInvokerWrapper] Process started with process id 1596, waiting for process exit.
[2026-04-03 10:08:53Z INFO ProcessInvokerWrapper] STDOUT/STDERR stream read finished.
[2026-04-03 10:08:53Z INFO ProcessInvokerWrapper] STDOUT/STDERR stream read finished.
[2026-04-03 10:08:53Z INFO ProcessInvokerWrapper] Finished process 1596 with exit code 0, and elapsed time 00:00:00.0054168.
[2026-04-03 10:08:53Z INFO StepsRunner] Successfully returned to code page 65001 (UTF8)
[2026-04-03 10:08:53Z INFO HostContext] Well known directory 'Bin': 'D:\코딩\mlops_sentiment_api\actions-runner\actions-runner\bin'
[2026-04-03 10:08:53Z INFO HostContext] Well known directory 'Root': 'D:\코딩\mlops_sentiment_api\actions-runner\actions-runner'
[2026-04-03 10:08:53Z INFO HostContext] Well known directory 'Work': 'D:\코딩\mlops_sentiment_api\actions-runner\actions-runner\_work'
[2026-04-03 10:08:53Z INFO HostContext] Well known directory 'Temp': 'D:\코딩\mlops_sentiment_api\actions-runner\actions-runner\_work\_temp'
[2026-04-03 10:08:53Z INFO ExecutionContext] Write event payload to D:\코딩\mlops_sentiment_api\actions-runner\actions-runner\_work\_temp\_github_workflow\event.json
[2026-04-03 10:08:53Z INFO HostContext] Well known directory 'Bin': 'D:\코딩\mlops_sentiment_api\actions-runner\actions-runner\bin'
[2026-04-03 10:08:53Z INFO HostContext] Well known directory 'Root': 'D:\코딩\mlops_sentiment_api\actions-runner\actions-runner'
[2026-04-03 10:08:53Z INFO HostContext] Well known directory 'Work': 'D:\코딩\mlops_sentiment_api\actions-runner\actions-runner\_work'
[2026-04-03 10:08:53Z INFO HostContext] Well known directory 'Temp': 'D:\코딩\mlops_sentiment_api\actions-runner\actions-runner\_work\_temp'
[2026-04-03 10:08:53Z INFO ExtensionManager] Getting extensions for interface: 'GitHub.Runner.Worker.IFileCommandExtension'
[2026-04-03 10:08:53Z INFO ExtensionManager] Getting extensions for interface: 'GitHub.Runner.Worker.IActionCommandExtension'
[2026-04-03 10:08:53Z INFO ActionCommandManager] Register action command extension for command internal-set-repo-path
[2026-04-03 10:08:53Z INFO ActionCommandManager] Register action command extension for command set-env
[2026-04-03 10:08:53Z INFO ActionCommandManager] Register action command extension for command set-output
[2026-04-03 10:08:53Z INFO ActionCommandManager] Register action command extension for command save-state
[2026-04-03 10:08:53Z INFO ActionCommandManager] Register action command extension for command add-path
[2026-04-03 10:08:53Z INFO ActionCommandManager] Register action command extension for command add-mask
[2026-04-03 10:08:53Z INFO ActionCommandManager] Register action command extension for command add-matcher
[2026-04-03 10:08:53Z INFO ActionCommandManager] Register action command extension for command remove-matcher
[2026-04-03 10:08:53Z INFO ActionCommandManager] Register action command extension for command warning
[2026-04-03 10:08:53Z INFO ActionCommandManager] Register action command extension for command error
[2026-04-03 10:08:53Z INFO ActionCommandManager] Register action command extension for command notice
[2026-04-03 10:08:53Z INFO ActionCommandManager] Register action command extension for command debug
[2026-04-03 10:08:53Z INFO ActionCommandManager] Register action command extension for command group
[2026-04-03 10:08:53Z INFO ActionCommandManager] Register action command extension for command endgroup
[2026-04-03 10:08:53Z INFO ActionCommandManager] Register action command extension for command echo
[2026-04-03 10:08:53Z INFO ScriptHandler] Which2: 'pwsh'
[2026-04-03 10:08:53Z INFO ScriptHandler] pwsh: command not found. Make sure 'pwsh' is installed and its location included in the 'Path' environment variable.
[2026-04-03 10:08:53Z INFO ScriptHandler] Defaulting to powershell
[2026-04-03 10:08:53Z INFO ScriptHandler] Which2: 'powershell'
[2026-04-03 10:08:53Z INFO ScriptHandler] Location: 'C:\WINDOWS\System32\WindowsPowerShell\v1.0\powershell.EXE'
[2026-04-03 10:08:53Z INFO HostContext] Well known directory 'Bin': 'D:\코딩\mlops_sentiment_api\actions-runner\actions-runner\bin'
[2026-04-03 10:08:53Z INFO HostContext] Well known directory 'Root': 'D:\코딩\mlops_sentiment_api\actions-runner\actions-runner'
[2026-04-03 10:08:53Z INFO HostContext] Well known directory 'Work': 'D:\코딩\mlops_sentiment_api\actions-runner\actions-runner\_work'
[2026-04-03 10:08:53Z INFO HostContext] Well known directory 'Temp': 'D:\코딩\mlops_sentiment_api\actions-runner\actions-runner\_work\_temp'
[2026-04-03 10:08:53Z INFO ScriptHandler] Which2: 'pwsh'
[2026-04-03 10:08:53Z INFO ScriptHandler] pwsh: command not found. Make sure 'pwsh' is installed and its location included in the 'Path' environment variable.
[2026-04-03 10:08:53Z INFO ScriptHandler] Defaulting to powershell
[2026-04-03 10:08:53Z INFO ScriptHandler] Which2: 'powershell'
[2026-04-03 10:08:53Z INFO ScriptHandler] Location: 'C:\WINDOWS\System32\WindowsPowerShell\v1.0\powershell.EXE'
[2026-04-03 10:08:53Z INFO ProcessInvokerWrapper] Starting process:
[2026-04-03 10:08:53Z INFO ProcessInvokerWrapper]   File name: 'C:\WINDOWS\System32\WindowsPowerShell\v1.0\powershell.EXE'
[2026-04-03 10:08:53Z INFO ProcessInvokerWrapper]   Arguments: '-command ". 'D:\코딩\mlops_sentiment_api\actions-runner\actions-runner\_work\_temp\357dda52-8594-4cb8-af85-1dafae3d3425.ps1'"'
[2026-04-03 10:08:53Z INFO ProcessInvokerWrapper]   Working directory: 'D:\코딩\mlops_sentiment_api\actions-runner\actions-runner\_work\opensource-hw2\opensource-hw2'
[2026-04-03 10:08:53Z INFO ProcessInvokerWrapper]   Require exit code zero: 'False'
[2026-04-03 10:08:53Z INFO ProcessInvokerWrapper]   Encoding web name:  ; code page: ''
[2026-04-03 10:08:53Z INFO ProcessInvokerWrapper]   Force kill process on cancellation: 'False'
[2026-04-03 10:08:53Z INFO ProcessInvokerWrapper]   Redirected STDIN: 'False'
[2026-04-03 10:08:53Z INFO ProcessInvokerWrapper]   Persist current code page: 'True'
[2026-04-03 10:08:53Z INFO ProcessInvokerWrapper]   Keep redirected STDIN open: 'False'
[2026-04-03 10:08:53Z INFO ProcessInvokerWrapper]   High priority process: 'False'
[2026-04-03 10:08:53Z INFO ProcessInvokerWrapper] Process started with process id 14876, waiting for process exit.
[2026-04-03 10:08:53Z INFO JobServerQueue] Try to append 1 batches web console lines for record '1fe675c2-0a62-466e-94df-607c5ed11cd6', success rate: 1/1.
[2026-04-03 10:08:53Z INFO JobServerQueue] Try to append 1 batches web console lines for record '6e81488e-39f0-4388-bdd8-357f3e3a7c3e', success rate: 1/1.
[2026-04-03 10:08:53Z INFO JobServerQueue] Got a step log file to send to results service.
[2026-04-03 10:08:53Z INFO JobServerQueue] Starting upload of step log file to results service ResultsLog, D:\코딩\mlops_sentiment_api\actions-runner\actions-runner\_diag\blocks\8310c09e-84d5-4ab5-af9f-3ac27aa53184_1fe675c2-0a62-466e-94df-607c5ed11cd6.1
[2026-04-03 10:08:54Z INFO JobServerQueue] Try to upload 1 log files or attachments, success rate: 1/1.
[2026-04-03 10:08:54Z INFO JobServerQueue] Tried to upload 1 file(s) to results, success rate: 1/1.
[2026-04-03 10:08:55Z INFO JobServerQueue] Try to append 1 batches web console lines for record '6e81488e-39f0-4388-bdd8-357f3e3a7c3e', success rate: 1/1.
[2026-04-03 10:08:57Z INFO JobServerQueue] Try to append 1 batches web console lines for record '6e81488e-39f0-4388-bdd8-357f3e3a7c3e', success rate: 1/1.
[2026-04-03 10:08:58Z INFO JobServerQueue] Try to append 1 batches web console lines for record '6e81488e-39f0-4388-bdd8-357f3e3a7c3e', success rate: 1/1.
[2026-04-03 10:08:58Z INFO JobServerQueue] Try to append 1 batches web console lines for record '6e81488e-39f0-4388-bdd8-357f3e3a7c3e', success rate: 1/1.
[2026-04-03 10:08:58Z INFO JobServerQueue] Try to append 1 batches web console lines for record '6e81488e-39f0-4388-bdd8-357f3e3a7c3e', success rate: 1/1.
[2026-04-03 10:08:59Z INFO JobServerQueue] Try to append 1 batches web console lines for record '6e81488e-39f0-4388-bdd8-357f3e3a7c3e', success rate: 1/1.
[2026-04-03 10:09:00Z INFO JobServerQueue] Try to append 1 batches web console lines for record '6e81488e-39f0-4388-bdd8-357f3e3a7c3e', success rate: 1/1.
[2026-04-03 10:09:00Z INFO HostContext] Well known directory 'Bin': 'D:\코딩\mlops_sentiment_api\actions-runner\actions-runner\bin'
[2026-04-03 10:09:00Z INFO HostContext] Well known directory 'Root': 'D:\코딩\mlops_sentiment_api\actions-runner\actions-runner'
[2026-04-03 10:09:00Z INFO HostContext] Well known directory 'Work': 'D:\코딩\mlops_sentiment_api\actions-runner\actions-runner\_work'
[2026-04-03 10:09:00Z INFO JobServerQueue] Try to append 1 batches web console lines for record '6e81488e-39f0-4388-bdd8-357f3e3a7c3e', success rate: 1/1.
[2026-04-03 10:09:10Z INFO HostContext] Well known directory 'Bin': 'D:\코딩\mlops_sentiment_api\actions-runner\actions-runner\bin'
[2026-04-03 10:09:10Z INFO HostContext] Well known directory 'Root': 'D:\코딩\mlops_sentiment_api\actions-runner\actions-runner'
[2026-04-03 10:09:10Z INFO HostContext] Well known directory 'Work': 'D:\코딩\mlops_sentiment_api\actions-runner\actions-runner\_work'
[2026-04-03 10:09:20Z INFO HostContext] Well known directory 'Bin': 'D:\코딩\mlops_sentiment_api\actions-runner\actions-runner\bin'
[2026-04-03 10:09:20Z INFO HostContext] Well known directory 'Root': 'D:\코딩\mlops_sentiment_api\actions-runner\actions-runner'
[2026-04-03 10:09:20Z INFO HostContext] Well known directory 'Work': 'D:\코딩\mlops_sentiment_api\actions-runner\actions-runner\_work'
[2026-04-03 10:09:30Z INFO HostContext] Well known directory 'Bin': 'D:\코딩\mlops_sentiment_api\actions-runner\actions-runner\bin'
[2026-04-03 10:09:30Z INFO HostContext] Well known directory 'Root': 'D:\코딩\mlops_sentiment_api\actions-runner\actions-runner'
[2026-04-03 10:09:30Z INFO HostContext] Well known directory 'Work': 'D:\코딩\mlops_sentiment_api\actions-runner\actions-runner\_work'
[2026-04-03 10:09:36Z INFO JobServerQueue] Try to append 1 batches web console lines for record '6e81488e-39f0-4388-bdd8-357f3e3a7c3e', success rate: 1/1.
[2026-04-03 10:09:40Z INFO HostContext] Well known directory 'Bin': 'D:\코딩\mlops_sentiment_api\actions-runner\actions-runner\bin'
[2026-04-03 10:09:40Z INFO HostContext] Well known directory 'Root': 'D:\코딩\mlops_sentiment_api\actions-runner\actions-runner'
[2026-04-03 10:09:40Z INFO HostContext] Well known directory 'Work': 'D:\코딩\mlops_sentiment_api\actions-runner\actions-runner\_work'
[2026-04-03 10:09:50Z INFO HostContext] Well known directory 'Bin': 'D:\코딩\mlops_sentiment_api\actions-runner\actions-runner\bin'
[2026-04-03 10:09:50Z INFO HostContext] Well known directory 'Root': 'D:\코딩\mlops_sentiment_api\actions-runner\actions-runner'
[2026-04-03 10:09:50Z INFO HostContext] Well known directory 'Work': 'D:\코딩\mlops_sentiment_api\actions-runner\actions-runner\_work'
[2026-04-03 10:09:51Z INFO JobServerQueue] Stop aggressive process web console line queue.
[2026-04-03 10:10:00Z INFO HostContext] Well known directory 'Bin': 'D:\코딩\mlops_sentiment_api\actions-runner\actions-runner\bin'
[2026-04-03 10:10:00Z INFO HostContext] Well known directory 'Root': 'D:\코딩\mlops_sentiment_api\actions-runner\actions-runner'
[2026-04-03 10:10:00Z INFO HostContext] Well known directory 'Work': 'D:\코딩\mlops_sentiment_api\actions-runner\actions-runner\_work'
[2026-04-03 10:10:10Z INFO HostContext] Well known directory 'Bin': 'D:\코딩\mlops_sentiment_api\actions-runner\actions-runner\bin'
[2026-04-03 10:10:10Z INFO HostContext] Well known directory 'Root': 'D:\코딩\mlops_sentiment_api\actions-runner\actions-runner'
[2026-04-03 10:10:10Z INFO HostContext] Well known directory 'Work': 'D:\코딩\mlops_sentiment_api\actions-runner\actions-runner\_work'
[2026-04-03 10:10:20Z INFO HostContext] Well known directory 'Bin': 'D:\코딩\mlops_sentiment_api\actions-runner\actions-runner\bin'
[2026-04-03 10:10:20Z INFO HostContext] Well known directory 'Root': 'D:\코딩\mlops_sentiment_api\actions-runner\actions-runner'
[2026-04-03 10:10:20Z INFO HostContext] Well known directory 'Work': 'D:\코딩\mlops_sentiment_api\actions-runner\actions-runner\_work'
[2026-04-03 10:10:30Z INFO HostContext] Well known directory 'Bin': 'D:\코딩\mlops_sentiment_api\actions-runner\actions-runner\bin'
[2026-04-03 10:10:30Z INFO HostContext] Well known directory 'Root': 'D:\코딩\mlops_sentiment_api\actions-runner\actions-runner'
[2026-04-03 10:10:30Z INFO HostContext] Well known directory 'Work': 'D:\코딩\mlops_sentiment_api\actions-runner\actions-runner\_work'
[2026-04-03 10:10:40Z INFO HostContext] Well known directory 'Bin': 'D:\코딩\mlops_sentiment_api\actions-runner\actions-runner\bin'
[2026-04-03 10:10:40Z INFO HostContext] Well known directory 'Root': 'D:\코딩\mlops_sentiment_api\actions-runner\actions-runner'
[2026-04-03 10:10:40Z INFO HostContext] Well known directory 'Work': 'D:\코딩\mlops_sentiment_api\actions-runner\actions-runner\_work'
[2026-04-03 10:10:50Z INFO HostContext] Well known directory 'Bin': 'D:\코딩\mlops_sentiment_api\actions-runner\actions-runner\bin'
[2026-04-03 10:10:50Z INFO HostContext] Well known directory 'Root': 'D:\코딩\mlops_sentiment_api\actions-runner\actions-runner'
[2026-04-03 10:10:50Z INFO HostContext] Well known directory 'Work': 'D:\코딩\mlops_sentiment_api\actions-runner\actions-runner\_work'
[2026-04-03 10:11:00Z INFO HostContext] Well known directory 'Bin': 'D:\코딩\mlops_sentiment_api\actions-runner\actions-runner\bin'
[2026-04-03 10:11:00Z INFO HostContext] Well known directory 'Root': 'D:\코딩\mlops_sentiment_api\actions-runner\actions-runner'
[2026-04-03 10:11:00Z INFO HostContext] Well known directory 'Work': 'D:\코딩\mlops_sentiment_api\actions-runner\actions-runner\_work'
[2026-04-03 10:11:10Z INFO HostContext] Well known directory 'Bin': 'D:\코딩\mlops_sentiment_api\actions-runner\actions-runner\bin'
[2026-04-03 10:11:10Z INFO HostContext] Well known directory 'Root': 'D:\코딩\mlops_sentiment_api\actions-runner\actions-runner'
[2026-04-03 10:11:10Z INFO HostContext] Well known directory 'Work': 'D:\코딩\mlops_sentiment_api\actions-runner\actions-runner\_work'
[2026-04-03 10:11:20Z INFO HostContext] Well known directory 'Bin': 'D:\코딩\mlops_sentiment_api\actions-runner\actions-runner\bin'
[2026-04-03 10:11:20Z INFO HostContext] Well known directory 'Root': 'D:\코딩\mlops_sentiment_api\actions-runner\actions-runner'
[2026-04-03 10:11:20Z INFO HostContext] Well known directory 'Work': 'D:\코딩\mlops_sentiment_api\actions-runner\actions-runner\_work'
[2026-04-03 10:11:30Z INFO HostContext] Well known directory 'Bin': 'D:\코딩\mlops_sentiment_api\actions-runner\actions-runner\bin'
[2026-04-03 10:11:30Z INFO HostContext] Well known directory 'Root': 'D:\코딩\mlops_sentiment_api\actions-runner\actions-runner'
[2026-04-03 10:11:30Z INFO HostContext] Well known directory 'Work': 'D:\코딩\mlops_sentiment_api\actions-runner\actions-runner\_work'
[2026-04-03 10:11:40Z INFO HostContext] Well known directory 'Bin': 'D:\코딩\mlops_sentiment_api\actions-runner\actions-runner\bin'
[2026-04-03 10:11:40Z INFO HostContext] Well known directory 'Root': 'D:\코딩\mlops_sentiment_api\actions-runner\actions-runner'
[2026-04-03 10:11:40Z INFO HostContext] Well known directory 'Work': 'D:\코딩\mlops_sentiment_api\actions-runner\actions-runner\_work'
[2026-04-03 10:11:50Z INFO HostContext] Well known directory 'Bin': 'D:\코딩\mlops_sentiment_api\actions-runner\actions-runner\bin'
[2026-04-03 10:11:50Z INFO HostContext] Well known directory 'Root': 'D:\코딩\mlops_sentiment_api\actions-runner\actions-runner'
[2026-04-03 10:11:50Z INFO HostContext] Well known directory 'Work': 'D:\코딩\mlops_sentiment_api\actions-runner\actions-runner\_work'
[2026-04-03 10:12:00Z INFO HostContext] Well known directory 'Bin': 'D:\코딩\mlops_sentiment_api\actions-runner\actions-runner\bin'
[2026-04-03 10:12:00Z INFO HostContext] Well known directory 'Root': 'D:\코딩\mlops_sentiment_api\actions-runner\actions-runner'
[2026-04-03 10:12:00Z INFO HostContext] Well known directory 'Work': 'D:\코딩\mlops_sentiment_api\actions-runner\actions-runner\_work'
[2026-04-03 10:12:10Z INFO HostContext] Well known directory 'Bin': 'D:\코딩\mlops_sentiment_api\actions-runner\actions-runner\bin'
[2026-04-03 10:12:10Z INFO HostContext] Well known directory 'Root': 'D:\코딩\mlops_sentiment_api\actions-runner\actions-runner'
[2026-04-03 10:12:10Z INFO HostContext] Well known directory 'Work': 'D:\코딩\mlops_sentiment_api\actions-runner\actions-runner\_work'
[2026-04-03 10:12:20Z INFO HostContext] Well known directory 'Bin': 'D:\코딩\mlops_sentiment_api\actions-runner\actions-runner\bin'
[2026-04-03 10:12:20Z INFO HostContext] Well known directory 'Root': 'D:\코딩\mlops_sentiment_api\actions-runner\actions-runner'
[2026-04-03 10:12:20Z INFO HostContext] Well known directory 'Work': 'D:\코딩\mlops_sentiment_api\actions-runner\actions-runner\_work'
[2026-04-03 10:12:23Z INFO JobServerQueue] Try to append 1 batches web console lines for record '6e81488e-39f0-4388-bdd8-357f3e3a7c3e', success rate: 1/1.
[2026-04-03 10:12:30Z INFO HostContext] Well known directory 'Bin': 'D:\코딩\mlops_sentiment_api\actions-runner\actions-runner\bin'
[2026-04-03 10:12:30Z INFO HostContext] Well known directory 'Root': 'D:\코딩\mlops_sentiment_api\actions-runner\actions-runner'
[2026-04-03 10:12:30Z INFO HostContext] Well known directory 'Work': 'D:\코딩\mlops_sentiment_api\actions-runner\actions-runner\_work'
[2026-04-03 10:12:39Z INFO JobServerQueue] Try to append 1 batches web console lines for record '6e81488e-39f0-4388-bdd8-357f3e3a7c3e', success rate: 1/1.
[2026-04-03 10:12:40Z INFO HostContext] Well known directory 'Bin': 'D:\코딩\mlops_sentiment_api\actions-runner\actions-runner\bin'
[2026-04-03 10:12:40Z INFO HostContext] Well known directory 'Root': 'D:\코딩\mlops_sentiment_api\actions-runner\actions-runner'
[2026-04-03 10:12:40Z INFO HostContext] Well known directory 'Work': 'D:\코딩\mlops_sentiment_api\actions-runner\actions-runner\_work'
[2026-04-03 10:12:41Z INFO ProcessInvokerWrapper] STDOUT/STDERR stream read finished.
[2026-04-03 10:12:41Z INFO ProcessInvokerWrapper] STDOUT/STDERR stream read finished.
[2026-04-03 10:12:41Z INFO ProcessInvokerWrapper] Finished process 14876 with exit code 0, and elapsed time 00:03:48.0048975.
[2026-04-03 10:12:41Z INFO CreateStepSummaryCommand] Step Summary file (D:\코딩\mlops_sentiment_api\actions-runner\actions-runner\_work\_temp\_runner_file_commands\step_summary_8c022a52-d4b7-4ab2-a52d-3d3b93e2559e) is empty; skipping attachment upload
[2026-04-03 10:12:41Z INFO StepsRunner] Step result: 
[2026-04-03 10:12:41Z INFO ExecutionContext] Publish step telemetry for current step {
  "action": "powershell",
  "type": "run",
  "stage": "Main",
  "stepId": "6e81488e-39f0-4388-bdd8-357f3e3a7c3e",
  "stepContextName": "__run",
  "result": "succeeded",
  "errorMessages": [],
  "executionTimeInSeconds": 229,
  "startTime": "2026-04-03T10:08:53.8009051Z",
  "finishTime": "2026-04-03T10:12:41.832275Z"
}.
[2026-04-03 10:12:41Z INFO StepsRunner] No need for updating job result with current step result 'Succeeded'.
[2026-04-03 10:12:41Z INFO StepsRunner] Current state: job state = ''
[2026-04-03 10:12:41Z INFO StepsRunner] Processing step: DisplayName='Stop existing container'
[2026-04-03 10:12:41Z INFO StepsRunner] Evaluating: success()
[2026-04-03 10:12:41Z INFO StepsRunner] Result: true
[2026-04-03 10:12:41Z INFO StepsRunner] Starting the step.
[2026-04-03 10:12:41Z INFO HostContext] Well known directory 'Bin': 'D:\코딩\mlops_sentiment_api\actions-runner\actions-runner\bin'
[2026-04-03 10:12:41Z INFO HostContext] Well known directory 'Root': 'D:\코딩\mlops_sentiment_api\actions-runner\actions-runner'
[2026-04-03 10:12:41Z INFO HostContext] Well known directory 'Work': 'D:\코딩\mlops_sentiment_api\actions-runner\actions-runner\_work'
[2026-04-03 10:12:41Z INFO StepsRunner] Which2: 'chcp'
[2026-04-03 10:12:41Z INFO StepsRunner] Location: 'C:\WINDOWS\system32\chcp.COM'
[2026-04-03 10:12:41Z INFO ProcessInvokerWrapper] Starting process:
[2026-04-03 10:12:41Z INFO ProcessInvokerWrapper]   File name: 'C:\WINDOWS\system32\chcp.COM'
[2026-04-03 10:12:41Z INFO ProcessInvokerWrapper]   Arguments: '65001'
[2026-04-03 10:12:41Z INFO ProcessInvokerWrapper]   Working directory: 'D:\코딩\mlops_sentiment_api\actions-runner\actions-runner\_work'
[2026-04-03 10:12:41Z INFO ProcessInvokerWrapper]   Require exit code zero: 'False'
[2026-04-03 10:12:41Z INFO ProcessInvokerWrapper]   Encoding web name:  ; code page: ''
[2026-04-03 10:12:41Z INFO ProcessInvokerWrapper]   Force kill process on cancellation: 'False'
[2026-04-03 10:12:41Z INFO ProcessInvokerWrapper]   Redirected STDIN: 'False'
[2026-04-03 10:12:41Z INFO ProcessInvokerWrapper]   Persist current code page: 'True'
[2026-04-03 10:12:41Z INFO ProcessInvokerWrapper]   Keep redirected STDIN open: 'False'
[2026-04-03 10:12:41Z INFO ProcessInvokerWrapper]   High priority process: 'False'
[2026-04-03 10:12:41Z INFO ProcessInvokerWrapper] Process started with process id 15136, waiting for process exit.
[2026-04-03 10:12:41Z INFO ProcessInvokerWrapper] STDOUT/STDERR stream read finished.
[2026-04-03 10:12:41Z INFO ProcessInvokerWrapper] STDOUT/STDERR stream read finished.
[2026-04-03 10:12:41Z INFO ProcessInvokerWrapper] Finished process 15136 with exit code 0, and elapsed time 00:00:00.0093112.
[2026-04-03 10:12:41Z INFO StepsRunner] Successfully returned to code page 65001 (UTF8)
[2026-04-03 10:12:41Z INFO HostContext] Well known directory 'Bin': 'D:\코딩\mlops_sentiment_api\actions-runner\actions-runner\bin'
[2026-04-03 10:12:41Z INFO HostContext] Well known directory 'Root': 'D:\코딩\mlops_sentiment_api\actions-runner\actions-runner'
[2026-04-03 10:12:41Z INFO HostContext] Well known directory 'Work': 'D:\코딩\mlops_sentiment_api\actions-runner\actions-runner\_work'
[2026-04-03 10:12:41Z INFO HostContext] Well known directory 'Temp': 'D:\코딩\mlops_sentiment_api\actions-runner\actions-runner\_work\_temp'
[2026-04-03 10:12:41Z INFO ExecutionContext] Write event payload to D:\코딩\mlops_sentiment_api\actions-runner\actions-runner\_work\_temp\_github_workflow\event.json
[2026-04-03 10:12:41Z INFO HostContext] Well known directory 'Bin': 'D:\코딩\mlops_sentiment_api\actions-runner\actions-runner\bin'
[2026-04-03 10:12:41Z INFO HostContext] Well known directory 'Root': 'D:\코딩\mlops_sentiment_api\actions-runner\actions-runner'
[2026-04-03 10:12:41Z INFO HostContext] Well known directory 'Work': 'D:\코딩\mlops_sentiment_api\actions-runner\actions-runner\_work'
[2026-04-03 10:12:41Z INFO HostContext] Well known directory 'Temp': 'D:\코딩\mlops_sentiment_api\actions-runner\actions-runner\_work\_temp'
[2026-04-03 10:12:41Z INFO ExtensionManager] Getting extensions for interface: 'GitHub.Runner.Worker.IFileCommandExtension'
[2026-04-03 10:12:41Z INFO ExtensionManager] Getting extensions for interface: 'GitHub.Runner.Worker.IActionCommandExtension'
[2026-04-03 10:12:41Z INFO ActionCommandManager] Register action command extension for command internal-set-repo-path
[2026-04-03 10:12:41Z INFO ActionCommandManager] Register action command extension for command set-env
[2026-04-03 10:12:41Z INFO ActionCommandManager] Register action command extension for command set-output
[2026-04-03 10:12:41Z INFO ActionCommandManager] Register action command extension for command save-state
[2026-04-03 10:12:41Z INFO ActionCommandManager] Register action command extension for command add-path
[2026-04-03 10:12:41Z INFO ActionCommandManager] Register action command extension for command add-mask
[2026-04-03 10:12:41Z INFO ActionCommandManager] Register action command extension for command add-matcher
[2026-04-03 10:12:41Z INFO ActionCommandManager] Register action command extension for command remove-matcher
[2026-04-03 10:12:41Z INFO ActionCommandManager] Register action command extension for command warning
[2026-04-03 10:12:41Z INFO ActionCommandManager] Register action command extension for command error
[2026-04-03 10:12:41Z INFO ActionCommandManager] Register action command extension for command notice
[2026-04-03 10:12:41Z INFO ActionCommandManager] Register action command extension for command debug
[2026-04-03 10:12:41Z INFO ActionCommandManager] Register action command extension for command group
[2026-04-03 10:12:41Z INFO ActionCommandManager] Register action command extension for command endgroup
[2026-04-03 10:12:41Z INFO ActionCommandManager] Register action command extension for command echo
[2026-04-03 10:12:41Z INFO ScriptHandler] Which2: 'pwsh'
[2026-04-03 10:12:41Z INFO ScriptHandler] pwsh: command not found. Make sure 'pwsh' is installed and its location included in the 'Path' environment variable.
[2026-04-03 10:12:41Z INFO ScriptHandler] Defaulting to powershell
[2026-04-03 10:12:41Z INFO ScriptHandler] Which2: 'powershell'
[2026-04-03 10:12:41Z INFO ScriptHandler] Location: 'C:\WINDOWS\System32\WindowsPowerShell\v1.0\powershell.EXE'
[2026-04-03 10:12:41Z INFO HostContext] Well known directory 'Bin': 'D:\코딩\mlops_sentiment_api\actions-runner\actions-runner\bin'
[2026-04-03 10:12:41Z INFO HostContext] Well known directory 'Root': 'D:\코딩\mlops_sentiment_api\actions-runner\actions-runner'
[2026-04-03 10:12:41Z INFO HostContext] Well known directory 'Work': 'D:\코딩\mlops_sentiment_api\actions-runner\actions-runner\_work'
[2026-04-03 10:12:41Z INFO HostContext] Well known directory 'Temp': 'D:\코딩\mlops_sentiment_api\actions-runner\actions-runner\_work\_temp'
[2026-04-03 10:12:41Z INFO ScriptHandler] Which2: 'pwsh'
[2026-04-03 10:12:41Z INFO ScriptHandler] pwsh: command not found. Make sure 'pwsh' is installed and its location included in the 'Path' environment variable.
[2026-04-03 10:12:41Z INFO ScriptHandler] Defaulting to powershell
[2026-04-03 10:12:41Z INFO ScriptHandler] Which2: 'powershell'
[2026-04-03 10:12:41Z INFO ScriptHandler] Location: 'C:\WINDOWS\System32\WindowsPowerShell\v1.0\powershell.EXE'
[2026-04-03 10:12:41Z INFO ProcessInvokerWrapper] Starting process:
[2026-04-03 10:12:41Z INFO ProcessInvokerWrapper]   File name: 'C:\WINDOWS\System32\WindowsPowerShell\v1.0\powershell.EXE'
[2026-04-03 10:12:41Z INFO ProcessInvokerWrapper]   Arguments: '-command ". 'D:\코딩\mlops_sentiment_api\actions-runner\actions-runner\_work\_temp\866dc9f1-f2db-4757-a37c-5c481c0badf6.ps1'"'
[2026-04-03 10:12:41Z INFO ProcessInvokerWrapper]   Working directory: 'D:\코딩\mlops_sentiment_api\actions-runner\actions-runner\_work\opensource-hw2\opensource-hw2'
[2026-04-03 10:12:41Z INFO ProcessInvokerWrapper]   Require exit code zero: 'False'
[2026-04-03 10:12:41Z INFO ProcessInvokerWrapper]   Encoding web name:  ; code page: ''
[2026-04-03 10:12:41Z INFO ProcessInvokerWrapper]   Force kill process on cancellation: 'False'
[2026-04-03 10:12:41Z INFO ProcessInvokerWrapper]   Redirected STDIN: 'False'
[2026-04-03 10:12:41Z INFO ProcessInvokerWrapper]   Persist current code page: 'True'
[2026-04-03 10:12:41Z INFO ProcessInvokerWrapper]   Keep redirected STDIN open: 'False'
[2026-04-03 10:12:41Z INFO ProcessInvokerWrapper]   High priority process: 'False'
[2026-04-03 10:12:41Z INFO JobServerQueue] Try to append 1 batches web console lines for record '6e81488e-39f0-4388-bdd8-357f3e3a7c3e', success rate: 1/1.
[2026-04-03 10:12:41Z INFO JobServerQueue] Try to append 1 batches web console lines for record '27023135-4732-4a1c-a0f3-8fecb21c84db', success rate: 1/1.
[2026-04-03 10:12:41Z INFO ProcessInvokerWrapper] Process started with process id 14388, waiting for process exit.
[2026-04-03 10:12:42Z INFO ProcessInvokerWrapper] STDOUT/STDERR stream read finished.
[2026-04-03 10:12:42Z INFO ProcessInvokerWrapper] STDOUT/STDERR stream read finished.
[2026-04-03 10:12:42Z INFO ProcessInvokerWrapper] Finished process 14388 with exit code 1, and elapsed time 00:00:00.2088939.
[2026-04-03 10:12:42Z INFO CreateStepSummaryCommand] Step Summary file (D:\코딩\mlops_sentiment_api\actions-runner\actions-runner\_work\_temp\_runner_file_commands\step_summary_9c807cba-c405-46fb-80f4-d706253431ac) is empty; skipping attachment upload
[2026-04-03 10:12:42Z INFO ExecutionContext] Updated step result (continue on error)
[2026-04-03 10:12:42Z INFO StepsRunner] Step result: Succeeded
[2026-04-03 10:12:42Z INFO ExecutionContext] Publish step telemetry for current step {
  "action": "powershell",
  "type": "run",
  "stage": "Main",
  "stepId": "27023135-4732-4a1c-a0f3-8fecb21c84db",
  "stepContextName": "__run_2",
  "result": "succeeded",
  "errorMessages": [
    "Process completed with exit code 1."
  ],
  "executionTimeInSeconds": 1,
  "startTime": "2026-04-03T10:12:41.8332626Z",
  "finishTime": "2026-04-03T10:12:42.0654905Z"
}.
[2026-04-03 10:12:42Z INFO StepsRunner] No need for updating job result with current step result 'Succeeded'.
[2026-04-03 10:12:42Z INFO StepsRunner] Current state: job state = ''
[2026-04-03 10:12:42Z INFO StepsRunner] Processing step: DisplayName='Remove existing container'
[2026-04-03 10:12:42Z INFO StepsRunner] Evaluating: success()
[2026-04-03 10:12:42Z INFO StepsRunner] Result: true
[2026-04-03 10:12:42Z INFO StepsRunner] Starting the step.
[2026-04-03 10:12:42Z INFO HostContext] Well known directory 'Bin': 'D:\코딩\mlops_sentiment_api\actions-runner\actions-runner\bin'
[2026-04-03 10:12:42Z INFO HostContext] Well known directory 'Root': 'D:\코딩\mlops_sentiment_api\actions-runner\actions-runner'
[2026-04-03 10:12:42Z INFO HostContext] Well known directory 'Work': 'D:\코딩\mlops_sentiment_api\actions-runner\actions-runner\_work'
[2026-04-03 10:12:42Z INFO StepsRunner] Which2: 'chcp'
[2026-04-03 10:12:42Z INFO StepsRunner] Location: 'C:\WINDOWS\system32\chcp.COM'
[2026-04-03 10:12:42Z INFO ProcessInvokerWrapper] Starting process:
[2026-04-03 10:12:42Z INFO ProcessInvokerWrapper]   File name: 'C:\WINDOWS\system32\chcp.COM'
[2026-04-03 10:12:42Z INFO ProcessInvokerWrapper]   Arguments: '65001'
[2026-04-03 10:12:42Z INFO ProcessInvokerWrapper]   Working directory: 'D:\코딩\mlops_sentiment_api\actions-runner\actions-runner\_work'
[2026-04-03 10:12:42Z INFO ProcessInvokerWrapper]   Require exit code zero: 'False'
[2026-04-03 10:12:42Z INFO ProcessInvokerWrapper]   Encoding web name:  ; code page: ''
[2026-04-03 10:12:42Z INFO ProcessInvokerWrapper]   Force kill process on cancellation: 'False'
[2026-04-03 10:12:42Z INFO ProcessInvokerWrapper]   Redirected STDIN: 'False'
[2026-04-03 10:12:42Z INFO ProcessInvokerWrapper]   Persist current code page: 'True'
[2026-04-03 10:12:42Z INFO ProcessInvokerWrapper]   Keep redirected STDIN open: 'False'
[2026-04-03 10:12:42Z INFO ProcessInvokerWrapper]   High priority process: 'False'
[2026-04-03 10:12:42Z INFO ProcessInvokerWrapper] Process started with process id 2864, waiting for process exit.
[2026-04-03 10:12:42Z INFO ProcessInvokerWrapper] STDOUT/STDERR stream read finished.
[2026-04-03 10:12:42Z INFO ProcessInvokerWrapper] STDOUT/STDERR stream read finished.
[2026-04-03 10:12:42Z INFO ProcessInvokerWrapper] Finished process 2864 with exit code 0, and elapsed time 00:00:00.0068958.
[2026-04-03 10:12:42Z INFO StepsRunner] Successfully returned to code page 65001 (UTF8)
[2026-04-03 10:12:42Z INFO HostContext] Well known directory 'Bin': 'D:\코딩\mlops_sentiment_api\actions-runner\actions-runner\bin'
[2026-04-03 10:12:42Z INFO HostContext] Well known directory 'Root': 'D:\코딩\mlops_sentiment_api\actions-runner\actions-runner'
[2026-04-03 10:12:42Z INFO HostContext] Well known directory 'Work': 'D:\코딩\mlops_sentiment_api\actions-runner\actions-runner\_work'
[2026-04-03 10:12:42Z INFO HostContext] Well known directory 'Temp': 'D:\코딩\mlops_sentiment_api\actions-runner\actions-runner\_work\_temp'
[2026-04-03 10:12:42Z INFO ExecutionContext] Write event payload to D:\코딩\mlops_sentiment_api\actions-runner\actions-runner\_work\_temp\_github_workflow\event.json
[2026-04-03 10:12:42Z INFO HostContext] Well known directory 'Bin': 'D:\코딩\mlops_sentiment_api\actions-runner\actions-runner\bin'
[2026-04-03 10:12:42Z INFO HostContext] Well known directory 'Root': 'D:\코딩\mlops_sentiment_api\actions-runner\actions-runner'
[2026-04-03 10:12:42Z INFO HostContext] Well known directory 'Work': 'D:\코딩\mlops_sentiment_api\actions-runner\actions-runner\_work'
[2026-04-03 10:12:42Z INFO HostContext] Well known directory 'Temp': 'D:\코딩\mlops_sentiment_api\actions-runner\actions-runner\_work\_temp'
[2026-04-03 10:12:42Z INFO ExtensionManager] Getting extensions for interface: 'GitHub.Runner.Worker.IFileCommandExtension'
[2026-04-03 10:12:42Z INFO ExtensionManager] Getting extensions for interface: 'GitHub.Runner.Worker.IActionCommandExtension'
[2026-04-03 10:12:42Z INFO ActionCommandManager] Register action command extension for command internal-set-repo-path
[2026-04-03 10:12:42Z INFO ActionCommandManager] Register action command extension for command set-env
[2026-04-03 10:12:42Z INFO ActionCommandManager] Register action command extension for command set-output
[2026-04-03 10:12:42Z INFO ActionCommandManager] Register action command extension for command save-state
[2026-04-03 10:12:42Z INFO ActionCommandManager] Register action command extension for command add-path
[2026-04-03 10:12:42Z INFO ActionCommandManager] Register action command extension for command add-mask
[2026-04-03 10:12:42Z INFO ActionCommandManager] Register action command extension for command add-matcher
[2026-04-03 10:12:42Z INFO ActionCommandManager] Register action command extension for command remove-matcher
[2026-04-03 10:12:42Z INFO ActionCommandManager] Register action command extension for command warning
[2026-04-03 10:12:42Z INFO ActionCommandManager] Register action command extension for command error
[2026-04-03 10:12:42Z INFO ActionCommandManager] Register action command extension for command notice
[2026-04-03 10:12:42Z INFO ActionCommandManager] Register action command extension for command debug
[2026-04-03 10:12:42Z INFO ActionCommandManager] Register action command extension for command group
[2026-04-03 10:12:42Z INFO ActionCommandManager] Register action command extension for command endgroup
[2026-04-03 10:12:42Z INFO ActionCommandManager] Register action command extension for command echo
[2026-04-03 10:12:42Z INFO ScriptHandler] Which2: 'pwsh'
[2026-04-03 10:12:42Z INFO JobServerQueue] Got a step log file to send to results service.
[2026-04-03 10:12:42Z INFO JobServerQueue] Starting upload of step log file to results service ResultsLog, D:\코딩\mlops_sentiment_api\actions-runner\actions-runner\_diag\blocks\8310c09e-84d5-4ab5-af9f-3ac27aa53184_6e81488e-39f0-4388-bdd8-357f3e3a7c3e.1
[2026-04-03 10:12:42Z INFO ScriptHandler] pwsh: command not found. Make sure 'pwsh' is installed and its location included in the 'Path' environment variable.
[2026-04-03 10:12:42Z INFO ScriptHandler] Defaulting to powershell
[2026-04-03 10:12:42Z INFO ScriptHandler] Which2: 'powershell'
[2026-04-03 10:12:42Z INFO ScriptHandler] Location: 'C:\WINDOWS\System32\WindowsPowerShell\v1.0\powershell.EXE'
[2026-04-03 10:12:42Z INFO HostContext] Well known directory 'Bin': 'D:\코딩\mlops_sentiment_api\actions-runner\actions-runner\bin'
[2026-04-03 10:12:42Z INFO HostContext] Well known directory 'Root': 'D:\코딩\mlops_sentiment_api\actions-runner\actions-runner'
[2026-04-03 10:12:42Z INFO HostContext] Well known directory 'Work': 'D:\코딩\mlops_sentiment_api\actions-runner\actions-runner\_work'
[2026-04-03 10:12:42Z INFO HostContext] Well known directory 'Temp': 'D:\코딩\mlops_sentiment_api\actions-runner\actions-runner\_work\_temp'
[2026-04-03 10:12:42Z INFO ScriptHandler] Which2: 'pwsh'
[2026-04-03 10:12:42Z INFO ScriptHandler] pwsh: command not found. Make sure 'pwsh' is installed and its location included in the 'Path' environment variable.
[2026-04-03 10:12:42Z INFO ScriptHandler] Defaulting to powershell
[2026-04-03 10:12:42Z INFO ScriptHandler] Which2: 'powershell'
[2026-04-03 10:12:42Z INFO ScriptHandler] Location: 'C:\WINDOWS\System32\WindowsPowerShell\v1.0\powershell.EXE'
[2026-04-03 10:12:42Z INFO ProcessInvokerWrapper] Starting process:
[2026-04-03 10:12:42Z INFO ProcessInvokerWrapper]   File name: 'C:\WINDOWS\System32\WindowsPowerShell\v1.0\powershell.EXE'
[2026-04-03 10:12:42Z INFO ProcessInvokerWrapper]   Arguments: '-command ". 'D:\코딩\mlops_sentiment_api\actions-runner\actions-runner\_work\_temp\c1d4ce84-4ef4-4ab0-bae4-fbb5555e75ea.ps1'"'
[2026-04-03 10:12:42Z INFO ProcessInvokerWrapper]   Working directory: 'D:\코딩\mlops_sentiment_api\actions-runner\actions-runner\_work\opensource-hw2\opensource-hw2'
[2026-04-03 10:12:42Z INFO ProcessInvokerWrapper]   Require exit code zero: 'False'
[2026-04-03 10:12:42Z INFO ProcessInvokerWrapper]   Encoding web name:  ; code page: ''
[2026-04-03 10:12:42Z INFO ProcessInvokerWrapper]   Force kill process on cancellation: 'False'
[2026-04-03 10:12:42Z INFO ProcessInvokerWrapper]   Redirected STDIN: 'False'
[2026-04-03 10:12:42Z INFO ProcessInvokerWrapper]   Persist current code page: 'True'
[2026-04-03 10:12:42Z INFO ProcessInvokerWrapper]   Keep redirected STDIN open: 'False'
[2026-04-03 10:12:42Z INFO ProcessInvokerWrapper]   High priority process: 'False'
[2026-04-03 10:12:42Z INFO ProcessInvokerWrapper] Process started with process id 15016, waiting for process exit.
[2026-04-03 10:12:42Z INFO ProcessInvokerWrapper] STDOUT/STDERR stream read finished.
[2026-04-03 10:12:42Z INFO ProcessInvokerWrapper] STDOUT/STDERR stream read finished.
[2026-04-03 10:12:42Z INFO ProcessInvokerWrapper] Finished process 15016 with exit code 1, and elapsed time 00:00:00.2318018.
[2026-04-03 10:12:42Z INFO CreateStepSummaryCommand] Step Summary file (D:\코딩\mlops_sentiment_api\actions-runner\actions-runner\_work\_temp\_runner_file_commands\step_summary_4b8aa584-c336-4f1e-a96f-d43f46c00925) is empty; skipping attachment upload
[2026-04-03 10:12:42Z INFO ExecutionContext] Updated step result (continue on error)
[2026-04-03 10:12:42Z INFO StepsRunner] Step result: Succeeded
[2026-04-03 10:12:42Z INFO ExecutionContext] Publish step telemetry for current step {
  "action": "powershell",
  "type": "run",
  "stage": "Main",
  "stepId": "d1c024d1-0f56-437d-9c17-52a84af45998",
  "stepContextName": "__run_3",
  "result": "succeeded",
  "errorMessages": [
    "Process completed with exit code 1."
  ],
  "executionTimeInSeconds": 1,
  "startTime": "2026-04-03T10:12:42.0667914Z",
  "finishTime": "2026-04-03T10:12:42.3180735Z"
}.
[2026-04-03 10:12:42Z INFO StepsRunner] No need for updating job result with current step result 'Succeeded'.
[2026-04-03 10:12:42Z INFO StepsRunner] Current state: job state = ''
[2026-04-03 10:12:42Z INFO StepsRunner] Processing step: DisplayName='Run new container'
[2026-04-03 10:12:42Z INFO StepsRunner] Evaluating: success()
[2026-04-03 10:12:42Z INFO StepsRunner] Result: true
[2026-04-03 10:12:42Z INFO StepsRunner] Starting the step.
[2026-04-03 10:12:42Z INFO HostContext] Well known directory 'Bin': 'D:\코딩\mlops_sentiment_api\actions-runner\actions-runner\bin'
[2026-04-03 10:12:42Z INFO HostContext] Well known directory 'Root': 'D:\코딩\mlops_sentiment_api\actions-runner\actions-runner'
[2026-04-03 10:12:42Z INFO HostContext] Well known directory 'Work': 'D:\코딩\mlops_sentiment_api\actions-runner\actions-runner\_work'
[2026-04-03 10:12:42Z INFO StepsRunner] Which2: 'chcp'
[2026-04-03 10:12:42Z INFO StepsRunner] Location: 'C:\WINDOWS\system32\chcp.COM'
[2026-04-03 10:12:42Z INFO ProcessInvokerWrapper] Starting process:
[2026-04-03 10:12:42Z INFO ProcessInvokerWrapper]   File name: 'C:\WINDOWS\system32\chcp.COM'
[2026-04-03 10:12:42Z INFO ProcessInvokerWrapper]   Arguments: '65001'
[2026-04-03 10:12:42Z INFO ProcessInvokerWrapper]   Working directory: 'D:\코딩\mlops_sentiment_api\actions-runner\actions-runner\_work'
[2026-04-03 10:12:42Z INFO ProcessInvokerWrapper]   Require exit code zero: 'False'
[2026-04-03 10:12:42Z INFO ProcessInvokerWrapper]   Encoding web name:  ; code page: ''
[2026-04-03 10:12:42Z INFO ProcessInvokerWrapper]   Force kill process on cancellation: 'False'
[2026-04-03 10:12:42Z INFO ProcessInvokerWrapper]   Redirected STDIN: 'False'
[2026-04-03 10:12:42Z INFO ProcessInvokerWrapper]   Persist current code page: 'True'
[2026-04-03 10:12:42Z INFO ProcessInvokerWrapper]   Keep redirected STDIN open: 'False'
[2026-04-03 10:12:42Z INFO ProcessInvokerWrapper]   High priority process: 'False'
[2026-04-03 10:12:42Z INFO ProcessInvokerWrapper] Process started with process id 2892, waiting for process exit.
[2026-04-03 10:12:42Z INFO ProcessInvokerWrapper] STDOUT/STDERR stream read finished.
[2026-04-03 10:12:42Z INFO ProcessInvokerWrapper] STDOUT/STDERR stream read finished.
[2026-04-03 10:12:42Z INFO ProcessInvokerWrapper] Finished process 2892 with exit code 0, and elapsed time 00:00:00.0057005.
[2026-04-03 10:12:42Z INFO StepsRunner] Successfully returned to code page 65001 (UTF8)
[2026-04-03 10:12:42Z INFO HostContext] Well known directory 'Bin': 'D:\코딩\mlops_sentiment_api\actions-runner\actions-runner\bin'
[2026-04-03 10:12:42Z INFO HostContext] Well known directory 'Root': 'D:\코딩\mlops_sentiment_api\actions-runner\actions-runner'
[2026-04-03 10:12:42Z INFO HostContext] Well known directory 'Work': 'D:\코딩\mlops_sentiment_api\actions-runner\actions-runner\_work'
[2026-04-03 10:12:42Z INFO HostContext] Well known directory 'Temp': 'D:\코딩\mlops_sentiment_api\actions-runner\actions-runner\_work\_temp'
[2026-04-03 10:12:42Z INFO ExecutionContext] Write event payload to D:\코딩\mlops_sentiment_api\actions-runner\actions-runner\_work\_temp\_github_workflow\event.json
[2026-04-03 10:12:42Z INFO HostContext] Well known directory 'Bin': 'D:\코딩\mlops_sentiment_api\actions-runner\actions-runner\bin'
[2026-04-03 10:12:42Z INFO HostContext] Well known directory 'Root': 'D:\코딩\mlops_sentiment_api\actions-runner\actions-runner'
[2026-04-03 10:12:42Z INFO HostContext] Well known directory 'Work': 'D:\코딩\mlops_sentiment_api\actions-runner\actions-runner\_work'
[2026-04-03 10:12:42Z INFO HostContext] Well known directory 'Temp': 'D:\코딩\mlops_sentiment_api\actions-runner\actions-runner\_work\_temp'
[2026-04-03 10:12:42Z INFO ExtensionManager] Getting extensions for interface: 'GitHub.Runner.Worker.IFileCommandExtension'
[2026-04-03 10:12:42Z INFO ExtensionManager] Getting extensions for interface: 'GitHub.Runner.Worker.IActionCommandExtension'
[2026-04-03 10:12:42Z INFO ActionCommandManager] Register action command extension for command internal-set-repo-path
[2026-04-03 10:12:42Z INFO ActionCommandManager] Register action command extension for command set-env
[2026-04-03 10:12:42Z INFO ActionCommandManager] Register action command extension for command set-output
[2026-04-03 10:12:42Z INFO ActionCommandManager] Register action command extension for command save-state
[2026-04-03 10:12:42Z INFO ActionCommandManager] Register action command extension for command add-path
[2026-04-03 10:12:42Z INFO ActionCommandManager] Register action command extension for command add-mask
[2026-04-03 10:12:42Z INFO ActionCommandManager] Register action command extension for command add-matcher
[2026-04-03 10:12:42Z INFO ActionCommandManager] Register action command extension for command remove-matcher
[2026-04-03 10:12:42Z INFO ActionCommandManager] Register action command extension for command warning
[2026-04-03 10:12:42Z INFO ActionCommandManager] Register action command extension for command error
[2026-04-03 10:12:42Z INFO ActionCommandManager] Register action command extension for command notice
[2026-04-03 10:12:42Z INFO ActionCommandManager] Register action command extension for command debug
[2026-04-03 10:12:42Z INFO ActionCommandManager] Register action command extension for command group
[2026-04-03 10:12:42Z INFO ActionCommandManager] Register action command extension for command endgroup
[2026-04-03 10:12:42Z INFO ActionCommandManager] Register action command extension for command echo
[2026-04-03 10:12:42Z INFO ScriptHandler] Which2: 'pwsh'
[2026-04-03 10:12:42Z INFO ScriptHandler] pwsh: command not found. Make sure 'pwsh' is installed and its location included in the 'Path' environment variable.
[2026-04-03 10:12:42Z INFO ScriptHandler] Defaulting to powershell
[2026-04-03 10:12:42Z INFO ScriptHandler] Which2: 'powershell'
[2026-04-03 10:12:42Z INFO ScriptHandler] Location: 'C:\WINDOWS\System32\WindowsPowerShell\v1.0\powershell.EXE'
[2026-04-03 10:12:42Z INFO HostContext] Well known directory 'Bin': 'D:\코딩\mlops_sentiment_api\actions-runner\actions-runner\bin'
[2026-04-03 10:12:42Z INFO HostContext] Well known directory 'Root': 'D:\코딩\mlops_sentiment_api\actions-runner\actions-runner'
[2026-04-03 10:12:42Z INFO HostContext] Well known directory 'Work': 'D:\코딩\mlops_sentiment_api\actions-runner\actions-runner\_work'
[2026-04-03 10:12:42Z INFO HostContext] Well known directory 'Temp': 'D:\코딩\mlops_sentiment_api\actions-runner\actions-runner\_work\_temp'
[2026-04-03 10:12:42Z INFO ScriptHandler] Which2: 'pwsh'
[2026-04-03 10:12:42Z INFO ScriptHandler] pwsh: command not found. Make sure 'pwsh' is installed and its location included in the 'Path' environment variable.
[2026-04-03 10:12:42Z INFO ScriptHandler] Defaulting to powershell
[2026-04-03 10:12:42Z INFO ScriptHandler] Which2: 'powershell'
[2026-04-03 10:12:42Z INFO ScriptHandler] Location: 'C:\WINDOWS\System32\WindowsPowerShell\v1.0\powershell.EXE'
[2026-04-03 10:12:42Z INFO ProcessInvokerWrapper] Starting process:
[2026-04-03 10:12:42Z INFO ProcessInvokerWrapper]   File name: 'C:\WINDOWS\System32\WindowsPowerShell\v1.0\powershell.EXE'
[2026-04-03 10:12:42Z INFO ProcessInvokerWrapper]   Arguments: '-command ". 'D:\코딩\mlops_sentiment_api\actions-runner\actions-runner\_work\_temp\2918c036-9a43-453b-a713-6e95ad44c4f2.ps1'"'
[2026-04-03 10:12:42Z INFO ProcessInvokerWrapper]   Working directory: 'D:\코딩\mlops_sentiment_api\actions-runner\actions-runner\_work\opensource-hw2\opensource-hw2'
[2026-04-03 10:12:42Z INFO ProcessInvokerWrapper]   Require exit code zero: 'False'
[2026-04-03 10:12:42Z INFO ProcessInvokerWrapper]   Encoding web name:  ; code page: ''
[2026-04-03 10:12:42Z INFO ProcessInvokerWrapper]   Force kill process on cancellation: 'False'
[2026-04-03 10:12:42Z INFO ProcessInvokerWrapper]   Redirected STDIN: 'False'
[2026-04-03 10:12:42Z INFO ProcessInvokerWrapper]   Persist current code page: 'True'
[2026-04-03 10:12:42Z INFO ProcessInvokerWrapper]   Keep redirected STDIN open: 'False'
[2026-04-03 10:12:42Z INFO ProcessInvokerWrapper]   High priority process: 'False'
[2026-04-03 10:12:42Z INFO ProcessInvokerWrapper] Process started with process id 25280, waiting for process exit.
[2026-04-03 10:12:42Z INFO JobServerQueue] Try to append 1 batches web console lines for record '27023135-4732-4a1c-a0f3-8fecb21c84db', success rate: 1/1.
[2026-04-03 10:12:42Z INFO JobServerQueue] Try to append 1 batches web console lines for record 'd1c024d1-0f56-437d-9c17-52a84af45998', success rate: 1/1.
[2026-04-03 10:12:42Z INFO JobServerQueue] Try to append 1 batches web console lines for record '3a8f1654-61eb-4f98-acf7-4e4745e0d8e4', success rate: 1/1.
[2026-04-03 10:12:42Z INFO JobServerQueue] Try to upload 3 log files or attachments, success rate: 3/3.
[2026-04-03 10:12:42Z INFO JobServerQueue] Try to append 1 batches web console lines for record '3a8f1654-61eb-4f98-acf7-4e4745e0d8e4', success rate: 1/1.
[2026-04-03 10:12:43Z INFO ProcessInvokerWrapper] STDOUT/STDERR stream read finished.
[2026-04-03 10:12:43Z INFO ProcessInvokerWrapper] STDOUT/STDERR stream read finished.
[2026-04-03 10:12:43Z INFO ProcessInvokerWrapper] Finished process 25280 with exit code 0, and elapsed time 00:00:00.8060494.
[2026-04-03 10:12:43Z INFO CreateStepSummaryCommand] Step Summary file (D:\코딩\mlops_sentiment_api\actions-runner\actions-runner\_work\_temp\_runner_file_commands\step_summary_7e790be5-444f-4b40-a599-cd89551355d0) is empty; skipping attachment upload
[2026-04-03 10:12:43Z INFO StepsRunner] Step result: 
[2026-04-03 10:12:43Z INFO ExecutionContext] Publish step telemetry for current step {
  "action": "powershell",
  "type": "run",
  "stage": "Main",
  "stepId": "3a8f1654-61eb-4f98-acf7-4e4745e0d8e4",
  "stepContextName": "__run_4",
  "result": "succeeded",
  "errorMessages": [],
  "executionTimeInSeconds": 1,
  "startTime": "2026-04-03T10:12:42.3188279Z",
  "finishTime": "2026-04-03T10:12:43.1433449Z"
}.
[2026-04-03 10:12:43Z INFO StepsRunner] No need for updating job result with current step result 'Succeeded'.
[2026-04-03 10:12:43Z INFO StepsRunner] Current state: job state = ''
[2026-04-03 10:12:43Z INFO StepsRunner] Processing step: DisplayName='Post Log in to Docker Hub'
[2026-04-03 10:12:43Z INFO StepsRunner] Evaluating: always()
[2026-04-03 10:12:43Z INFO StepsRunner] Result: true
[2026-04-03 10:12:43Z INFO StepsRunner] Starting the step.
[2026-04-03 10:12:43Z INFO HostContext] Well known directory 'Bin': 'D:\코딩\mlops_sentiment_api\actions-runner\actions-runner\bin'
[2026-04-03 10:12:43Z INFO HostContext] Well known directory 'Root': 'D:\코딩\mlops_sentiment_api\actions-runner\actions-runner'
[2026-04-03 10:12:43Z INFO HostContext] Well known directory 'Work': 'D:\코딩\mlops_sentiment_api\actions-runner\actions-runner\_work'
[2026-04-03 10:12:43Z INFO StepsRunner] Which2: 'chcp'
[2026-04-03 10:12:43Z INFO StepsRunner] Location: 'C:\WINDOWS\system32\chcp.COM'
[2026-04-03 10:12:43Z INFO ProcessInvokerWrapper] Starting process:
[2026-04-03 10:12:43Z INFO ProcessInvokerWrapper]   File name: 'C:\WINDOWS\system32\chcp.COM'
[2026-04-03 10:12:43Z INFO ProcessInvokerWrapper]   Arguments: '65001'
[2026-04-03 10:12:43Z INFO ProcessInvokerWrapper]   Working directory: 'D:\코딩\mlops_sentiment_api\actions-runner\actions-runner\_work'
[2026-04-03 10:12:43Z INFO ProcessInvokerWrapper]   Require exit code zero: 'False'
[2026-04-03 10:12:43Z INFO ProcessInvokerWrapper]   Encoding web name:  ; code page: ''
[2026-04-03 10:12:43Z INFO ProcessInvokerWrapper]   Force kill process on cancellation: 'False'
[2026-04-03 10:12:43Z INFO ProcessInvokerWrapper]   Redirected STDIN: 'False'
[2026-04-03 10:12:43Z INFO ProcessInvokerWrapper]   Persist current code page: 'True'
[2026-04-03 10:12:43Z INFO ProcessInvokerWrapper]   Keep redirected STDIN open: 'False'
[2026-04-03 10:12:43Z INFO ProcessInvokerWrapper]   High priority process: 'False'
[2026-04-03 10:12:43Z INFO ProcessInvokerWrapper] Process started with process id 10888, waiting for process exit.
[2026-04-03 10:12:43Z INFO ProcessInvokerWrapper] STDOUT/STDERR stream read finished.
[2026-04-03 10:12:43Z INFO ProcessInvokerWrapper] STDOUT/STDERR stream read finished.
[2026-04-03 10:12:43Z INFO ProcessInvokerWrapper] Finished process 10888 with exit code 0, and elapsed time 00:00:00.0106967.
[2026-04-03 10:12:43Z INFO StepsRunner] Successfully returned to code page 65001 (UTF8)
[2026-04-03 10:12:43Z INFO HostContext] Well known directory 'Bin': 'D:\코딩\mlops_sentiment_api\actions-runner\actions-runner\bin'
[2026-04-03 10:12:43Z INFO HostContext] Well known directory 'Root': 'D:\코딩\mlops_sentiment_api\actions-runner\actions-runner'
[2026-04-03 10:12:43Z INFO HostContext] Well known directory 'Work': 'D:\코딩\mlops_sentiment_api\actions-runner\actions-runner\_work'
[2026-04-03 10:12:43Z INFO HostContext] Well known directory 'Actions': 'D:\코딩\mlops_sentiment_api\actions-runner\actions-runner\_work\_actions'
[2026-04-03 10:12:43Z INFO ActionManager] Load action that reference repository from 'D:\코딩\mlops_sentiment_api\actions-runner\actions-runner\_work\_actions\docker\login-action\v3'
[2026-04-03 10:12:43Z INFO HostContext] Well known directory 'Bin': 'D:\코딩\mlops_sentiment_api\actions-runner\actions-runner\bin'
[2026-04-03 10:12:43Z INFO HostContext] Well known directory 'Root': 'D:\코딩\mlops_sentiment_api\actions-runner\actions-runner'
[2026-04-03 10:12:43Z INFO HostContext] Well known directory 'Work': 'D:\코딩\mlops_sentiment_api\actions-runner\actions-runner\_work'
[2026-04-03 10:12:43Z INFO HostContext] Well known directory 'Actions': 'D:\코딩\mlops_sentiment_api\actions-runner\actions-runner\_work\_actions'
[2026-04-03 10:12:43Z INFO ActionManifestManagerLegacy] Ignore action property author.
[2026-04-03 10:12:43Z INFO ActionManifestManagerLegacy] Ignore action property branding.
[2026-04-03 10:12:43Z INFO ActionManifestManagerLegacy] Loaded action.yml file: {
  "name": "Docker Login",
  "description": "GitHub Action to login against a Docker registry",
  "inputs": {
    "type": 2,
    "map": [
      {
        "key": {
          "type": 0,
          "file": 2,
          "line": 10,
          "col": 3,
          "lit": "registry"
        },
        "value": ""
      },
      {
        "key": {
          "type": 0,
          "file": 2,
          "line": 13,
          "col": 3,
          "lit": "username"
        },
        "value": ""
      },
      {
        "key": {
          "type": 0,
          "file": 2,
          "line": 16,
          "col": 3,
          "lit": "password"
        },
        "value": ""
      },
      {
        "key": {
          "type": 0,
          "file": 2,
          "line": 19,
          "col": 3,
          "lit": "ecr"
        },
        "value": ""
      },
      {
        "key": {
          "type": 0,
          "file": 2,
          "line": 22,
          "col": 3,
          "lit": "scope"
        },
        "value": ""
      },
      {
        "key": {
          "type": 0,
          "file": 2,
          "line": 25,
          "col": 3,
          "lit": "logout"
        },
        "value": {
          "type": 0,
          "file": 2,
          "line": 27,
          "col": 14,
          "lit": "true"
        }
      },
      {
        "key": {
          "type": 0,
          "file": 2,
          "line": 29,
          "col": 3,
          "lit": "registry-auth"
        },
        "value": ""
      }
    ]
  },
  "execution": {
    "executionType": "nodeJS",
    "hasPre": false,
    "hasPost": true,
    "script": "dist/index.js",
    "pre": null,
    "post": "dist/index.js",
    "nodeVersion": "node20",
    "cleanupCondition": "always()",
    "initCondition": "always()"
  },
  "deprecated": null
}
[2026-04-03 10:12:43Z INFO ActionManager] Action pre node.js file: N/A.
[2026-04-03 10:12:43Z INFO ActionManager] Action node.js file: dist/index.js.
[2026-04-03 10:12:43Z INFO ActionManager] Action post node.js file: dist/index.js.
[2026-04-03 10:12:43Z INFO HostContext] Well known directory 'Bin': 'D:\코딩\mlops_sentiment_api\actions-runner\actions-runner\bin'
[2026-04-03 10:12:43Z INFO HostContext] Well known directory 'Root': 'D:\코딩\mlops_sentiment_api\actions-runner\actions-runner'
[2026-04-03 10:12:43Z INFO HostContext] Well known directory 'Work': 'D:\코딩\mlops_sentiment_api\actions-runner\actions-runner\_work'
[2026-04-03 10:12:43Z INFO HostContext] Well known directory 'Temp': 'D:\코딩\mlops_sentiment_api\actions-runner\actions-runner\_work\_temp'
[2026-04-03 10:12:43Z INFO ExecutionContext] Write event payload to D:\코딩\mlops_sentiment_api\actions-runner\actions-runner\_work\_temp\_github_workflow\event.json
[2026-04-03 10:12:43Z INFO HostContext] Well known directory 'Bin': 'D:\코딩\mlops_sentiment_api\actions-runner\actions-runner\bin'
[2026-04-03 10:12:43Z INFO HostContext] Well known directory 'Root': 'D:\코딩\mlops_sentiment_api\actions-runner\actions-runner'
[2026-04-03 10:12:43Z INFO HostContext] Well known directory 'Work': 'D:\코딩\mlops_sentiment_api\actions-runner\actions-runner\_work'
[2026-04-03 10:12:43Z INFO HostContext] Well known directory 'Temp': 'D:\코딩\mlops_sentiment_api\actions-runner\actions-runner\_work\_temp'
[2026-04-03 10:12:43Z INFO ExtensionManager] Getting extensions for interface: 'GitHub.Runner.Worker.IFileCommandExtension'
[2026-04-03 10:12:43Z INFO ActionManifestManagerLegacy] Input 'registry': default value evaluate result: ""
[2026-04-03 10:12:43Z INFO ActionManifestManagerLegacy] Input 'ecr': default value evaluate result: ""
[2026-04-03 10:12:43Z INFO ActionManifestManagerLegacy] Input 'scope': default value evaluate result: ""
[2026-04-03 10:12:43Z INFO ActionManifestManagerLegacy] Input 'logout': default value evaluate result: {
  "type": 0,
  "file": 2,
  "line": 27,
  "col": 14,
  "lit": "true"
}
[2026-04-03 10:12:43Z INFO ActionManifestManagerLegacy] Input 'registry-auth': default value evaluate result: ""
[2026-04-03 10:12:43Z INFO ExtensionManager] Getting extensions for interface: 'GitHub.Runner.Worker.IActionCommandExtension'
[2026-04-03 10:12:43Z INFO ActionCommandManager] Register action command extension for command internal-set-repo-path
[2026-04-03 10:12:43Z INFO ActionCommandManager] Register action command extension for command set-env
[2026-04-03 10:12:43Z INFO ActionCommandManager] Register action command extension for command set-output
[2026-04-03 10:12:43Z INFO ActionCommandManager] Register action command extension for command save-state
[2026-04-03 10:12:43Z INFO ActionCommandManager] Register action command extension for command add-path
[2026-04-03 10:12:43Z INFO ActionCommandManager] Register action command extension for command add-mask
[2026-04-03 10:12:43Z INFO ActionCommandManager] Register action command extension for command add-matcher
[2026-04-03 10:12:43Z INFO ActionCommandManager] Register action command extension for command remove-matcher
[2026-04-03 10:12:43Z INFO ActionCommandManager] Register action command extension for command warning
[2026-04-03 10:12:43Z INFO ActionCommandManager] Register action command extension for command error
[2026-04-03 10:12:43Z INFO ActionCommandManager] Register action command extension for command notice
[2026-04-03 10:12:43Z INFO ActionCommandManager] Register action command extension for command debug
[2026-04-03 10:12:43Z INFO ActionCommandManager] Register action command extension for command group
[2026-04-03 10:12:43Z INFO ActionCommandManager] Register action command extension for command endgroup
[2026-04-03 10:12:43Z INFO ActionCommandManager] Register action command extension for command echo
[2026-04-03 10:12:43Z INFO HostContext] Well known directory 'Bin': 'D:\코딩\mlops_sentiment_api\actions-runner\actions-runner\bin'
[2026-04-03 10:12:43Z INFO HostContext] Well known directory 'Root': 'D:\코딩\mlops_sentiment_api\actions-runner\actions-runner'
[2026-04-03 10:12:43Z INFO HostContext] Well known directory 'Externals': 'D:\코딩\mlops_sentiment_api\actions-runner\actions-runner\externals'
[2026-04-03 10:12:43Z INFO ProcessInvokerWrapper] Starting process:
[2026-04-03 10:12:43Z INFO ProcessInvokerWrapper]   File name: 'D:\코딩\mlops_sentiment_api\actions-runner\actions-runner\externals\node20\bin\node.exe'
[2026-04-03 10:12:43Z INFO ProcessInvokerWrapper]   Arguments: '"D:\코딩\mlops_sentiment_api\actions-runner\actions-runner\_work\_actions\docker\login-action\v3\dist/index.js"'
[2026-04-03 10:12:43Z INFO ProcessInvokerWrapper]   Working directory: 'D:\코딩\mlops_sentiment_api\actions-runner\actions-runner\_work\opensource-hw2\opensource-hw2'
[2026-04-03 10:12:43Z INFO ProcessInvokerWrapper]   Require exit code zero: 'False'
[2026-04-03 10:12:43Z INFO ProcessInvokerWrapper]   Encoding web name: utf-8 ; code page: '65001'
[2026-04-03 10:12:43Z INFO ProcessInvokerWrapper]   Force kill process on cancellation: 'False'
[2026-04-03 10:12:43Z INFO ProcessInvokerWrapper]   Redirected STDIN: 'False'
[2026-04-03 10:12:43Z INFO ProcessInvokerWrapper]   Persist current code page: 'True'
[2026-04-03 10:12:43Z INFO ProcessInvokerWrapper]   Keep redirected STDIN open: 'False'
[2026-04-03 10:12:43Z INFO ProcessInvokerWrapper]   High priority process: 'False'
[2026-04-03 10:12:43Z INFO ProcessInvokerWrapper] Process started with process id 13736, waiting for process exit.
[2026-04-03 10:12:43Z INFO JobServerQueue] Try to append 1 batches web console lines for record '88f17eb0-ef2c-4326-92f9-1fc160380008', success rate: 1/1.
[2026-04-03 10:12:43Z INFO JobServerQueue] Got a step log file to send to results service.
[2026-04-03 10:12:43Z INFO JobServerQueue] Starting upload of step log file to results service ResultsLog, D:\코딩\mlops_sentiment_api\actions-runner\actions-runner\_diag\blocks\8310c09e-84d5-4ab5-af9f-3ac27aa53184_27023135-4732-4a1c-a0f3-8fecb21c84db.1
[2026-04-03 10:12:43Z INFO JobServerQueue] Try to upload 1 log files or attachments, success rate: 1/1.
[2026-04-03 10:12:43Z INFO JobServerQueue] Try to append 1 batches web console lines for record '88f17eb0-ef2c-4326-92f9-1fc160380008', success rate: 1/1.
[2026-04-03 10:12:44Z INFO JobServerQueue] Tried to upload 2 file(s) to results, success rate: 2/2.
[2026-04-03 10:12:45Z INFO JobServerQueue] Got a step log file to send to results service.
[2026-04-03 10:12:45Z INFO JobServerQueue] Starting upload of step log file to results service ResultsLog, D:\코딩\mlops_sentiment_api\actions-runner\actions-runner\_diag\blocks\8310c09e-84d5-4ab5-af9f-3ac27aa53184_d1c024d1-0f56-437d-9c17-52a84af45998.1
[2026-04-03 10:12:45Z INFO JobServerQueue] Got a step log file to send to results service.
[2026-04-03 10:12:45Z INFO JobServerQueue] Starting upload of step log file to results service ResultsLog, D:\코딩\mlops_sentiment_api\actions-runner\actions-runner\_diag\blocks\8310c09e-84d5-4ab5-af9f-3ac27aa53184_3a8f1654-61eb-4f98-acf7-4e4745e0d8e4.1
[2026-04-03 10:12:46Z INFO JobServerQueue] Tried to upload 2 file(s) to results, success rate: 2/2.
[2026-04-03 10:12:47Z INFO ProcessInvokerWrapper] STDOUT/STDERR stream read finished.
[2026-04-03 10:12:47Z INFO ProcessInvokerWrapper] STDOUT/STDERR stream read finished.
[2026-04-03 10:12:47Z INFO ProcessInvokerWrapper] Finished process 13736 with exit code 0, and elapsed time 00:00:04.3085822.
[2026-04-03 10:12:47Z INFO CreateStepSummaryCommand] Step Summary file (D:\코딩\mlops_sentiment_api\actions-runner\actions-runner\_work\_temp\_runner_file_commands\step_summary_466c5300-1ccb-4256-a302-72243ec23863) is empty; skipping attachment upload
[2026-04-03 10:12:47Z INFO StepsRunner] Step result: 
[2026-04-03 10:12:47Z INFO ExecutionContext] Publish step telemetry for current step {
  "action": "docker/login-action",
  "ref": "v3",
  "type": "node20",
  "stage": "Post",
  "stepId": "88f17eb0-ef2c-4326-92f9-1fc160380008",
  "result": "succeeded",
  "errorMessages": [],
  "executionTimeInSeconds": 5,
  "startTime": "2026-04-03T10:12:43.1443307Z",
  "finishTime": "2026-04-03T10:12:47.4713594Z"
}.
[2026-04-03 10:12:47Z INFO JobServerQueue] Try to append 1 batches web console lines for record '88f17eb0-ef2c-4326-92f9-1fc160380008', success rate: 1/1.
[2026-04-03 10:12:47Z INFO StepsRunner] No need for updating job result with current step result 'Succeeded'.
[2026-04-03 10:12:47Z INFO StepsRunner] Current state: job state = ''
[2026-04-03 10:12:47Z INFO JobRunner] Finalize job.
[2026-04-03 10:12:47Z INFO HostContext] Well known directory 'Bin': 'D:\코딩\mlops_sentiment_api\actions-runner\actions-runner\bin'
[2026-04-03 10:12:47Z INFO HostContext] Well known directory 'Root': 'D:\코딩\mlops_sentiment_api\actions-runner\actions-runner'
[2026-04-03 10:12:47Z INFO HostContext] Well known directory 'Diag': 'D:\코딩\mlops_sentiment_api\actions-runner\actions-runner\_diag'
[2026-04-03 10:12:47Z INFO HostContext] Well known directory 'Bin': 'D:\코딩\mlops_sentiment_api\actions-runner\actions-runner\bin'
[2026-04-03 10:12:47Z INFO HostContext] Well known directory 'Root': 'D:\코딩\mlops_sentiment_api\actions-runner\actions-runner'
[2026-04-03 10:12:47Z INFO HostContext] Well known directory 'Diag': 'D:\코딩\mlops_sentiment_api\actions-runner\actions-runner\_diag'
[2026-04-03 10:12:47Z INFO JobExtension] Initialize Env context
[2026-04-03 10:12:47Z INFO JobExtension] Initialize steps context
[2026-04-03 10:12:47Z INFO JobExtension] Total accessible running process: 383.
[2026-04-03 10:12:47Z INFO JobExtension] Inspecting process environment variables. PID: 6924 (svchost)
[2026-04-03 10:12:47Z INFO JobExtension] Inspecting process environment variables. PID: 26400 (dllhost)
[2026-04-03 10:12:47Z INFO JobExtension] Inspecting process environment variables. PID: 29964 (docker-model)
[2026-04-03 10:12:47Z INFO JobExtension] Inspecting process environment variables. PID: 9412 (docker-sbom)
[2026-04-03 10:12:47Z INFO JobExtension] Inspecting process environment variables. PID: 15280 (docker-ai)
[2026-04-03 10:12:47Z INFO JobExtension] Inspecting process environment variables. PID: 30244 (docker-dhi)
[2026-04-03 10:12:47Z INFO JobExtension] Inspecting process environment variables. PID: 9376 (docker-mcp)
[2026-04-03 10:12:47Z INFO JobExtension] Inspecting process environment variables. PID: 9244 (docker-offload)
[2026-04-03 10:12:47Z INFO JobExtension] Inspecting process environment variables. PID: 13308 (docker-pass)
[2026-04-03 10:12:47Z INFO JobExtension] Inspecting process environment variables. PID: 3324 (docker-desktop)
[2026-04-03 10:12:47Z INFO JobExtension] Inspecting process environment variables. PID: 16044 (docker-debug)
[2026-04-03 10:12:47Z INFO JobExtension] Inspecting process environment variables. PID: 23740 (docker-scout)
[2026-04-03 10:12:47Z INFO JobExtension] Inspecting process environment variables. PID: 25964 (docker-extension)
[2026-04-03 10:12:47Z INFO JobExtension] Inspecting process environment variables. PID: 29308 (docker-buildx)
[2026-04-03 10:12:47Z INFO JobExtension] Inspecting process environment variables. PID: 13008 (docker-compose)
[2026-04-03 10:12:47Z INFO JobExtension] Inspecting process environment variables. PID: 29868 (docker-agent)
[2026-04-03 10:12:47Z INFO JobExtension] Inspecting process environment variables. PID: 1716 (docker-init)
[2026-04-03 10:12:47Z INFO JobExtension] Inspecting process environment variables. PID: 29192 (docker-sandbox)
[2026-04-03 10:12:47Z INFO JobExtension] Wait for all connectivity checks to finish.
[2026-04-03 10:12:47Z INFO JobExtension] Connectivity check result: GitHub.Runner.Worker.JobExtension+CheckResult
[2026-04-03 10:12:47Z INFO JobExtension] Connectivity check result: GitHub.Runner.Worker.JobExtension+CheckResult
[2026-04-03 10:12:47Z INFO JobExtension] Connectivity check result: GitHub.Runner.Worker.JobExtension+CheckResult
[2026-04-03 10:12:47Z INFO ExecutionContext] Publish step telemetry for current step {
  "action": "complete_job",
  "type": "runner",
  "stage": "Post",
  "stepId": "f1708fa4-9c3d-4f2e-b35c-d45ec9c859f6",
  "result": "succeeded",
  "errorMessages": [
    "Node.js 20 actions are deprecated. The following actions are running on Node.js 20 and may not work as expected: docker/login-action@v3. Actions will be forced to run with Node.js 24 by default starting June 2nd, 2026. Node.js 20 will be removed from the r"
  ],
  "executionTimeInSeconds": 1,
  "startTime": "2026-04-03T10:12:47.4753798Z",
  "finishTime": "2026-04-03T10:12:47.5210817Z"
}.
[2026-04-03 10:12:47Z INFO JobRunner] Job result after all job steps finish: Succeeded
[2026-04-03 10:12:47Z INFO JobRunner] Completing the job execution context.
[2026-04-03 10:12:47Z INFO JobRunner] Shutting down the job server queue.
[2026-04-03 10:12:47Z INFO JobServerQueue] Fire signal to shutdown all queues.
[2026-04-03 10:12:48Z INFO JobServerQueue] All queue process task stopped.
[2026-04-03 10:12:48Z INFO JobServerQueue] Try to append 1 batches web console lines for record 'f1708fa4-9c3d-4f2e-b35c-d45ec9c859f6', success rate: 1/1.
[2026-04-03 10:12:48Z INFO JobServerQueue] Web console line queue drained.
[2026-04-03 10:12:48Z INFO JobServerQueue] Uploading 3 files in one shot.
[2026-04-03 10:12:48Z INFO JobServerQueue] Try to upload 3 log files or attachments, success rate: 3/3.
[2026-04-03 10:12:48Z INFO JobServerQueue] File upload queue drained.
[2026-04-03 10:12:48Z INFO JobServerQueue] Starting results-based upload queue...
[2026-04-03 10:12:48Z INFO JobServerQueue] Uploading 3 file(s) in one shot through results service.
[2026-04-03 10:12:48Z INFO JobServerQueue] Got a step log file to send to results service.
[2026-04-03 10:12:48Z INFO JobServerQueue] Starting upload of step log file to results service ResultsLog, D:\코딩\mlops_sentiment_api\actions-runner\actions-runner\_diag\blocks\8310c09e-84d5-4ab5-af9f-3ac27aa53184_88f17eb0-ef2c-4326-92f9-1fc160380008.1
[2026-04-03 10:12:49Z INFO JobServerQueue] Got a step log file to send to results service.
[2026-04-03 10:12:49Z INFO JobServerQueue] Starting upload of step log file to results service ResultsLog, D:\코딩\mlops_sentiment_api\actions-runner\actions-runner\_diag\blocks\8310c09e-84d5-4ab5-af9f-3ac27aa53184_f1708fa4-9c3d-4f2e-b35c-d45ec9c859f6.1
[2026-04-03 10:12:49Z INFO JobServerQueue] Got a job log file to send to results service.
[2026-04-03 10:12:49Z INFO JobServerQueue] Starting upload of job log file to results service ResultsLog, D:\코딩\mlops_sentiment_api\actions-runner\actions-runner\_diag\blocks\8310c09e-84d5-4ab5-af9f-3ac27aa53184_63fa480c-03dd-5706-b2e4-0aa4fb6635eb.1
[2026-04-03 10:12:50Z INFO JobServerQueue] Tried to upload 3 file(s) to results, success rate: 3/3.
[2026-04-03 10:12:50Z INFO JobServerQueue] Results upload queue drained.
[2026-04-03 10:12:50Z INFO JobServerQueue] Timeline update queue drained.
[2026-04-03 10:12:50Z INFO JobServerQueue] Disposing job server ...
[2026-04-03 10:12:50Z INFO JobServerQueue] Disposing results server ...
[2026-04-03 10:12:50Z INFO JobServerQueue] All queue process tasks have been stopped, and all queues are drained.
[2026-04-03 10:12:50Z INFO TempDirectoryManager] Cleaning runner temp folder: D:\코딩\mlops_sentiment_api\actions-runner\actions-runner\_work\_temp
[2026-04-03 10:12:50Z INFO HostContext] Well known directory 'Bin': 'D:\코딩\mlops_sentiment_api\actions-runner\actions-runner\bin'
[2026-04-03 10:12:50Z INFO HostContext] Well known directory 'Root': 'D:\코딩\mlops_sentiment_api\actions-runner\actions-runner'
[2026-04-03 10:12:50Z INFO HostContext] Well known directory 'Diag': 'D:\코딩\mlops_sentiment_api\actions-runner\actions-runner\_diag'
[2026-04-03 10:12:50Z INFO HostContext] Well known config file 'Telemetry': 'D:\코딩\mlops_sentiment_api\actions-runner\actions-runner\_diag\.telemetry'
[2026-04-03 10:12:50Z INFO JobRunner] Raising job completed against run service
[2026-04-03 10:12:51Z INFO Worker] Job completed.
